fecha_actualizacion,2,3,7,10
2025-04-01T00:20:02,1226256.2143,1063878.1739,2396021.0441,1646593.0604
2025-04-01T01:16:52,1209818.3291,1035224.1136,2281313.2707,1511231.7055
2025-04-01T02:24:13,1185773.1817,988780.6814,2184001.5256,1477876.6256
2025-04-01T03:17:05,1172509.3922,979135.9643999999,2164351.9646,1488233.5207
2025-04-01T04:21:57,1157014.364,974159.7547,2085961.878,1474158.6445
2025-04-01T05:18:20,1142014.676,955556.4362,2081582.0965,1451933.3977
2025-04-01T06:17:56,1127542.3506,881291.0137,2061970.0388,1383554.2285
2025-04-01T07:14:08,1092234.0603,891137.6725,2047460.9132,1196657.4441
2025-04-01T08:33:28,1204347.2935,903869.5811,2318526.3841,1345740.6366
2025-04-01T09:27:12,1241153.8458,979392.2537,2436513.6199,1456066.2859
2025-04-01T10:16:53,1444420.3492,962668.3721,2616552.1905,1517309.37
2025-04-01T11:17:57,1502327.2945,987562.5734,2707352.3387,1494627.977
2025-04-01T12:19:40,1607837.5346000001,974389.9448,3039787.0619,1482477.2625
2025-04-01T13:16:15,1557009.79,988318.1086,3095325.5493,1468031.8477
2025-04-01T14:21:25,1461935.4661,961156.8154,3049701.0883,1580562.2045
2025-04-01T15:13:37,1421263.4783,920790.0271,2984005.9564,1540887.8186
2025-04-01T16:18:29,1366711.1857,970755.8146,2849175.7508,1551669.8013
2025-04-01T17:15:39,1399424.4039,1034991.9484,2912456.6541,1746263.6554999999
2025-04-01T18:15:51,1458232.6043,1002943.4556,2880478.4819,1908010.0678
2025-04-01T19:15:56,1572940.6122,984403.3007,3043327.0947,1934973.8418
2025-04-01T21:14:11,1452627.2678,1036385.3184999999,2799309.1589,1987361.175
2025-04-01T22:59:43,1397884.9942,1014330.6106,2679388.3529,1949178.3923
2025-04-01T23:37:43,1378461.0758,1009565.7181,2627783.9625,1920197.6345
2025-04-02T00:21:14,1369720.2726,1015053.8964,2607631.2902,1887266.4605999999
2025-04-02T01:18:19,1359401.7414,1018314.7508,2577597.5431,1869776.4031
2025-04-02T02:23:03,1347075.8131,1057904.2245,2563402.807,1857188.2259
2025-04-02T03:16:35,1335508.0971,1056742.8959000001,2545768.9541,1875099.7346
2025-04-02T04:21:58,1334224.7178,1055203.0368000001,2549481.5664,1856987.1621
2025-04-02T05:18:18,1328135.7178,1051437.1975,2460451.9584,1848879.4143
2025-04-02T06:17:46,1277955.9268,1046948.2112,2414467.9946,1842087.8165
2025-04-02T07:14:02,1194869.4883,1060828.0052,2306901.4699,1778920.0592
2025-04-02T08:32:46,1167539.2956,1003500.9324,2775542.1067,1978850.1966
2025-04-02T09:26:25,1331536.9089,983255.2343,3005730.8349,1919622.7227
2025-04-02T10:16:04,1536382.9845,1058074.9647,3223998.4973,1948465.1208
2025-04-02T11:17:32,1569852.7036000001,1093432.2383,3224960.936,2015079.572
2025-04-02T12:20:57,1596296.7361,1091465.4109,3181183.2636,2087648.6541
2025-04-02T13:15:41,1458832.3441,1093219.6673,3152020.7344,2025353.5221
2025-04-02T14:22:10,1444041.3736999999,1087322.1782,3227127.263,1849078.1494
2025-04-02T15:13:35,1476229.0528,1144972.3572,3085565.7906,1797730.4336
2025-04-02T16:18:15,1413492.8812,1191095.5745,3104996.9137,1834579.3318999999
2025-04-02T17:15:13,1397309.2121000001,1178356.3836,3057198.6809,1885396.4134
2025-04-02T18:15:28,1465169.0015,1213918.9862,2978777.8994,1815086.0297
2025-04-02T19:15:11,1423775.6508,1199459.7575,2884055.737,1775215.8742
2025-04-02T21:13:21,1339805.8082,1233270.4339,2788000.1733,1654003.5161
2025-04-02T22:59:23,1329019.3618,1202642.3513,2680568.9799,1638453.7769
2025-04-02T23:35:05,1325284.1609,1194329.6405,2670233.8261,1614967.3205
2025-04-03T00:20:39,1313902.5733,1199282.7459,2702509.2497,1600713.9732000001
2025-04-03T01:16:32,1303362.0225,1193293.6821,2643945.4441,1589448.8894
2025-04-03T02:23:39,1302155.6097,1189558.3674,2586443.6456,1566391.0486
2025-04-03T03:16:31,1283998.0557,1183062.437,2552515.4544,1606154.2488
2025-04-03T04:21:20,1286734.8411,1179978.0399,2486147.0402,1622857.4782
2025-04-03T05:17:48,1314196.9075,1175376.1799,2508100.7002,1632555.2809
2025-04-03T06:17:29,1299204.5911,1157940.5925,18490562.8178,1692851.3876
2025-04-03T07:15:02,1199035.614,1090191.4271,18568184.4687,1658246.4954
2025-04-03T08:31:58,1295822.3531,1101313.1906,19101373.9128,1771019.311
2025-04-03T09:26:06,1501742.571,1143265.7088,19380584.5027,1742134.2623
2025-04-03T10:16:17,1627202.6851,1187422.8287,19541931.004,1890886.1101
2025-04-03T11:15:41,1763641.5911,1163804.0217,19761694.377,1961347.9135
2025-04-03T12:19:55,1602779.9959,1165805.709,19729728.5638,1823895.9352
2025-04-03T13:14:54,1583358.6717,1206204.7777,19582385.322,1779046.7269
2025-04-03T14:21:59,1619917.5632,1234069.8463,19491506.0567,1738165.2199
2025-04-03T15:13:47,1664505.986,1343526.8393,19451686.5117,1660860.6934
2025-04-03T16:18:44,1635869.3204,1377949.7057,19448584.7239,1684855.5448
2025-04-03T17:15:14,1557447.5446,1371762.157,19563122.746,1732120.4947
2025-04-03T18:15:06,1509503.8933,1250806.3103,19404074.3959,1701237.2394
2025-04-03T19:17:24,1439244.0779,1239507.7186,19193972.5112,1744455.4589
2025-04-03T21:13:46,1316348.1281,1223167.7145,19030168.246400002,1125735.8133999999
2025-04-03T22:58:08,1409444.0854,1195200.0617,18886868.6518,1717833.7069
2025-04-03T23:32:57,1421083.4401,1188384.9629,18839648.4938,1722405.5515
2025-04-04T00:19:28,1337356.9173,1132385.8084,18830997.8098,1663775.7088
2025-04-04T01:16:58,1298153.5084,1127916.186,18749058.6889,1451826.7345
2025-04-04T02:22:38,1322482.6750999999,1118330.2012,18703601.423699997,1359565.9144
2025-04-04T03:16:29,1306796.866,1116438.0335,18692343.2225,1386270.484
2025-04-04T04:21:19,1298039.2239,1113533.7733,18752617.6455,1404203.1565999999
2025-04-04T05:17:58,1290744.7894,1108627.6109,18764536.5134,1463531.7996
2025-04-04T06:19:32,1301178.3395,1125260.3809,2713557.4932,1441550.447
2025-04-04T07:14:50,1329027.747,1106563.6049,2853284.1262,1421350.5242
2025-04-04T08:31:18,1469177.0571,1132430.8221,3337520.778,1557069.4198
2025-04-04T09:25:19,1423514.9976,1105493.0887,3318896.4311,1512182.8933
2025-04-04T10:15:44,1426594.292,1137423.4409,3363728.4294,1597493.4407
2025-04-04T11:16:40,1505998.4961,1215612.8531,3467323.7805,1770697.8389
2025-04-04T12:19:51,1459340.6763,1248590.6783,3473608.0846,1669898.0764
2025-04-04T13:14:34,1450409.2202,1253323.1001,3465986.9114,1660349.6275
2025-04-04T14:21:38,1467797.1686,1279740.4713,3462627.6833,1619706.2699
2025-04-04T15:14:07,1406119.2225,1272583.5158,3316671.9337999998,1516642.242
2025-04-04T16:17:28,1333866.0256,1241087.5073,3201909.4435,1503760.9915
2025-04-04T17:14:56,1329591.2704,1340446.2706,3174096.4986,1425208.1475
2025-04-04T18:15:12,1354244.4707,1430107.0608,3167425.2904,1365937.4651
2025-04-04T19:15:17,1323823.6878,1388663.2944,3035447.6041,1345595.0437
2025-04-04T21:13:56,1200070.1598,1342730.9735,2785497.8431,1267767.5861
2025-04-04T22:55:58,1181597.954,1383775.2636,2820150.5926,1286600.2661
2025-04-04T23:29:01,1175336.0619,1376175.1133,2825341.9827,1298289.9159
2025-04-05T00:18:51,1166974.3991,1366261.3787,2804467.541,1325358.4387
2025-04-05T01:16:39,1131886.4966,1355068.1229,2802867.7672,1322989.0401
2025-04-05T02:20:58,1112764.1434,1353789.7639,2759650.3038,1290850.1651
2025-04-05T03:14:36,1106863.6088999999,1350677.9443,2735572.0925,1272148.7298
2025-04-05T04:18:44,1100974.1686,1345876.2344,2788537.4443,1224581.2235
2025-04-05T05:15:27,1137340.382,1340688.6914000001,2788841.7379,1239918.9385
2025-04-05T06:15:13,1158801.3956,1284892.0956000001,2843962.4008,1276149.3505
2025-04-05T07:13:21,1361981.7104,1278418.0966,3072252.0297,1251734.327
2025-04-05T08:28:25,1527739.5381,1418633.2718,3371488.3294,1546643.322
2025-04-05T09:21:30,1683759.9962,1377444.1848,3559412.0183,1763184.3691
2025-04-05T10:13:32,1853029.7579,1380648.7744,3655604.3832,1855109.0854
2025-04-05T11:14:48,1954466.8385,1400552.8861,3684103.8878,1848355.1772999999
2025-04-05T12:18:57,2014559.0448,1436273.0843,3671718.393,1913745.3788
2025-04-05T13:12:57,2073926.4953,1471008.3048,3652109.386,1838551.3547
2025-04-05T14:20:03,1977916.3219,1526856.743,3587433.2241,1715740.2052
2025-04-05T15:12:06,1895589.4455,1497297.2206000001,3566524.7725,1689923.9912999999
2025-04-05T16:16:25,1838491.9917,1441690.9565,3398436.0974,1596543.7149
2025-04-05T17:14:49,1735553.2461,1376493.8135,3479186.3102,1619876.2384
2025-04-05T18:14:22,1707996.8097,1378095.2416,3321626.3959,1563337.7009
2025-04-05T19:15:52,1614092.7967,1321690.6636,3179788.7848,1468362.1706
2025-04-05T21:17:47,1489715.2638,1235646.9187,2827622.6744,1379967.5946
2025-04-05T23:02:34,1464984.9632,1223134.5772,2742027.945,1385035.0219999999
2025-04-06T00:19:43,1469021.2512,1237537.8616,2795250.6011,1400949.8968
2025-04-06T01:15:13,1464226.0825,1231699.392,2718821.9881,1387473.7295
2025-04-06T02:21:20,1449689.681,1227190.3263,2706675.8243,1352234.2979
2025-04-06T03:14:35,1422263.1583,1225000.8055,2712834.2541,1365309.7195
2025-04-06T04:18:53,1406884.054,1223612.3651,2689317.3997,1351417.0513
2025-04-06T05:15:13,1398995.6257,1221477.4899,2643863.287,1377016.1515
2025-04-06T06:16:43,1362955.9618,1191925.5563,2618900.3413,1285885.4816
2025-04-06T07:12:44,1385224.9504,1204759.7184,2649806.9858,1130059.0152
2025-04-06T08:28:17,1416699.93,1336485.6402,2666228.9637,1126814.029
2025-04-06T09:22:11,1261659.0614,1260319.2067,2582175.1457,956317.8908
2025-04-06T10:14:17,1317231.7718,1244080.8609,2501500.8887,924556.5365
2025-04-06T11:14:56,1352928.5083,1217172.9817,2469162.6818,954544.5895
2025-04-06T12:17:44,1433968.9967,1158640.8342,2461883.7252,951609.4002
2025-04-06T13:13:14,1363098.9611,1112564.0377,2441720.2983,1076071.4692
2025-04-06T14:20:12,1316015.9209,1068099.5327,2260861.702,1015672.4134
2025-04-06T15:12:23,1280914.162,1035405.4155,2187812.4133,954714.4416
2025-04-06T16:16:32,1244678.5054,991285.0278,2198967.8798,937470.4711
2025-04-06T17:14:08,1211167.9267,953918.6802000001,2104398.7261,901595.8074
2025-04-06T18:14:35,1183152.4291,914510.8782,2045087.2416,853249.5882
2025-04-06T19:14:31,1128428.7844,877715.8876,1996642.1783,805296.662
2025-04-06T21:15:54,1073839.8225,824371.9407,2108437.2697,781017.5823
2025-04-06T23:02:48,1056767.9179,799529.1283,2052251.0804,785422.1109
2025-04-07T00:20:02,1061342.7082,792954.0943,1941345.3135,844538.0606
2025-04-07T01:17:20,1058787.8843,790631.248,1991461.6043,817690.7953
2025-04-07T02:23:40,1058016.9528,788985.3988,2020574.0667,816098.7153
2025-04-07T03:17:39,1057600.3528,788428.293,2012426.1375,813745.9187
2025-04-07T04:22:14,1055272.178,787263.4759,1986890.5461,793035.2051
2025-04-07T05:18:45,1062382.5832,785835.1849,2057727.5391,827484.2456
2025-04-07T06:18:44,1018329.5901,800643.9994,2067035.0414,897944.0479
2025-04-07T07:14:15,961643.8139000001,785401.9368,1982365.5646,936796.2959
2025-04-07T08:33:08,997080.6234,813733.8954,2421689.8523,1398764.3948
2025-04-07T09:26:52,1057303.2367,872655.2038,2525255.2966,1642057.1288
2025-04-07T10:16:29,1159726.6456,868204.5516,2694238.4911,1706041.5303
2025-04-07T11:17:51,1320207.0333,988425.5563,2881564.5086,1528494.89
2025-04-07T12:19:28,1412141.2313,1054349.2623,2855570.2401,1418663.2288
2025-04-07T13:15:22,1387467.6363000001,1048468.9103,2805051.4671,1387746.9438
2025-04-07T14:22:06,1418578.9632,1078384.6009,3034583.4723,1425324.645
2025-04-07T15:13:19,1435915.9867,1109065.2313,2937720.219,1324848.309
2025-04-07T16:18:14,1473901.6994,1185612.1543,2866159.3488,1486256.333
2025-04-07T17:15:38,1429469.14,1193496.0369,2827382.4581999998,1418018.0248
2025-04-07T18:16:01,1396273.7558,1259558.8857,2813205.8208,1499280.2352
2025-04-07T19:16:15,1338068.1444,1391852.7016,2827039.6094,1491111.6462
2025-04-07T21:13:39,1305837.3772,1321486.1931,2576846.3351000003,1284239.7193
2025-04-07T22:58:41,1317879.9482,1344200.8003,2587706.3712,1270497.9403
2025-04-07T23:34:41,1307519.9166,1331497.1746,2574719.6625,1260233.7765
2025-04-08T00:19:33,1326915.5635,1335673.259,2527062.4573,1387529.0571
2025-04-08T01:16:16,1325792.3451,1333539.2426,2495224.5665,1342569.5492
2025-04-08T02:23:02,1316396.4753999999,1328999.2993,2475102.6826,1315392.1779
2025-04-08T03:16:38,1292321.4589,1313697.46,2463099.7634,1297882.171
2025-04-08T04:22:03,1288358.5278,1310421.966,2504546.4132,1299679.1921
2025-04-08T05:18:19,1273085.4966,1305203.8425,2467245.7767,1359198.4733
2025-04-08T06:18:08,1254264.2078,1229268.4497,2433352.6138,1337727.3202
2025-04-08T07:14:25,1323974.9659,1219406.8702,2467923.9297,1329600.9598
2025-04-08T08:32:43,1459896.8129,1311234.5304999999,3051160.5622,1660170.6305
2025-04-08T09:27:05,1468565.9446,1312825.7188,3275536.6947,1391075.5519
2025-04-08T10:16:38,1535295.6517999999,1344243.5055,3415845.1481,1455051.3991
2025-04-08T11:19:03,1618924.773,1420173.7801,3564782.1398,1506614.6679
2025-04-08T12:20:47,1668156.0906,1501881.4832,3777410.7564,1733276.5086
2025-04-08T13:15:24,1616920.9376,1480311.9418,3771170.6815,1812525.4329
2025-04-08T14:21:46,1539784.8476,1402206.7143,3633467.4078,1792411.0101
2025-04-08T15:14:40,1384715.3273,1400200.5400999999,3565314.2593,1561990.2721
2025-04-08T16:18:36,1536192.9552,1454787.5752,3810121.2745,1778330.1805
2025-04-08T17:15:38,1514527.7756999999,1429673.1681000001,3841129.695,1720123.6319
2025-04-08T18:17:49,1468587.1626,1450925.8921,3708140.342,1817101.5371
2025-04-08T19:15:39,1421481.0701,1417955.6154,3664201.7573,1868136.2544
2025-04-08T21:13:49,1370646.0708,1356199.3387,3569871.5135,1825425.4875999999
2025-04-08T22:59:52,1328044.7668,1350258.922,3410499.8021,1742609.2252
2025-04-08T23:36:50,1341097.818,1344288.0602,3397709.5757,1794994.8451
2025-04-09T00:19:47,1354485.4888,1338766.7863,3309214.6803,1777703.143
2025-04-09T01:16:36,1332101.9318,1326274.6644,3235146.1584,1768411.0599
2025-04-09T02:23:40,1324166.1838,1318933.3102,3277356.5949,1739767.4844
2025-04-09T03:16:48,1320463.3845,1317502.9051,3344460.5522,1751091.5677
2025-04-09T04:23:20,1316039.5138,1339628.7235,3383892.7172,1741437.348
2025-04-09T05:18:09,1292758.7474,1336263.3537,3440927.4468,1674955.4001
2025-04-09T06:19:55,1314625.5452,1309171.8402,3463056.8505,1611157.5419
2025-04-09T07:14:24,1306794.7339,1278659.7623,3522649.0586,1579183.0554
2025-04-09T08:32:21,1511916.3899,1199923.1299,3541929.0531,1459136.1955
2025-04-09T09:27:50,1632691.1681,1171922.9071,3506801.9367,1329358.8755
2025-04-09T10:17:45,1613899.2636,1211965.4032,3457218.4829,1531248.919
2025-04-09T11:20:11,1607342.8679,1198685.7473,3507937.52,1398672.3556
2025-04-09T12:21:05,1697883.1849,1291097.0094,3596856.8392,1340109.3654
2025-04-09T13:14:48,1677112.9911,1291590.4104,3480164.6922999998,1245549.5722
2025-04-09T14:22:26,1540798.2815,1367946.0752,3407157.5662,1215220.5607
2025-04-09T15:14:00,1505382.2969,1253410.7985999999,3473998.4238,1295310.0237
2025-04-09T16:17:48,1546115.0223,1338379.9878,3625734.113,1701952.8582
2025-04-09T17:13:53,1523034.4551,1321385.1298,3619459.6169000003,1831362.4068
2025-04-09T18:15:44,1466236.1252,1405856.4549,3493664.0483,1641858.7219
2025-04-09T19:15:24,1437835.3149,1366199.2928,3388021.6704,1604089.61
2025-04-09T21:13:34,1356624.5767,1332532.5116,3182563.6741,1485814.4151
2025-04-09T22:59:38,1335803.9826,1286275.9763,3135841.4432,1501301.6091
2025-04-09T23:36:27,1321065.5177,1300067.2425,3128844.7817,1476074.266
2025-04-10T00:20:04,1319570.6644,1320393.7584,3121748.8055,1453237.7224
2025-04-10T01:16:46,1277747.2594,1323297.6588,3061285.5746,1418837.1628999999
2025-04-10T02:23:23,1262325.0563,1316111.2412,3060235.8876,1430296.8937
2025-04-10T03:16:24,1255661.5714,1314108.3195,3105914.1046,1405265.9825
2025-04-10T04:21:28,1252667.3794,1310951.3903,3169946.0628,1378038.8514
2025-04-10T05:17:49,1245525.3168,1305455.0524,3237636.3813,1343964.2889
2025-04-10T06:18:04,1234969.8260000001,1284970.6505,3231753.618,1401819.2509
2025-04-10T07:14:14,1319183.1753,1253050.2188,3334549.3178,1394804.6059
2025-04-10T08:32:50,1519512.5339,1291532.2253,3461001.3874,1385143.8616
2025-04-10T09:26:40,1591051.3124,1185270.4488,3640376.6598,1529622.4295
2025-04-10T10:16:21,1550968.7603,1200009.7626,3668193.5178,1496951.4087999999
2025-04-10T11:18:10,1419867.5368,1238762.119,3623730.7449,1568164.9643
2025-04-10T12:20:53,1521367.8069,1260613.9281,3959969.1497,1698962.9418
2025-04-10T13:14:57,1466936.6898999999,1231353.4705,3813938.2181,1733796.7706
2025-04-10T14:21:17,1355835.5498,1203045.9505,3780102.1359,1655033.9326
2025-04-10T15:13:39,1331888.2042,1317102.2873,3761293.965,1754008.4971
2025-04-10T16:18:01,1202435.3064,1319750.7425,3810899.4857,1796370.8226
2025-04-10T17:15:41,1246116.1471,1386770.7801,3871439.8268,1915710.2156
2025-04-10T18:17:16,1240731.5735,1374375.0149,3851783.1009,1957669.3756
2025-04-10T19:16:02,1228383.8832,1422314.3784,3705842.0223,1934019.4917000001
2025-04-10T21:14:28,1141969.3435,1382721.9668,3521067.3956999998,1841089.921
2025-04-10T23:00:07,1126803.8463,1470004.6786,3447724.7813999997,1820625.3322
2025-04-10T23:37:14,1122907.5038,1477617.9879,3424106.034,1808499.5327
2025-04-11T00:20:28,1122686.1628999999,1496080.7071,3442026.3472,1779520.6386
2025-04-11T01:18:37,1101133.537,1488835.3424,3404161.2311,1751689.5785
2025-04-11T02:23:08,1096448.0075,1483936.8371000001,3149226.1711,1384712.5234
2025-04-11T03:16:15,1094616.1789,1480507.8193,3204085.5343,1426639.942
2025-04-11T04:21:49,1090164.2915,1515517.7055,3267223.018,1502185.801
2025-04-11T05:17:38,1086059.8783,1510601.5374,3308416.8057,1519182.3421
2025-04-11T06:17:25,1003433.2454,1502834.7732,3289429.97,1452747.9869
2025-04-11T07:13:56,1080886.689,1483056.5881999999,3349096.6049,1369110.6181
2025-04-11T08:31:59,1286723.5849,1483520.1751,3813145.2588,1581186.4407
2025-04-11T09:25:41,1540123.4943,1516670.5588,3914692.784,1526599.8278
2025-04-11T10:16:23,1687644.1261,1526577.6310999999,3987142.8469,1558063.1844
2025-04-11T11:17:16,1720362.4586,1573618.3727,4004167.5409999997,1528154.3074
2025-04-11T12:21:00,1728782.0119999999,1641492.1485,3964702.9649,1507676.888
2025-04-11T13:15:07,1589382.6821,1630737.7658,3934719.9728,1448417.4008
2025-04-11T14:22:10,1541305.6762,1596594.7765,3730436.6959,1337981.7932
2025-04-11T15:13:44,1479951.6637,1586519.1136,3664899.5881,1277345.9367
2025-04-11T16:18:06,1542891.5651,1732004.5668,3600833.9187,1242608.851
2025-04-11T17:15:21,1563005.4302,1726954.4673,3548587.5715,1268182.3429999999
2025-04-11T18:15:25,1497791.2049,1710166.8139,3481931.2454,1254411.3418
2025-04-11T19:15:39,1422505.0873,1718462.8217,3340517.0852,1139120.917
2025-04-11T21:12:43,1283789.3476,1610644.4715999998,3150233.0654,1071225.3102
2025-04-11T22:57:40,1254958.1176,1596527.8098,3032848.8072,1095172.821
2025-04-11T23:30:08,1247142.4115,1586660.8557,2978615.1478,1073759.8909
2025-04-12T00:19:01,1250107.327,1581512.5862,2971956.5224,1047452.0328
2025-04-12T01:15:08,1251742.921,1621041.4429,2917216.8695,1096264.6713999999
2025-04-12T02:20:40,1240120.9388,1613526.3649,2852513.7084,1081149.1063
2025-04-12T03:14:39,1233344.6171,1624022.0561,2819648.2045,1217495.4247
2025-04-12T04:19:18,1227678.932,1596214.4631,2884044.8509,1246648.9268
2025-04-12T05:16:33,1221923.6107,1589372.8997,2859576.2523,1238118.3658
2025-04-12T06:15:18,1200280.6484,1505032.1387,2917410.7589,1202461.9366
2025-04-12T07:12:20,1177746.6227,1632777.0063999998,2832160.5407,1117179.872
2025-04-12T08:28:41,1507887.6045,1812311.5588,3205681.3487,1431174.8133999999
2025-04-12T09:21:13,1625512.5755,1756247.7063,3668786.7763,1479685.9092
2025-04-12T10:13:32,1691321.7418,1745698.3166999999,3705530.4223,1432063.5628
2025-04-12T11:15:01,1837695.4993,1771962.9159,3780629.885,1410861.4341
2025-04-12T12:17:56,1881345.0934,1837541.6392,3962779.3207,1458950.0011
2025-04-12T13:14:34,2008309.8397,1920584.5215,3874377.5481000002,1482431.8706
2025-04-12T14:19:58,1907597.3008,1883214.7453,3837787.8715,1519413.1473
2025-04-12T15:13:35,1881735.8906,1856078.0357,3742859.7369,1443327.7867
2025-04-12T16:16:08,1731675.8722,1805077.7268,3599307.5839,1390714.9023
2025-04-12T17:14:04,1604881.6612,1838223.6497,3545924.9537,1375172.0196
2025-04-12T18:14:53,1532338.6937,1887442.7678,3459963.0522,1338094.1113
2025-04-12T19:14:46,1454086.034,1844424.4867,3268099.4561,1260759.4025
2025-04-12T22:41:49,1356818.3923,1686141.5323,2958329.4459,1183362.7501
2025-04-13T00:24:47,1475041.8426,1734558.7522,2994554.1506,1155756.5693
2025-04-13T01:21:58,1493929.6222,1790670.4067,3000059.7019,1136874.6428
2025-04-13T02:21:29,1485968.7767999999,1779187.7014,2975256.8533,1076888.0484
2025-04-13T03:15:21,1479862.6313,1772892.2875,2950328.5208,1085755.46
2025-04-13T04:19:37,1474952.3203,1766283.4817,2858875.2589,1044893.3143
2025-04-13T05:17:30,1462038.715,1744080.3004,2818468.6227,1003550.738
2025-04-13T06:17:03,1437783.503,1732285.3903,2766430.499,994731.5275
2025-04-13T07:12:52,1482016.2679,1757649.1139,2787562.7922,1085254.567
2025-04-13T08:29:05,1534679.9004,1764711.2873,2894986.4396,1042848.8906
2025-04-13T09:24:07,1597657.5478,1765252.1818,2938597.8744,966229.5099
2025-04-13T10:13:52,1515803.2932,1723968.6021,2895832.2547,945791.5621
2025-04-13T11:18:05,1412952.2497,1682757.6702,2835782.2374,965426.6364
2025-04-13T12:19:54,1326531.7588,1609859.5356,2768578.2812,1001684.9241
2025-04-13T13:13:49,1321345.5894,1555857.8326,2800241.7419,1063363.0709
2025-04-13T14:20:41,1255789.1152000001,1481133.6689,2771510.7763,1018790.3096
2025-04-13T15:13:40,1231447.6829,1428102.9984,2651495.8703,1054654.5053
2025-04-13T16:16:37,1186988.0987,1372194.9889,2594240.0006,1080113.1014
2025-04-13T17:14:54,1179071.9201,1355109.8033999999,2457873.0594,1103642.0951
2025-04-13T18:14:58,1166711.6055,1321341.0121,2357293.4537,1068405.7708
2025-04-13T19:16:27,1117822.913,1295745.0333,2256552.1463,1041188.9003
2025-04-13T21:17:11,1086008.6104,1253432.8768,2173889.7562,986949.2827
2025-04-13T23:05:23,1072159.2214,1271232.5854,2104246.1676,938102.5626000001
2025-04-14T00:19:32,1068393.0215,1262375.4049,2082002.6295,938629.817
2025-04-14T01:17:40,1082032.4629,1260407.4028,2041198.5712,928753.0094
2025-04-14T02:24:41,1080700.4412,1259458.9467,2037676.5891,920975.8813
2025-04-14T03:17:22,1079425.3828,1258879.8375,2152449.8487,915765.1022
2025-04-14T04:22:19,1078344.9435,1257935.4286,2162986.657,906981.1702
2025-04-14T05:19:13,1095513.8031,1306153.1912,2149241.6157,939360.0366
2025-04-14T06:18:58,1103134.4526,1299569.7372,2168608.0548,923015.9502
2025-04-14T07:14:06,1079196.2026,1247189.1743,2326802.4618,983255.9296
2025-04-14T08:32:52,1251045.8858,1285637.2761,2686483.9272,1286133.63
2025-04-14T09:27:58,1391715.3786,1327053.7884,3096523.559,1319709.2216
2025-04-14T10:17:00,1488781.972,1372254.464,3329019.7533,1289478.5507
2025-04-14T11:17:36,1470580.2276,1382016.6756,3229619.1266,1376396.8497
2025-04-14T12:20:55,1705050.8366,1421479.6735,3491549.4438,1367816.1701
2025-04-14T13:15:19,1712209.4386,1464696.6081,3471163.6891,1401913.3261
2025-04-14T14:22:44,1749260.6859,1449610.8458,3434632.8146,1397754.634
2025-04-14T15:13:50,1745765.8195,1447686.5961,3428012.0426,1406891.9847
2025-04-14T16:18:21,1778977.3524,1455111.8351999999,3471318.5336,1472845.0027
2025-04-14T17:15:36,1794878.3134,1432545.3398,3278608.1633,1494421.4219
2025-04-14T18:15:39,1738516.8183,1479349.3752000001,3065517.0810000002,1562490.6139
2025-04-14T19:15:19,1697029.632,1497892.2204,3015706.3475,1571236.6282
2025-04-14T21:16:13,1535227.9276,1459039.5751,3075336.651,1495461.3603
2025-04-14T23:03:52,1501792.164,1471419.6299,2938602.2695,1428307.2115
2025-04-15T00:19:51,1543723.0552,1408751.4014,2856349.9547,1321080.757
2025-04-15T01:16:51,1548041.2518,1416178.5473,2741958.6076,1314823.2475
2025-04-15T02:23:31,1515002.2,1412050.2221,2706050.8054,1311947.4985
2025-04-15T03:17:07,1468055.5308,1410820.3304,2752075.9423,1335059.1554
2025-04-15T04:22:29,1444861.0183,1408984.155,2789715.2884,1317316.0482
2025-04-15T05:18:39,1430996.2786,1404921.1317,2816659.6683,1342931.6273
2025-04-15T06:18:03,1403240.7529,1329930.0204,2796014.3719,1312483.8154
2025-04-15T07:13:58,1482690.4003,1372877.4068,2905209.0382,1277840.1596
2025-04-15T08:32:23,1849463.38,1356097.8161,3201716.3129,1255515.6595
2025-04-15T09:27:14,2109914.0074,1319393.7206,3415038.2181,1062404.3307
2025-04-15T10:17:05,2223476.3396,1408590.2384,3673135.4117,1127349.3836
2025-04-15T11:17:47,2143554.269,1445197.8165,3659136.298,1094722.2843
2025-04-15T12:18:58,2012632.018,1451492.4781,3655812.749,1051542.6333
2025-04-15T13:15:26,2044026.8446,1445743.7791,3544558.7994,1019076.5919
2025-04-15T14:20:48,1918664.6694,1419542.1851,3431386.3857,959871.8019
2025-04-15T15:13:28,1982136.7952999999,1399873.6707,3430569.6728,1033401.0237
2025-04-15T16:18:12,1953534.844,1470100.6494,3451741.3947,1067542.8228
2025-04-15T17:15:43,1974337.3659,1445592.152,3240111.8292,1005694.4113
2025-04-15T18:16:02,1950215.7244,1529842.5158,3201494.9316,1002446.1545
2025-04-15T19:15:46,1999969.2172,1522300.5351,3247164.5921,951453.0169
2025-04-15T21:15:26,1958138.5781999999,1485824.2205,2934528.6385,890966.3767
2025-04-15T23:03:10,1875206.3993,1450748.9176,2838569.31,859351.8356
2025-04-16T00:19:37,1794518.4081,1432664.6123,2771670.907,864357.4027
2025-04-16T01:16:59,1682674.7374,1417516.414,2692455.39,842646.5305
2025-04-16T02:23:33,1666937.8537,1414201.5832,2664544.4603999997,851038.918
2025-04-16T03:16:36,1639236.7403,1412641.6472,2721742.3917,831659.3189
2025-04-16T04:22:36,1613926.7462,1410167.4472999999,2765423.7803,819440.5194999999
2025-04-16T05:18:44,1616372.4589,1406055.6594,2792844.6019,822516.9667
2025-04-16T06:18:44,1610249.3818,1395449.7615,2799960.2127,845382.4265
2025-04-16T07:14:27,1603483.3422,1372361.2049,2837585.0708,810612.648
2025-04-16T08:32:40,2142381.1976,1426108.6693,3218903.001,791720.5348
2025-04-16T09:27:09,2274598.9867,1410602.1891,3281625.3001,705626.2687
2025-04-16T10:17:20,2344132.1192,1475449.9194,3570121.521,698775.2331
2025-04-16T11:18:12,2364898.4015,1527809.735,3575571.3818,696946.7673
2025-04-16T12:21:11,2543013.528,1555743.8577,3573001.5691,718953.2599
2025-04-16T13:14:57,2397858.3546,1526735.5362,3482208.0746,685875.758
2025-04-16T14:23:00,2326952.0174,1491519.3489,3494527.132,660362.9935
2025-04-16T15:12:38,2359002.8937,1441318.6468,3397410.5896,637029.6709
2025-04-16T16:18:52,2286743.0528,1466117.7014,3222018.0225,626962.5422
2025-04-16T17:15:44,2392960.9347,1452113.4232,3188298.9902,633278.5887
2025-04-16T18:15:37,2375452.6833,1443962.6997,3087596.0353,651071.3699
2025-04-16T19:15:32,2236267.1524,1410329.2245,2923958.1755,627344.16
2025-04-16T21:15:43,2199759.0044,1341383.7834,2791044.5963,616182.4011
2025-04-16T23:01:59,2212302.2164,1346548.1022,2584331.0524,575748.0617
2025-04-17T00:19:50,2109720.7873,1372402.1627,2509634.3026,559825.8105
2025-04-17T01:16:33,2077262.0848,1362594.3578,2448067.9761,552542.9116999999
2025-04-17T02:23:32,2079096.9922,1357039.6963,2396604.9404,563469.5762
2025-04-17T03:17:40,2085571.831,1361418.6553,2433004.631,590315.2162
2025-04-17T04:22:18,2060086.4451,1409479.7257,2463719.1048,620345.0469
2025-04-17T05:18:32,2099038.9281,1400083.3806,2499378.986,612805.7395
2025-04-17T06:18:05,1953033.0367,1333246.1894,2400942.6648,544421.3089
2025-04-17T07:14:04,2018017.5563,1338294.9616,2564549.5853,612433.422
2025-04-17T08:31:58,2839342.6028,1335485.3805,3085968.0176,566640.2627
2025-04-17T09:26:21,2901797.8286,1339653.7691000002,3544174.3993,578785.2645
2025-04-17T10:16:16,2962438.5449,1387328.1859,3632435.5249,555107.589
2025-04-17T11:17:18,3228317.8204,1400356.2545,3574497.7177,580580.6875
2025-04-17T12:20:40,3208151.1856,1430936.4761,3515121.8146,503862.6204
2025-04-17T13:14:18,3147515.3184,1449231.1021,3508522.8357,467330.20180000004
2025-04-17T14:22:21,3010059.9997,1444185.1464,3478432.0246,509461.1847
2025-04-17T15:13:24,3044180.6804,1458600.7394,3382175.2958,501207.0347
2025-04-17T16:17:55,3151094.1478,1542462.8088,3429269.7244,474605.8002
2025-04-17T17:15:44,3017926.2203,1575748.286,3415297.9418,491872.4131
2025-04-17T18:15:18,2951255.3405,1622336.4896,3280613.6752,486401.0894
2025-04-17T19:15:50,2937051.8362,1624877.4903,3146811.7372,489849.2358
2025-04-17T21:14:15,2820961.109,1559298.1617,3061867.8808,467244.6691
2025-04-17T22:58:49,2699899.761,1556862.8393,2913751.4979,475332.9891
2025-04-17T23:35:23,2659662.1673,1558140.5863,2843805.4176,467977.7826
2025-04-18T00:19:37,2645924.351,1584569.2921,2758020.2491,461474.5499
2025-04-18T01:16:41,2658494.7469,1627512.9211,2737580.5328,492805.6924
2025-04-18T02:22:58,2607792.0061,1624253.4447,2735244.4652,504756.83259999997
2025-04-18T03:16:43,2611269.08,1631488.9845,2796719.7597,499560.6801
2025-04-18T04:22:53,2599384.0938,1627414.7386,2774018.8913,506821.4505
2025-04-18T05:17:19,2496838.7013,1623023.8256,2738845.7173,478737.8307
2025-04-18T06:17:52,2458514.237,1648322.1891,2759554.9795,473870.8688
2025-04-18T07:13:42,2572277.666,1744427.6323,2706618.2091,450676.02619999996
2025-04-18T08:31:15,2681583.1787,1781364.0878,2816044.1161,456488.7576
2025-04-18T09:24:09,2662753.7725,1730616.1737,2980622.4445,463214.6277
2025-04-18T10:16:51,2626186.3349,1727509.7054,2953011.4947,456354.8833
2025-04-18T11:17:08,2575971.8227,1711776.2115,2898087.6989,451663.1774
2025-04-18T12:19:48,2480842.1912000002,1635539.3096,2805777.0517,417787.4506
2025-04-18T13:14:36,2412762.902,1609045.5113000001,2691611.1281,421079.7626
2025-04-18T14:21:26,2406092.0754,1526796.5589,2578101.2768,412090.6324
2025-04-18T15:13:02,2419330.3849,1491445.6224,2489590.7545,424976.5848
2025-04-18T16:17:29,2328865.844,1430108.2391000001,2409452.7532,413810.8653
2025-04-18T17:15:09,2303602.0036,1435702.1008,2310599.9311,405554.6377
2025-04-18T18:16:18,2214260.9056,1383746.9343,2215871.1086,384224.7724
2025-04-18T19:15:10,2154529.0275,1334696.5478,2183430.1777,395168.3247
2025-04-18T21:11:53,2102864.8652,1263602.2141,2198544.1609,382520.8876
2025-04-18T22:55:18,2135480.4024,1231945.9437,2233752.8971,379007.9058
2025-04-18T23:28:17,2163856.5952,1225125.4655,2262248.3806,377201.9158
2025-04-19T00:18:53,2142359.1145,1219660.4068,2237158.2128,374017.7018
2025-04-19T01:16:12,2138508.0225,1204790.5387,2192371.9086,369654.5934
2025-04-19T02:21:52,2127156.4612,1202630.9493,2196058.8123,366397.8983
2025-04-19T03:14:17,2121917.7497,1209426.7739,2192644.2733,355950.0493
2025-04-19T04:19:04,2138115.3115,1207518.1882,2153271.2671,327191.372
2025-04-19T05:16:32,2127687.8447,1202557.4101,2156333.7864,327000.515
2025-04-19T06:15:47,2070403.7951,1195415.9964,2201976.4906,326642.889
2025-04-19T07:13:54,2089668.5296,1198269.6228,2378826.5809,357203.8219
2025-04-19T08:30:29,2750256.6049,1158198.0017,2939906.9365,345874.7147
2025-04-19T09:21:43,2884786.424,1195989.0217,3233618.6368,340165.9325
2025-04-19T10:14:17,3017313.7689,1248563.872,3332017.8528,377780.4105
2025-04-19T11:14:54,3808118.8159,1303148.8999,3256404.8237,366312.3256
2025-04-19T12:19:22,3951532.1437,1393777.3714,3304477.5073,352789.2967
2025-04-19T13:13:51,3944607.8499000003,1390899.5767,3327350.4605,343422.9462
2025-04-19T14:20:15,3701427.5518,1437576.6924,3238286.1099,339099.4394
2025-04-19T15:13:45,3661696.9077,1481949.6043,3312895.673,331801.59979999997
2025-04-19T16:16:33,3702476.9743,1442425.8156,3329363.1816,357887.2329
2025-04-19T17:14:00,3568509.5984,1402182.7104,3281678.3527,348550.1114
2025-04-19T18:14:55,3548185.9238,1336743.4433,3187926.1113,380736.1457
2025-04-19T19:16:59,3566057.7775,1304181.4684,3050827.4301,377552.6162
2025-04-19T21:19:55,3444038.3454,1286021.3619,2864358.6959,371767.2096
2025-04-19T23:06:25,3307115.163,1288878.106,2844119.6881999997,365295.04959999997
2025-04-20T00:18:37,3338759.3885999997,1309327.8712000002,2872897.2848,358822.1686
2025-04-20T01:16:01,3287200.7616,1337502.8062,2877616.6121,342658.5236
2025-04-20T02:21:42,3291195.1414,1352718.3471000001,2856154.9272,342842.6926
2025-04-20T03:15:51,3253885.2398,1354757.3338,2828207.783,358293.4753
2025-04-20T04:19:06,3231436.7575000003,1353961.3171,2804712.1689,358293.4753
2025-04-20T05:15:16,3222514.378,1349292.7908,2746473.6707,359248.8163
2025-04-20T06:16:14,3200152.0046,1383034.5538,2648842.103,337022.1973
2025-04-20T07:13:31,3182886.1681,1428203.8924,2583779.8958,262737.4413
2025-04-20T08:29:26,3149381.8852,1643394.2866,2807960.5487,267418.9172
2025-04-20T09:23:21,2920797.36,1479487.1438,2729518.8969,271727.901
2025-04-20T10:14:22,2866719.1513,1427921.6522000001,2672963.9164,257677.4832
2025-04-20T11:15:01,2819920.2348,1362932.3782,2647421.7242,235037.5515
2025-04-20T12:18:01,2869324.0701,1319901.2251,2577348.4092,228613.331
2025-04-20T13:15:17,2931036.1049,1270247.6919,2516351.439,225090.92359999998
2025-04-20T14:20:29,2892030.5487,1224547.4291,2400239.7953,222427.0017
2025-04-20T15:14:24,2896515.0897,1185717.5741,2347163.6743,216864.1206
2025-04-20T16:17:03,2822722.3024,1143335.8996,2309571.8091,211511.8493
2025-04-20T17:14:38,2650335.019,1105219.5033,2227421.1647,208798.2541
2025-04-20T18:15:15,2661590.8673,1067591.3327000001,2153246.7888,205403.1525
2025-04-20T19:15:00,2631411.3237,1036282.7329000001,2124131.2928,198304.674
2025-04-20T21:18:36,2591564.6333,960201.6681,1990650.7177,209440.4994
2025-04-20T23:08:34,2604480.4095,932955.4435,2063352.1519,203587.6717
2025-04-21T00:20:18,2600676.8357,913725.7017000001,1952997.7845,202713.2724
2025-04-21T01:17:36,2602003.369,912785.507,1941405.7027,200028.122
2025-04-21T02:23:33,2589252.8339,911880.6532,1929524.8183,200028.122
2025-04-21T03:17:06,2583352.241,911400.03,1923754.3762,199893.7085
2025-04-21T04:21:51,2578569.6219,912119.428,1913402.8536999999,197308.7085
2025-04-21T05:17:54,2564559.9737,916180.8484,1902697.2807,196276.7485
2025-04-21T06:17:52,2563592.537,926522.852,1937338.4332,196024.0381
2025-04-21T07:13:59,2662641.2927,952826.6461,2042539.5437,206556.7923
2025-04-21T08:32:11,3022628.9935,967813.6661,2485410.4786,323501.9382
2025-04-21T09:25:31,3314373.0849,1036022.4123,2589117.3919,472692.8724
2025-04-21T10:15:40,3548925.8939,1053290.4581,2882552.9422999998,432038.5922
2025-04-21T11:17:39,3600714.8735,1086271.669,3012574.4789,459266.792
2025-04-21T12:19:54,3570285.1171,1087633.2416,3053435.8401,437828.96259999997
2025-04-21T13:15:53,3545792.2277,1201424.516,3078144.425,418320.9894
2025-04-21T14:21:43,3496726.6129,1205650.8247,3140419.2124,397984.4277
2025-04-21T15:14:33,3554111.7015,1201249.4937,3196825.2872,332308.4636
2025-04-21T16:18:16,3595225.2557,1187047.2409,3130283.3761,355581.5661
2025-04-21T19:15:24,3346642.3636,1169823.1454,3103119.9179,419077.3346
2025-04-21T21:15:22,3076991.535,1081704.9286,2859021.138,417699.0396
2025-04-21T23:02:10,3132703.2114,1095691.3924,2857582.617,521015.9836
2025-04-22T00:19:36,3178734.1369,1108485.3245,2814331.1127,545264.9634
2025-04-22T01:17:21,3097712.72,1162019.8833,2737211.8889,542311.7724
2025-04-22T02:24:30,3070460.295,1160503.3951,2723879.306,541945.6538
2025-04-22T03:16:58,3048387.1178,1159266.2507,2764515.7056,541398.7856
2025-04-22T04:21:38,3026287.5603,1157252.4064,2819678.3881,540046.1614
2025-04-22T05:18:27,3010253.3836,1153918.2542,2844422.0603,604014.0407
2025-04-22T06:17:59,2898828.3505,1047121.6401000001,2836642.1326,596173.221
2025-04-22T07:14:13,2984212.3315,1082388.8503,2870836.2472,621961.9995
2025-04-22T08:32:14,3310899.0918,1212382.7891,3087296.8206,616628.551
2025-04-22T09:27:10,3318968.5091999997,1276093.7774,3231517.2705,489525.5657
2025-04-22T10:16:55,3467838.0414,1320245.9299,3253807.3546,499826.0747
2025-04-22T11:17:41,3560451.2034,1319691.8212,3277550.6831,489112.5268
2025-04-22T12:20:32,3537582.6713,1317984.4552,3296892.3452,770695.291
2025-04-22T13:15:04,3508704.2659,1302798.2916,3371281.4011,795414.9911
2025-04-22T14:22:58,3549863.1805000002,1253670.1929000001,3340895.28,770189.1892
2025-04-22T15:13:45,3524500.6017,1244263.3519000001,3391750.6847,478449.78130000003
2025-04-22T16:18:22,3486912.729,1226015.272,3487193.0473,523825.7269
2025-04-22T17:15:36,3413326.2307,1287295.4158,3495598.1122,532366.8869
2025-04-22T18:15:30,3563469.4134,1285626.9308,3387709.2278,487535.3934
2025-04-22T19:15:30,3622549.5425,1278590.9227,3319546.2517,667687.0057
2025-04-22T21:15:27,3384033.5902,1228152.6075,3069621.8792,628426.6118
2025-04-22T23:02:29,3264657.7762,1193530.9314000001,3006926.1754,584383.5553
2025-04-23T00:19:56,3215904.0212,1210294.9845,2952246.2732,565074.3025999999
2025-04-23T01:17:26,3192028.7126,1216282.4218000001,2920107.5675,567100.6751999999
2025-04-23T02:23:34,3153150.077,1226393.9742,2863197.1173,646147.3979
2025-04-23T03:21:06,3134273.6743,1224952.9943000001,2881057.3028,638913.1766
2025-04-23T04:22:09,3130837.6439,1230169.8393,2857804.136,633475.9116
2025-04-23T05:18:19,3069247.8462,1197393.0628,2811536.807,594432.8464
2025-04-23T06:19:04,3037926.8625,1153293.3791,2892790.9016,668116.5695
2025-04-23T07:14:25,3048414.9597,1148927.7213,2901373.1426,677602.5231999999
2025-04-23T08:32:41,3430909.9622,1190819.7461,3155759.2279,821749.9832
2025-04-23T09:27:37,3448660.8241,1283463.1086,3275647.578,665837.9269
2025-04-23T10:17:21,3497412.6738,1499364.2415,3461385.2856,718939.2777
2025-04-23T11:18:41,3519631.5604,1553938.9285000002,3650267.7659,738228.0962
2025-04-23T12:20:59,3494002.8769,1596446.3563,3558941.6503,555795.5849
2025-04-23T13:14:58,3511196.3242,1559509.3699,3473228.6215,520735.9953
2025-04-23T14:24:03,3363568.6024,1533814.1029,3326397.2902,537514.1199
2025-04-23T15:14:14,3270710.2426,1525791.658,3246016.9818,600396.365
2025-04-23T16:18:55,3395974.1164,1500899.6637,3443873.2504,574014.4558
2025-04-23T17:15:44,3408924.9737,1467205.0701000001,3529984.5061,596345.2424999999
2025-04-23T18:16:16,3303527.628,1427986.5016,3462100.4091,599411.6687
2025-04-23T19:16:19,3169719.5756,1428429.6447,3358541.3754,606223.2518
2025-04-23T21:15:32,2999783.0349,1427588.6088,3161245.2482,559932.0077
2025-04-23T23:04:22,2967662.576,1419346.6086,3022845.1429,576339.665
2025-04-24T00:19:45,2938702.781,1392224.2176,2937429.3241,554656.2408
2025-04-24T01:17:29,2895784.5964,1416804.6355,2897839.6212999998,547991.5561
2025-04-24T02:24:15,2901880.4956,1408047.9646,2873361.9529999997,530132.1571
2025-04-24T03:17:22,2887490.5743,1406932.59,2857375.6493,529474.5466
2025-04-24T04:21:50,2870998.4539,1405794.8991,2839967.9017,565229.633
2025-04-24T05:18:23,2851858.783,1403162.0074,2913006.5057,561093.1552
2025-04-24T06:18:22,2814195.3714,1391963.3249,2911397.8353999997,550538.2375
2025-04-24T07:14:20,2907177.9937,1412318.3446,2985009.8707,557864.1126999999
2025-04-24T08:33:56,2970150.3149,1398826.0244,3163334.4203,864867.6476
2025-04-24T09:28:06,3166659.4243,1476609.4468,3464710.6679000002,873580.0642
2025-04-24T10:15:42,3215453.3698,1461845.6812,3697137.3518,1003335.7133
2025-04-24T11:18:11,3244895.7909,1470818.66,3706153.7395,1136340.6741
2025-04-24T12:20:50,3268130.9805,1369925.5384,3420889.3636,1063507.6864
2025-04-24T13:15:08,3033402.326,1381223.0669,3591028.1191,1037060.0494
2025-04-24T14:21:49,2929065.3549,1341236.9621000001,3431572.8073,1025808.409
2025-04-24T15:13:43,2857155.4178,1382258.8778,3387854.6726,997354.4756
2025-04-24T16:18:42,2801961.7363,1327359.5654,3425873.4465,1023815.6638
2025-04-24T17:16:20,2810236.8885,1254549.2657,3411528.278,1077480.7968000001
2025-04-24T18:16:09,2749331.3395,1227873.0577,3362905.6212,1060058.3052
2025-04-24T19:16:04,2749724.8901,1190966.1040999999,3201533.6723,1048996.4727
2025-04-24T21:16:21,2748170.9524,1172302.3832,2954002.2789,1021041.0102
2025-04-24T23:04:18,2705720.3172,1276417.1974,2974816.4637,1003978.0832
2025-04-25T00:20:02,2637404.2216,1296857.5621,3032590.7152,987701.1716
2025-04-25T01:16:56,2617988.6319,1308778.1932,3016171.5177,981218.638
2025-04-25T02:23:27,2602416.0157,1306563.9764,2980759.3845,934880.8315
2025-04-25T03:17:13,2589950.4005,1305206.8306,2959080.0334,987888.3091000001
2025-04-25T04:22:01,2579470.6526,1302959.525,2932533.4152,995441.5235
2025-04-25T05:17:52,2557524.4263,1299347.1169,2928063.4634,978665.5145
2025-04-25T06:18:06,2569961.7883,1287255.8658,2943588.7957,977127.3414
2025-04-25T07:14:05,2624139.1844,1293486.273,3120763.3508,1067008.9928
2025-04-25T08:32:48,2646237.5842,1320086.6837,3579058.5926,1433207.8428
2025-04-25T09:26:06,2669914.7859,1363484.8522,3890721.772,1559476.2999
2025-04-25T10:16:02,2732493.2604,1400703.0668,3946269.6499,1620498.1562
2025-04-25T11:17:14,2943196.429,1377780.6953,3741231.4829,1660798.5926
2025-04-25T12:20:25,2979150.0964,1503010.4905,3702642.7536,1607063.4179
2025-04-25T13:14:48,2857613.9323,1450355.1316,3627997.1782,1549472.8084
2025-04-25T14:22:17,2753282.1873,1407680.1736,3723602.0957,1445504.8847999999
2025-04-25T15:13:56,2907704.5705,1327208.3836,3706200.6923,1413654.742
2025-04-25T16:18:15,2901562.7299,1376905.2794,3679349.1023,1605788.5071
2025-04-25T17:15:25,2836803.9076,1455226.5044,3758283.0997,1657145.0811
2025-04-25T18:16:10,2841911.2977,1477360.4991,4028368.0335,1626425.5954
2025-04-25T19:15:29,2782723.2662,1453148.5218,4017255.5286,1788944.024
2025-04-25T21:13:31,2666308.8346,1388470.0792,3757552.7071,1688934.0811
2025-04-25T22:58:23,2687737.3631,1370275.6476,3683010.2147,1576777.2748
2025-04-25T23:34:08,2705503.3381,1401227.4011,3729136.8908,1555317.3843
2025-04-26T00:18:51,2699635.5045,1439036.7939,3816562.3598,1561498.5381
2025-04-26T01:15:32,2517769.7335,1431205.7865,3681949.6464,1566363.469
2025-04-26T02:21:31,2507215.5982,1416348.0728,3582679.3675,1490377.8096
2025-04-26T03:14:40,2497962.3436,1414940.8493000001,3642159.0081,1532052.9936
2025-04-26T04:19:38,2489762.1991,1412453.0218,3615888.6032000002,1507256.2036
2025-04-26T05:15:55,2470990.7432,1407977.5207,3588791.0006,1485176.0594
2025-04-26T06:15:58,2469199.2772,1369512.4796,3618947.807,1574166.6337000001
2025-04-26T07:12:49,2551374.7069,1353927.921,3661756.0926,1542405.9566
2025-04-26T08:29:02,2778107.225,1498710.2994,3909262.1756,1806678.4320999999
2025-04-26T09:22:04,2602671.1144,1552450.0373,3931018.9084,1998320.5297
2025-04-26T10:14:09,2723036.7158,1578998.6473,3894357.2568,2047594.9006
2025-04-26T11:14:57,2783264.5936,1610933.1102,4061175.425,2082028.6892
2025-04-26T12:18:41,2898370.3934,1707389.9988,4269811.4488,1985580.2511
2025-04-26T13:13:24,2824757.4968,1743391.2353,4337088.7621,2041226.1689
2025-04-26T14:20:04,2709650.2268,1698217.1935999999,4112372.7601,2006483.8815
2025-04-26T15:13:36,2707722.1425,1678962.9424,4069789.9589,1896480.9957
2025-04-26T16:16:35,2691727.5679,1723218.5135,3927598.5339,1823717.2919
2025-04-26T17:14:11,2566964.209,1678635.4876,3732809.2742,1904226.6308
2025-04-26T18:14:46,2485891.8490999998,1704423.4787,3748412.2442,1896127.9595
2025-04-26T19:15:11,2400240.5139,1686157.0381,3635692.0852,1877273.5891
2025-04-26T21:20:04,2419081.7142,1559701.996,3296939.1107,1775475.7825
2025-04-26T23:07:14,2414152.5785,1623871.776,3202874.4368,1707714.2579
2025-04-27T00:19:11,2405110.2885,1668040.1114999999,3135977.6585,1751194.4969
2025-04-27T01:16:33,2414151.682,1679421.729,3103859.8984,1770501.6804
2025-04-27T02:21:50,2414950.656,1687547.4408,3092470.4649,1732731.5426
2025-04-27T03:14:52,2410751.6791,1683353.3523,3090568.3534,1703620.5339
2025-04-27T04:19:34,2407237.2282,1678935.7228,3032392.3468,1698182.2809000001
2025-04-27T05:16:01,2400392.5354,1650435.4124,3010358.8233,1596817.6874
2025-04-27T06:16:28,2362381.9556,1671638.0602,2999188.6261,1600255.9349
2025-04-27T07:12:52,2333593.1574,1662671.9335,3126041.0354,1631106.3564
2025-04-27T08:29:29,2323100.8191,1953698.3543,3028497.1696,1645538.2879
2025-04-27T09:22:07,2291346.2225,1941723.3941,3090521.1523,1699757.9231
2025-04-27T10:14:20,2286854.8442,1872152.1085,3071958.4603,1655640.2941
2025-04-27T11:16:04,2238011.8287,1812107.0611,2936664.9821,1585752.0932
2025-04-27T12:18:44,2174549.3636,1728941.2344,2807357.3315,1571468.8414
2025-04-27T13:15:00,2098847.8483,1647999.3618,2755201.0807,1655611.0374
2025-04-27T14:20:27,2061742.6946999999,1610033.9777,2713678.9449,1624625.3731
2025-04-27T15:14:17,1602099.0722999999,1652803.2301,2632216.0892,1273455.3017
2025-04-27T16:17:10,2025557.0286,1613951.6121,2568632.2036,1581484.3829
2025-04-27T17:14:16,1995790.3791,1589817.2963,2486925.1086,1553443.018
2025-04-27T18:15:02,1984488.7263999998,1596780.8653,2489484.9433,1520272.6073
2025-04-27T19:15:54,1955620.4852,1566232.376,2408156.0008,1575424.894
2025-04-27T21:18:13,1913388.7854,1504932.4867,2354799.2658,1592442.5767
2025-04-27T23:08:53,1937805.8621999999,1448089.2537,2348943.5689,1619273.8098
2025-04-28T00:20:42,1916418.5884,1455452.8615,2331168.7108,1637981.0895
2025-04-28T01:23:19,1897200.9736,1447708.226,2274452.1225,1621609.4151
2025-04-28T02:31:02,1894606.0225,1476270.2157,2316472.8275,1643186.6787
2025-04-28T03:42:08,1892177.1054,1470956.6921,2338407.108,1661383.827
2025-04-28T04:57:14,1886889.7307,1464962.2402000001,2344982.7934,1653301.9454
2025-04-28T06:50:57,1897461.9464,1442606.7971,2451756.9982,1670678.9298999999
2025-04-28T07:34:58,1917510.0859,1349948.6199,2533516.1286,1660340.5602
2025-04-28T08:33:21,2190635.3255,1420348.6812,2665535.3219,1738528.8998
2025-04-28T09:38:23,2248651.9612,1545896.3439,2827860.7266,2045640.9058
2025-04-28T10:18:08,2281182.1124,1705852.8585,2825729.9425,2213578.9779
2025-04-28T11:18:37,2295597.2295,1811509.7701,2885754.5535,2280590.248
2025-04-28T12:19:49,2360399.9704,1896086.3424,3052796.7001,2240843.2055
2025-04-28T13:15:08,2403563.2128,1939303.1237,3013468.2016,2219232.3562000003
2025-04-28T14:23:41,2290722.9049,1948436.2290999999,2992261.9811,2120401.8222
2025-04-28T15:13:57,2295680.0076,1895220.3526,3051997.7609,2257617.972
2025-04-28T16:17:51,2386798.1099,1937205.0086,3105635.1211,2175441.9305
2025-04-28T17:13:57,2399475.0365,1945092.4158,3073886.4422,2138138.0828
2025-04-28T18:16:23,2346901.9551999997,2057373.8212,3031018.3443,2176167.48
2025-04-28T19:15:46,2304423.8187,2131757.7143,3035352.9304,2158278.0897
2025-04-28T21:16:01,2272717.392,2101407.8004,2788669.3181,1985411.9326
2025-04-28T23:04:49,2283277.9536,2094961.109,2740387.1088,1991360.0528
2025-04-29T00:21:20,2193389.0992,2134198.8,2737372.613,1955446.452
2025-04-29T01:17:27,2122829.4527,2128279.808,2742234.9735,1932351.8819
2025-04-29T02:24:16,2096009.4786999999,2122355.3284,2737794.8198,1985116.3195
2025-04-29T03:17:28,2100860.5893,2095489.4234,2764675.7952,1993824.1129
2025-04-29T04:24:39,2097552.3278,1380359.2776,2421824.3713,2022324.1319
2025-04-29T05:18:40,2091660.7263,2079263.0568,2802072.7239,2044263.697
2025-04-29T06:19:00,2064436.2345,2045772.4058,2876532.2545,2007251.4925
2025-04-29T07:14:38,2028530.2207,2032458.2251,3004247.3812,1972925.4023
2025-04-29T08:34:59,2363376.5935,2141276.5428,3422904.4569,2189415.7167
2025-04-29T09:31:53,2580517.3176,2350967.0587999998,3310850.2531,2210116.1818
2025-04-29T10:17:23,2672201.5738,2426588.3217,3353078.322,2260533.5365
2025-04-29T11:18:27,2664025.5568999997,2541223.1522,3324673.9645,2224687.5169
2025-04-29T12:20:39,2612831.7553,2851536.4469,3380836.9944,2253975.5383
2025-04-29T13:15:45,2580642.5152,2805312.8887,3343111.7544,2321165.1521
2025-04-29T14:22:44,2503426.4488999997,2702304.0696,3175779.3899,2286803.7894
2025-04-29T15:14:07,2489135.7406,2662268.9671,3116004.8369,2244982.9108
2025-04-29T16:19:04,2547367.9573999997,2623021.2941,3163779.9784,2277258.779
2025-04-29T17:15:42,2487681.0316,2660968.1214,3096516.8303,2280977.4193
2025-04-29T18:15:56,2582184.7966,2627562.8648,3003542.0179,2249030.7716
2025-04-29T19:15:42,2599472.0025,2650390.2764,2968965.7126,2187696.6622
2025-04-29T21:16:43,2482853.6452,2502137.8947,2826976.5318,2061657.6607000001
2025-04-29T23:04:53,2456312.0281,2488593.4871,2743455.4624,1996878.5804
2025-04-30T00:20:05,2422505.3967999998,2482436.717,2677044.6057,1956193.3858
2025-04-30T01:17:13,2399111.0475999997,2451251.3282,2611497.5499,1969432.4253
2025-04-30T02:24:07,2392332.9473,2458592.1553,2567631.941,1948600.3568
2025-04-30T03:16:18,2387488.6792,2453953.6611,2571211.8316,1932874.6277
2025-04-30T04:22:22,2381457.5606,2447779.3421,2649079.8587,1933436.6376
2025-04-30T05:18:02,2374672.0439999998,2399128.2059,2664590.7666,1885427.1674
2025-04-30T06:18:04,2308149.3581,2387592.4079,2745477.9714,1902081.7312
2025-04-30T07:14:06,2175092.0315,2431865.9839,2691080.4745,1881219.8844
2025-04-30T08:32:34,2301235.3916,2366600.9331,2619112.7158,1990428.701
2025-04-30T09:27:15,2190202.0205,2338156.385,2653100.3948,1837220.0429
2025-04-30T10:16:46,2277486.2623,2495621.6478,2825433.6554,1894187.4906000001
2025-04-30T11:18:21,2243666.3485999997,2677306.1725,3087876.7628,1811209.8864
2025-04-30T12:20:49,2354441.156,2517913.5347,2682010.1542,1726553.0928
2025-04-30T13:15:09,2335166.8214,2514128.2037,2856746.0867,1687549.7304
2025-04-30T14:22:54,2287750.7755,2735990.7753,2936672.9601,1563031.011
2025-04-30T15:13:37,2284164.2331,2705188.0693,2842206.3709,1558181.1747
2025-04-30T16:18:27,2301720.0521,2753400.2754,2921637.5584,1666318.7342
2025-04-30T17:15:29,2361957.4425,2773830.4378,2955008.3262,1705860.4174
2025-04-30T18:15:57,2411579.3573,2744042.2179,2941893.3057999997,1649507.7312999999
2025-04-30T19:15:57,2441840.5971999997,2826975.6896,2893665.8339,1576910.5755999999
2025-04-30T21:22:47,2377079.7218,2676070.8814,2813321.4037,1604566.2263
2025-04-30T23:15:07,2376507.7482,2658476.7615,2665581.5615,1616638.8901
2025-05-01T00:22:15,2370931.4382,2750518.8559,2648885.7931,1716479.6719
2025-05-01T01:17:27,2370043.353,2744969.2284,2559005.8912,1615502.2165
2025-05-01T02:24:31,2357478.806,2753697.254,2527694.2583,1621796.9903
2025-05-01T03:17:10,2368677.2015,2781372.598,2485789.6125,1585173.604
2025-05-01T04:21:50,2359994.8711,2767710.301,2438471.2553,1638281.4526
2025-05-01T05:18:09,2334615.0057,2755320.5787,2380834.7494,1626839.3776
2025-05-01T06:18:28,2262288.5745,2722964.1867,2381390.9682,1623131.3904
2025-05-01T07:14:25,2278911.5946,2737610.3075,2326308.2777,1528791.2053
2025-05-01T08:31:45,2261647.0387,2921379.2439,2422260.289,1685392.0742
2025-05-01T09:25:43,2244336.0666,2954423.8243,2440823.8969,1765021.2264999999
2025-05-01T10:15:45,2275619.0482,2862392.7624,2382052.7542,1743281.5944
2025-05-01T11:17:22,2403310.1135,2699776.775,2391446.0266,1946863.7772
2025-05-01T12:21:02,2354027.5922,2635830.0809,2477123.3308,2004925.9598
2025-05-01T13:15:26,2328030.424,2552578.5748,2603301.2357,2286620.5651
2025-05-01T14:24:36,2272366.9793,2462075.3308,2592451.4326,2066989.7395000001
2025-05-01T15:13:23,2204757.2474,2546443.7598,2576971.0171,2210709.6271
2025-05-01T16:16:52,2150483.5763,2517083.1568,2576536.399,2116246.5561
2025-05-01T17:16:11,2128484.5846,2504442.0108,2521667.5156,2043936.106
2025-05-01T18:15:58,2256295.0421,2488872.6931,2507057.0982,2063774.0831
2025-05-01T19:16:06,2215974.0885,2454453.1071,2407832.119,2316125.0912
2025-05-01T21:16:48,2187349.7379,2382498.3866,2374353.3563,2414010.6975000002
2025-05-01T23:06:29,2169254.1503,2419253.9062,2280737.5174,2387411.8457
2025-05-02T00:19:56,2183627.4097,2440857.1034,2276248.8523,2380773.8297
2025-05-02T01:17:23,2187211.0619,2467334.117,2270005.6541,2334832.9188
2025-05-02T02:23:17,2080996.7437,2433800.8880000003,2283428.0699,1919753.791
2025-05-02T03:16:44,2079157.8341,2430892.8441,2387220.7013,1900663.9821
2025-05-02T04:22:12,2075033.9256,2388782.2949,2492824.0925,1901020.795
2025-05-02T05:18:05,2071951.0499,2382887.7109,2443123.4814,1887932.9796
2025-05-02T06:17:52,2082036.4421,2377807.1453,2507265.4972,1901794.1656
2025-05-02T07:14:21,2142557.8353999997,2365586.3325,2594979.3172,1906133.2307
2025-05-02T08:32:25,2384045.2717999998,2608205.5734,2971305.0712,2033862.0765
2025-05-02T09:26:33,2527677.9597,2784339.3109,3291833.9796,2135671.1118
2025-05-02T10:16:22,2473021.708,2881328.9893,3364560.3481,2327604.4584
2025-05-02T11:17:16,2406148.9828999997,2966354.1683,3319040.5628,2320585.2677
2025-05-02T12:20:36,2361246.9076,2870158.5706,3359273.8659,2331379.9521
2025-05-02T13:15:11,2318846.8937,2854320.2859,3350876.1636,2355334.2199
2025-05-02T14:22:26,2266890.6985,2900534.9103,3170085.4058,2255175.6404
2025-05-02T15:14:07,2280703.8873,2997571.1071,3152451.935,2324181.2934
2025-05-02T16:18:51,2309345.7279,3292873.1921,3257914.6884,2407833.578
2025-05-02T17:16:55,2264837.8295,3341238.2137,3215503.9277,2450816.9522
2025-05-02T18:15:58,2366446.1022,3236807.2157,3156751.1556,2509295.1419
2025-05-02T19:16:05,2383141.428,3355038.4598,3414580.4017,2557290.3388
2025-05-02T21:15:02,2280125.254,3226828.7695,3172680.0575,2318886.6695
2025-05-02T23:02:14,2260323.297,3185440.2404,3105299.5842,2328768.2319
2025-05-03T00:19:18,2243596.6135,3153392.4654,3013535.1983,2267102.0857
2025-05-03T01:17:03,2254778.1798,3133380.5538,2982222.2991,2216122.1615
2025-05-03T02:21:41,2188654.822,3119808.5484,3005428.6827,2122692.96
2025-05-03T03:15:27,2181338.7503,3112307.0773,3052414.6216,2214421.9577
2025-05-03T04:19:33,2167820.577,3101083.7681,3126834.944,2208913.6870999997
2025-05-03T05:16:14,2174237.9159,3095064.6911,3132057.167,2213482.4324
2025-05-03T06:16:04,2200826.6092,3064143.5622,3202871.2359,2124439.6438
2025-05-03T07:13:20,2273333.7715000003,2943332.2425,3376145.7291,2071134.1159
2025-05-03T08:29:54,2509161.2333,2798197.1458,3712929.1435000002,2224637.8903
2025-05-03T09:23:00,2536953.2709,2711706.3144,3896100.8905,2304135.4848
2025-05-03T10:14:39,2526285.3827,2657917.1891,3904612.7467,2321879.8916
2025-05-03T11:15:31,2603693.4953,2684995.8296,3886444.2663,2308120.8547
2025-05-03T12:18:44,2672658.2884,2633241.1518,4095609.2118,2238935.1632
2025-05-03T13:13:33,2706025.6139,2747810.5381,4144336.4122,2298295.0378
2025-05-03T14:20:46,2712590.9496,2611586.7281,4123914.0847,2311778.5332
2025-05-03T15:12:49,2686525.0427,2518290.002,4266644.5073,2437474.2166999998
2025-05-03T16:17:07,2694017.2418,2628707.7226,4196832.9684,2499399.5426
2025-05-03T17:14:30,2602769.5205,2568052.4375,4089609.5007,2423296.4408
2025-05-03T18:15:17,2528525.5604,2514713.2163,3988179.4376,2375337.7476
2025-05-03T19:15:14,2581542.1372,2548987.5205,3887898.1811,2396234.8742
2025-05-03T21:23:26,2618616.3561,2505718.2217,3895436.3507,2314861.0434
2025-05-03T23:15:27,2613216.2893,2505656.8093,3836973.6568,2207734.6905
2025-05-04T00:20:26,2653115.0745,2508582.3029,3785884.6808,2147939.5413
2025-05-04T01:16:28,2602597.9450000003,2494849.1365,3708438.0445,2223361.4461
2025-05-04T02:22:31,2603695.0968,2511571.6082,3689815.8843,2157370.0607000003
2025-05-04T03:15:27,2603174.4108,2568272.0476,3642196.3093,2137945.9739
2025-05-04T04:20:01,2563319.4971,2558013.9797,3646435.0136,2075994.2288
2025-05-04T05:16:12,2534008.4251,2528247.1774,3606790.431,2056995.9072
2025-05-04T06:16:32,2482528.7053,2491002.3442,3616436.5628,2094508.7057
2025-05-04T07:13:28,2406676.2532,2427963.8459,3563979.4858,2008539.8016
2025-05-04T08:30:02,2311925.1559,2559462.4545,3342907.1229,2050826.135
2025-05-04T09:23:39,2241814.8402,2494874.8969,3291133.043,1949865.3076
2025-05-04T10:14:42,2166762.365,2402036.5122,3272230.182,1925906.6582
2025-05-04T11:16:10,2171647.7115,2304521.3363,3247502.6241,1938265.4817
2025-05-04T12:18:55,2122992.1021000003,2171800.8888,3277221.146,2036995.9677
2025-05-04T13:13:50,2097997.7,2110465.6799,3187895.5493,2054004.72
2025-05-04T14:21:06,2059281.1924,2020842.1942,3050895.5824,1989848.6498
2025-05-04T15:13:57,2043092.5396,1954917.1388,2966357.0727,1974677.7367
2025-05-04T16:18:27,2006440.3379,1895193.0534,2856636.1856,1921651.6033
2025-05-04T17:15:08,1971358.0265000002,1844457.329,2757366.3032,1943436.4427
2025-05-04T18:15:21,1946069.4641,1841410.433,2631744.3546,1899283.9654
2025-05-04T19:15:31,1904677.5359,1826432.7747,2496352.0813,1876092.5150000001
2025-05-04T21:19:52,1859690.619,1849865.6258999999,2387943.0036,1825500.5455
2025-05-04T23:11:26,1844032.0854,1863502.4312,2361199.0228,1818968.0421
2025-05-05T00:21:05,1814277.9544000002,1793491.2952999999,2290140.5921,1814120.3104
2025-05-05T01:18:04,1813895.6722000001,1787232.3431,2303515.6827,1810767.7229
2025-05-05T02:25:16,1812676.3547,1780710.7908,2340112.0158,1834746.152
2025-05-05T03:17:58,1811298.3353,1776880.9045,2391111.8303,1891487.2699
2025-05-05T04:23:31,1809426.4773000001,1771483.6832,2488232.6297,1889574.8054
2025-05-05T05:18:51,1804337.2855,1768342.2038,2492641.7138,1908922.2268
2025-05-05T06:18:57,1793935.163,1749350.3401,2488810.2584,1885986.6868
2025-05-05T07:14:24,1807352.8852000001,1685243.8927,2512758.3817,1941013.0071
2025-05-05T08:33:37,2113160.8701,1726650.8429999999,2985600.1634,2086265.3859
2025-05-05T09:27:56,2260574.6119,1792435.3357,3228732.0412,2378543.5827
2025-05-05T10:18:44,2326371.89,2043892.07,3256494.8793,2386862.1367
2025-05-05T11:18:34,2345205.085,2101513.3841,3327958.5643,2532037.9789
2025-05-05T12:22:36,2340354.6579,1905098.2923,2506990.7396,2492149.0996
2025-05-05T13:15:13,2303723.416,2171695.5235,3274215.1608,2445798.5027
2025-05-05T14:20:50,2275062.1412,1795072.1405,2924686.4154,2245864.9886
2025-05-05T15:12:39,2275330.0568,2198527.9262,3073722.3764,2403556.2822
2025-05-05T16:18:53,2303603.7516,2227616.2149,3108740.6612,2411346.0388
2025-05-05T17:16:05,2312117.2021,2234531.3316,3086712.2,2453224.3031
2025-05-05T18:16:39,2324325.9395,2313582.3471,3039958.7482,2496891.5364
2025-05-05T19:16:01,2266707.3808999998,2266515.0883,3045499.3772,2455835.3006
2025-05-05T21:17:15,2141108.7895,2195350.2659,2811985.7657,2392976.5693
2025-05-05T23:07:11,2125541.6944999998,2117756.6141,2741232.9719,2264170.707
2025-05-06T00:20:30,2169539.6738,2106076.1845,2685097.7489,2211087.8415
2025-05-06T01:17:35,2159546.7813,2071104.8381,2626634.3928,2127577.6675
2025-05-06T02:23:50,2148302.8839,2063578.8476,2662840.3709,2177265.89
2025-05-06T03:17:00,2141058.9328,2077878.939,2714921.7479,2172540.6696
2025-05-06T04:22:45,2088067.2548999998,2071550.8144,2801407.0049,2204666.3493
2025-05-06T05:18:32,2080871.3843999999,2069211.3244,2791180.5754,2176437.1782
2025-05-06T06:18:21,2074696.2713,2041567.0394,2742845.8414,2110871.552
2025-05-06T07:14:28,2099945.364,1929807.0551,2825597.2516,1966462.162
2025-05-06T08:35:20,2042067.165,2257618.7458,3194971.3415,2033185.7736
2025-05-06T09:29:44,2335613.5169,2511808.0536,3217179.6234999998,2359052.9013
2025-05-06T10:17:22,2412510.627,2472709.7842,3249311.8552,2381829.8616
2025-05-06T11:22:01,2381418.2717,2471085.6846,3154623.9517,2468636.6562
2025-05-06T12:19:34,2418357.8063,2497007.9856,3172935.2063,2273251.7125
2025-05-06T13:15:37,2428539.4502,2504920.1726,3246102.4257,2254375.6794
2025-05-06T14:23:08,2314842.3859,2545533.0254,3304560.2887,2208791.0319
2025-05-06T15:12:51,2354579.4603999997,2489762.1174,3226478.9724,2321603.077
2025-05-06T16:19:06,2372753.891,2578877.5128,3105744.9316,2316199.2231
2025-05-06T17:16:11,2369240.3652999997,2584732.9604,3025233.4247,2263737.7629
2025-05-06T18:15:58,2323611.0071,2508315.0054,3033158.5311,2218112.9974
2025-05-06T19:15:45,2295248.6518,2541675.5584,2968323.3196,2215894.9578
2025-05-06T21:17:43,2261567.5782999997,2402267.5834,2789558.593,2198567.6242
2025-05-06T23:08:28,2230842.9525,2352917.7456,2758570.9667,2144840.8991
2025-05-07T00:20:10,2216469.1061,2386457.6005,2691729.7954,2076003.9404
2025-05-07T01:17:25,2213362.29,2387464.7053,2662452.7483,2046307.5918999999
2025-05-07T02:24:14,2205358.7028,2386283.3292,2687337.9116,2034030.7361
2025-05-07T03:17:34,2200786.8053,2452447.0941,2765213.205,2059693.1639999999
2025-05-07T04:23:38,2197823.5872,2445572.5921,2903688.2671,2095273.814
2025-05-07T05:18:40,2189276.8746,2440416.2991,2891510.1143,2089116.6829
2025-05-07T06:19:12,2174827.8685,2411284.6349,2843607.9086,2054815.9423
2025-05-07T07:15:14,2148831.2191,2418958.481,3030029.5856,2080020.8909
2025-05-07T08:35:58,2346694.1792,2559697.3727,3084903.3442,2172050.3492
2025-05-07T09:30:58,2418461.7818,2673439.0609999998,3081760.6485,2251364.6348
2025-05-07T10:17:43,2500031.2626,2770575.3916,3122726.7392,2344926.1448
2025-05-07T11:20:00,2461267.6496,2781652.6343,3135769.9755,2431465.2317
2025-05-07T12:21:52,2500512.688,2792248.8159000003,3102603.236,2360193.636
2025-05-07T13:17:25,2404040.5944,2729232.4452,3025680.27,2243911.4592
2025-05-07T14:24:18,2368014.3152,2685673.5778,3045969.8541,1834125.1122
2025-05-07T15:14:35,2347692.1936,2707226.8617000002,2983891.1177,2162997.2441
2025-05-07T16:19:01,2341491.9266,2740617.0121,3101198.5822,2139371.716
2025-05-07T17:15:08,2423607.9747,2913194.8497,2945541.593,2294481.2857
2025-05-07T18:16:35,2374369.9581999998,2808503.1966,2872306.6572,2310389.4237
2025-05-07T19:16:24,2321364.3058,2689674.1705,2760080.0764,2265020.0268
2025-05-07T21:18:27,2228878.2561,2568457.0393,2670350.5342,2098237.4722
2025-05-07T23:09:58,2212266.8817,2582786.5183,2537233.861,2117992.2240999998
2025-05-08T00:21:14,2259061.0277,2622570.4086,2500418.8624,2112764.5199
2025-05-08T01:17:31,2223149.2293,2639366.9801000003,2410152.8741,2083994.6219
2025-05-08T02:24:57,2214995.8497,2632014.4555,2425426.1698,2130290.7579
2025-05-08T03:17:05,2208381.9112,2624911.3269,2435010.3373,2110676.3931
2025-05-08T04:22:31,2206799.4857,2675946.1668000002,2502947.0069,2104134.1521
2025-05-08T05:18:28,2201148.1642,2663990.7896000003,2608432.6456,2078860.8828
2025-05-08T06:19:03,2273895.3118,2630292.7321,2609005.2069,2070842.1479
2025-05-08T07:14:43,2320751.7057000003,2586593.3813,2710642.8832,2170334.0797
2025-05-08T08:33:28,2428880.109,2465256.8258,2849227.4377,2289486.1284
2025-05-08T09:28:59,2487344.2355,2523833.4368000003,3049056.0826,2304934.5818
2025-05-08T10:15:17,2516321.1435000002,2550374.022,3097750.7646,2255206.2847
2025-05-08T11:18:21,2467367.6858,2613078.5629,3227589.4189,2284923.2368
2025-05-08T12:21:24,2371102.614,2674275.315,3173427.0026,2359447.3202
2025-05-08T13:14:56,2379102.5441,2806922.1504,3123891.4216,2338121.4208
2025-05-08T14:23:34,2353092.8985,2774961.2692,3008533.2787,2351067.3057999997
2025-05-08T15:14:12,2393944.7741,2775314.6197,3023743.7102,2416152.2993
2025-05-08T16:18:54,2356287.8279,2755035.878,2940773.3451,2497046.1667
2025-05-08T17:16:06,2282181.9437,2564215.4024,2838820.4986,2517540.7513
2025-05-08T18:16:17,2226038.8369,2707375.6396,2731325.3495,2517640.4704
2025-05-08T19:16:51,2150159.6973,2631871.5872,2650033.624,2472735.5027
2025-05-08T21:17:36,2092343.6811,2414147.8815,2543582.8962,2375023.7661
2025-05-08T23:10:28,2144788.5307,2503712.4339,2483915.5414,2351745.1525
2025-05-09T00:20:45,2059145.2492,2565639.373,2463755.244,2349691.8268
2025-05-09T01:17:18,2053217.1686,2576523.754,2432828.6992,2321803.8762
2025-05-09T02:24:33,2048239.3148,2566623.4806,2431717.8172,2294130.2199
2025-05-09T03:16:52,2045250.7503,2570574.6788,2421787.5844,2278471.0007
2025-05-09T04:22:13,2037408.9308,2561052.8408,2420128.9104,2269671.5222
2025-05-09T05:18:14,2030483.3379,2547497.2271000003,2411615.1781,2267618.9007
2025-05-09T06:17:49,2007514.8984,2506158.359,2461225.0050999997,2270298.077
2025-05-09T07:13:59,1918473.0401,2513101.5691,2507974.7827,2175699.834
2025-05-09T08:32:57,2043911.8401,2630164.3467,2499715.0275,2162339.3165
2025-05-09T09:27:45,2181289.9402,2814013.2061,2522462.6198,1995315.8456
2025-05-09T10:16:56,2129632.1619,2848013.7201,2553884.816,2031746.3617
2025-05-09T11:17:31,2288721.5339,2891149.4255,2503699.0372,2138885.0878
2025-05-09T12:20:38,2452861.7953,3002223.5212,2566626.2944,2220771.1756
2025-05-09T13:15:18,2504590.4568,2979852.6291,2504752.3487,2243082.3194
2025-05-09T14:22:40,2447233.9271,3005844.823,2491769.5154,2114988.599
2025-05-09T15:13:53,2462270.0965,2989354.269,2526402.0469,2141571.508
2025-05-09T16:18:42,2535236.9473,2925054.8762,2600369.2999,2152878.0329
2025-05-09T17:15:11,2683487.1275,2948781.8078,2697384.1262,2125382.7229
2025-05-09T18:16:04,2540792.4758,3008732.6794000003,2651352.6627,2223974.3769
2025-05-09T19:15:32,2467324.9509,2979118.7674000002,2883813.9268,2189731.0306
2025-05-09T21:14:47,2319882.8879,2906002.9085,2808232.17,2045842.8457
2025-05-09T23:02:18,2284321.8301,2854721.9707,2771680.6502,2048656.0098
2025-05-10T00:19:24,2260079.9283,2836432.3914,2701182.2095,2111861.0774
2025-05-10T01:15:44,2228063.0033,2840816.0438,2669166.0136,2101095.1216
2025-05-10T02:21:28,2199659.9839999997,2837981.2209,2660571.0111000002,2034985.9857
2025-05-10T03:14:59,2196346.8801,2825872.7649,2686536.9183,2022756.398
2025-05-10T04:19:36,2190288.4054,2769973.9675,2676915.3234,1993400.7934
2025-05-10T05:15:45,2184325.8924,2750586.0335,2699602.9319,2051770.2709
2025-05-10T06:16:21,2185334.6032,2761497.6427,2664293.8501,2059492.293
2025-05-10T07:14:09,2175187.1571,2744873.9337,2692357.0155,1956545.0778
2025-05-10T08:29:56,2249541.7307,2699901.506,2836629.2229,2173915.7412
2025-05-10T09:23:21,2259127.5398,2619286.5367,2720449.2666,2160360.755
2025-05-10T10:14:22,2364582.7819,2690691.7593,2879455.7172,2142094.7597
2025-05-10T11:16:20,2581704.5864,2741433.8345,2894553.1719,2121387.1114
2025-05-10T12:19:52,2282464.2454999997,2877338.8948,3030240.0243,1844334.6592
2025-05-10T13:13:41,2579896.8659,2953659.7199,3105427.4759,2379135.6335
2025-05-10T14:20:16,2598581.8185,3070250.6995,3100017.2876,2375366.7078
2025-05-10T15:12:53,2631014.2706,2998195.8268,3073879.0327,2291686.2079
2025-05-10T16:17:05,2560273.5651,3057471.9611,3034843.2246,2255088.3973
2025-05-10T17:14:11,2434732.5794,2963057.5379,2896860.4774,2201241.7367
2025-05-10T18:14:51,2430743.4501,2977430.7755,2812587.644,2096668.6264
2025-05-10T19:15:18,2382598.0909,2897039.8926,2780330.5622,2027456.5119
2025-05-10T21:22:28,2261541.4211,2696118.1611,2827808.5864999997,2040968.3055
2025-05-10T23:13:08,2177465.3368,2596060.2751,2769993.3246,2009999.2355
2025-05-11T00:20:10,2153965.575,2603373.8798,2702568.9854,1947096.1153
2025-05-11T01:16:09,2121473.517,2552788.7475,2672111.8189,1931298.8337
2025-05-11T02:22:06,2096606.3377,2498639.5359,2535380.5809,1859681.7268
2025-05-11T03:15:43,2048815.2101,2481989.7516,2610473.1892,1857443.1146
2025-05-11T04:20:00,2012914.0537,2469936.3927,2626296.9344,1857383.9068
2025-05-11T05:16:17,2003612.8808,2438232.1964,2580100.0957,1842334.0662999998
2025-05-11T06:16:00,1954394.1911,2335952.7068000003,2660914.0312,1685727.5263
2025-05-11T07:13:02,1957513.8434000001,2310473.1195,2582158.2437,1738955.5548
2025-05-11T08:30:09,1970235.6027,2269162.2213,2341129.4056,1701601.9506
2025-05-11T09:23:38,2005482.177,1831160.0219,1458040.5659,1663313.8729
2025-05-11T10:14:58,1986859.7733,2172730.894,2282408.6465,1681789.4386
2025-05-11T11:15:26,1898194.742,2122922.7603,2180710.0994,1771907.5313
2025-05-11T12:18:35,1827357.3627,2000639.5792999999,2106372.6844,1690688.3396
2025-05-11T13:13:43,1793531.4394,1941517.6048,2152736.7648,1650421.0304
2025-05-11T15:12:50,1796287.5456,1772993.1023,2092981.714,1659509.9079
2025-05-11T16:17:12,1808275.6247,1779113.9881,2031862.2403,1585125.68
2025-05-11T17:14:44,1816118.967,1684284.6728,1973812.0179,1538831.2203
2025-05-11T18:15:11,1791392.8280000002,1605590.9915,1895289.5228,1491282.8647
2025-05-11T19:15:11,1796241.4933,1532048.2285,1841713.7722,1435361.7102
2025-05-11T21:20:37,1770471.7317000001,1540186.0666,1868673.1312,1412833.1367
2025-05-11T23:13:02,1728527.7019,1236202.6556,1891337.98,1090517.5169
2025-05-12T00:23:36,1753826.0921,1509046.0392,1881750.8394,1354800.9514
2025-05-12T01:17:46,1751841.5046,1500259.6869,1863958.1845,1323598.5783
2025-05-12T02:25:19,1750695.0555,1494759.5693,1887493.0586,1315934.3158
2025-05-12T03:17:57,1749368.7859,1491756.0977999999,1902143.8455,1415298.1818
2025-05-12T04:23:45,1763795.0407,1453940.5577,1933682.491,1449573.6594
2025-05-12T05:19:23,1757099.4668,1449182.6582,1922751.0547,1461060.5606
2025-05-12T06:19:33,1777823.6265,1498449.9193,1938192.9361999999,1466350.3119
2025-05-12T07:14:45,1743663.1847,1592073.2559,2037959.96,1498830.6566
2025-05-12T08:35:59,1896624.0579000001,1903329.7803,2036133.3263,1555241.4793
2025-05-12T09:30:15,2006372.1315000001,2065118.2038,2217570.699,1751024.0021
2025-05-12T10:18:38,2111553.4573,2155987.6265,2187222.2509,1855812.554
2025-05-12T11:20:25,2179811.6846000003,2375723.3411,2205972.9842,2076189.8259
2025-05-12T12:21:47,2134941.3244000003,2456155.5705,2261538.7207,1977557.905
2025-05-12T13:14:56,2089260.6187000002,2525006.521,2226031.7797,1989312.9487
2025-05-12T14:23:09,2079268.0706,2606834.9093,2274237.9238,1984877.8505
2025-05-12T15:14:27,2045619.0271,2572306.2538,2166568.2467,1965475.4684
2025-05-12T16:19:21,2088633.2868000001,2693452.5186,2247489.574,2078110.7231
2025-05-12T17:15:58,2113621.2274,2688798.9143,2283471.4352,2152956.1193
2025-05-12T18:16:38,2139234.4689,2671722.2152,2373799.4258,2280388.0939
2025-05-12T19:16:08,2120137.0709,2591003.9315,2342210.262,2165006.6939
2025-05-12T21:19:05,2032171.179,2468068.5329,2222285.8493,2072637.0918999999
2025-05-12T23:10:38,1988369.2951,2399605.398,2323611.7955,2002324.5054
2025-05-13T00:21:32,1971839.5578,2360410.9832,2251649.4187,2003375.4215
2025-05-13T01:17:22,1960864.9196000001,2368527.376,2288125.1309,1979295.9054999999
2025-05-13T02:24:42,1947274.8258000002,2333445.5788000003,2237420.6565,1806463.8606
2025-05-13T03:17:42,1941624.8648,2327252.6673,2339726.2903,1859068.5244
2025-05-13T04:23:12,1937463.6627,2319037.133,2349914.7867,1931224.9535
2025-05-13T05:18:33,1933202.0857,2282231.0132,2352453.1435,1922596.5475
2025-05-13T06:18:57,1940895.8729,2174775.8307,2417233.7201,1909325.8787
2025-05-13T07:15:16,2008638.7943,2173357.1349,2380724.2843,1785937.6990999999
2025-05-13T08:35:02,2133576.5429000002,2029745.8011,2340180.1318,1972762.5254
2025-05-13T09:31:06,2233361.9742,1985574.2118,2308526.0595,1546663.4797
2025-05-13T10:18:00,2300708.5327,2025680.1374,2297345.0937,1604662.2806
2025-05-13T11:18:15,2245300.1931000003,2053436.5746,2296945.9462,1568825.2726
2025-05-13T12:22:00,2085090.9775,1976256.462,2359458.9282,1682157.5567
2025-05-13T13:16:01,2113229.8876,2060968.607,2407693.854,1562646.1831
2025-05-13T14:24:15,2052728.3976,2042434.3776,2432736.9529999997,1484975.624
2025-05-13T15:14:19,2084089.56,2112742.1078,2414039.1992,1469382.2859
2025-05-13T16:19:21,2041689.052,2094965.9967,2319225.7968,1388421.5758
2025-05-13T17:16:13,1994471.0498000002,2058252.9535,2277186.5729,1426595.1167
2025-05-13T18:16:56,1953471.2573,2054014.0824,2260527.1006,1534301.2321
2025-05-13T19:16:14,1922287.8184,2065419.9156,2254471.2847,1596490.824
2025-05-13T21:17:45,1826083.5571,1938589.3323000001,2196021.7819,1462598.4806
2025-05-13T23:09:00,1776858.8360000001,1909174.3506,2112929.8393,1385896.0136
2025-05-14T00:20:53,1772897.5645,1823021.3844,2065729.8311,1410333.3386
2025-05-14T01:17:36,1772117.062,1815475.9251,2037555.8288,1394793.9818
2025-05-14T02:24:21,1746624.3424,1814299.6067000001,2028056.081,1359170.2853
2025-05-14T03:17:05,1742760.8117,1804842.239,2073839.4468,1416681.1692000001
2025-05-14T04:22:31,1738962.1387,1790231.8815000001,2056411.7475,1436454.5077
2025-05-14T05:18:28,1734809.1395,1763693.7134,2150412.3803,1428392.5165
2025-05-14T06:18:58,1721731.9256,1743116.0904,2215247.8734,1374885.2241
2025-05-14T07:14:50,1776103.8198,1803714.4385,2187308.8098999998,1384380.3483
2025-05-14T08:33:52,1850763.6353,1912061.2934,2515584.9926,1360158.3485
2025-05-14T09:29:10,1964180.7703,2073881.2195,2206964.6782,1525281.7475
2025-05-14T10:17:38,1965635.2276,2199250.2143,2155167.7036,1607115.629
2025-05-14T11:18:33,1992496.3349000001,2233907.842,2234108.8061,1794039.758
2025-05-14T12:21:21,2077375.7121,2233497.5495,2224022.7183,1723900.2695
2025-05-14T13:15:25,2101597.2547,2217976.7564,2173171.8129,1648469.0729
2025-05-14T14:22:07,2032631.2056,1916627.0451,1979409.5855,1694736.3178
2025-05-14T15:14:11,2008124.4233000001,2247350.5605,2349363.6221,1646384.5174
2025-05-14T16:16:30,1981563.9851,2272243.406,2254752.7386,1536333.3106
2025-05-14T17:14:46,1961585.9383,2263264.7208000002,2166729.1751,1484405.9041
2025-05-14T18:13:58,1955630.4721000001,2437371.5998,2064226.9192,1532265.836
2025-05-14T19:15:08,1931576.1991,2341719.7483,2072933.4327,1526813.403
2025-05-14T21:15:54,1943488.3586000002,2208011.6642,1907894.7044,1432463.0881
2025-05-14T23:08:26,1889713.2906,2144746.7424,1909908.4938,1377162.8942
2025-05-15T00:20:50,1885456.7642,2109411.084,1878553.1392,1304988.9604
2025-05-15T01:18:06,1871446.3585,2118827.8873,1893388.3861,1318260.8156
2025-05-15T02:24:58,1862039.2625,2102758.6433,1908270.3522,1311186.0494
2025-05-15T03:17:37,1820895.9202,2092689.147,1948293.8399,1318474.3128
2025-05-15T04:22:55,1844796.9504,2082184.9112,1995346.0044,1353177.4159
2025-05-15T05:18:31,1840649.7286,2074099.176,1997235.2419,1405562.9875
2025-05-15T06:18:49,1826324.7047000001,2064024.4109,2088747.747,1284835.913
2025-05-15T07:15:15,1815617.3095,2084085.1764,3473419.6092000003,1284538.6664
2025-05-15T08:33:58,1984845.187,2208102.3414,3509198.7943,1453414.144
2025-05-15T09:27:48,2037537.4558,2194842.1499,3439388.2994,1437496.5785
2025-05-15T10:17:53,2030334.4175000002,2277139.3477,3405218.1593,1355859.6692
2025-05-15T11:17:08,2082411.4981000002,2233109.9173,3338067.6458,1568471.6063
2025-05-15T12:21:41,2024353.8842000002,2231193.9406,3262426.8497,1527234.342
2025-05-15T13:15:40,2009357.8082,2220778.0372,3234227.1159,1459538.1406
2025-05-15T14:23:53,1965104.5843,2220719.7305,3162430.7421,1378076.4686
2025-05-15T15:13:48,1941931.0654,2219950.0937,3188190.6491,1271965.1986
2025-05-15T16:19:27,1942559.0366,2237050.0508,3252968.6196,1347582.1224
2025-05-15T17:16:12,1900014.7057,2228121.1395,3245144.0425,1501549.8288
2025-05-15T18:15:53,1863266.7252,2249009.8121,3199026.6285,1572273.7014
2025-05-15T19:16:54,1826535.2925,2199719.1489,3212217.7796,1616657.2096
2025-05-15T21:18:37,1813076.4468,2097763.0711,3097211.9549,1548667.8551
2025-05-15T23:11:14,1797036.8494,2023214.9305,3088335.9794,1533367.0961
2025-05-16T00:21:49,1752981.0323,1996973.2645999999,3061186.7975,1531216.0039
2025-05-16T01:17:56,1792304.6362,1993767.9319,3178124.8619,1512058.8094
2025-05-16T02:25:05,1773852.3087,1971318.8493000001,3167550.9775,1495044.5784
2025-05-16T03:17:15,1765940.0636,1958653.6875,3159341.0217999998,1541646.9169
2025-05-16T04:22:19,1761266.7277,1944932.3838,3140478.8087999998,1516822.9664
2025-05-16T05:18:12,1756707.6557,1906807.7786,3146838.7056,1518331.7417
2025-05-16T06:18:39,1680794.3144,1918369.3114,3173206.4809,1519823.5359
2025-05-16T07:14:49,1702654.524,1914125.9766000002,3248048.7207,1191369.7387
2025-05-16T08:33:58,2022698.8594,2009842.9749,3610754.3508,1323972.3099
2025-05-16T09:28:41,2229051.8747,2112908.625,3525059.772,1469457.9082
2025-05-16T10:16:46,2201849.811,2211978.7302,3605132.3715999997,1403248.5449
2025-05-16T11:16:15,2136278.7778000003,2167793.6801,3608035.1138,1359711.7673
2025-05-16T12:21:04,2073737.7518,2159653.1876,3588542.003,1359118.8342
2025-05-16T13:14:23,2043432.2201,2113060.4099,3487696.6053,1257830.8502
2025-05-16T14:23:12,1968622.2891000002,2043502.3044999999,3428604.0864,1106344.7611
2025-05-16T15:14:18,1951682.3447999998,2092125.3832,3471597.0989,1102026.023
2025-05-16T16:19:01,1996014.7624000001,2182518.9501,3421982.2791999998,1124272.7229
2025-05-16T17:15:40,2012421.442,2084436.5296,3387535.3368,1153705.63
2025-05-16T18:16:03,1960473.5673,2147967.4363,3306230.0036,1300896.0875
2025-05-16T19:16:03,1953384.3406,2065849.8595,3179370.1099,1343291.7596
2025-05-16T21:16:44,1877425.4078,1943781.906,3078786.3214000002,1333448.5415999999
2025-05-16T23:06:10,1809914.9407,1936483.3253,2973356.466,1421168.7429
2025-05-17T00:19:49,1828081.308,2067851.0332,2925693.8505,1466875.5733999999
2025-05-17T01:16:05,1822229.2718,2037721.3534,2938047.8079,1416278.481
2025-05-17T02:21:51,1817765.3050000002,1986374.6305,2953403.3397,1358526.4732
2025-05-17T03:15:20,1812555.7174,1944655.6106,2904030.0289,1397115.67
2025-05-17T04:20:02,1806061.3565,1916891.9224999999,2907878.9305,1445720.8836
2025-05-17T05:16:30,1804004.2006,1884453.8121,2925738.4143000003,1412746.9872
2025-05-17T06:17:20,1801269.4695000001,1851209.4119,1622422.8277,1373823.8510999999
2025-05-17T07:13:33,1762385.3024000002,1921861.8356,1724403.6747,1310252.4489
2025-05-17T08:30:32,2046269.553,2099865.2826,1865638.1728,1286100.4884
2025-05-17T09:23:27,1995369.7201,2025269.1114,2070132.4886,1168808.4954
2025-05-17T10:14:33,2075231.039,2094359.0363,2087231.0433,1140265.9628
2025-05-17T11:15:42,2131897.8722,2231661.0856,2139291.9095,1118528.73
2025-05-17T12:19:19,2193346.8479999998,2297857.6627,2104450.0364,1071507.8834
2025-05-17T13:14:05,2193083.7583,2358345.6223,2069258.8332,997941.4998999999
2025-05-17T14:21:33,2109319.8501,2283069.0392,1927386.8676,1007981.3096
2025-05-17T15:13:44,2035529.0629,2311962.5696,1967028.8884,1069475.2198
2025-05-17T16:17:23,1940089.8701,2301107.7713,1886395.0292,1089796.9572
2025-05-17T17:14:54,1887258.0593,2396173.8617,1804160.5233,1116683.1645
2025-05-17T18:14:59,1847664.7283,2317526.0006,1717875.1679,1064561.0773
2025-05-17T19:15:13,1844744.3455,2290652.0801,1617857.0951,1029359.151
2025-05-17T21:23:18,1775647.9226,2148759.6033,1511532.6014,892076.539
2025-05-17T23:16:10,1779706.7572,2117971.9723,1425907.9853,864798.8668
2025-05-18T00:22:56,1817983.963,2084866.6519,1372982.5433,827923.2868
2025-05-18T01:16:20,1754811.3109000002,2175158.2451,1368242.0153,845879.4124
2025-05-18T02:23:00,1676598.3846,2129529.8919,1296118.9083,779723.0681
2025-05-18T03:15:20,1664057.4737,2101322.325,1272087.4054999999,768296.3752
2025-05-18T04:20:14,1660851.8946,2077024.2800999999,1248718.8633,750074.0831
2025-05-18T05:16:03,1656919.6374,2081503.9954,1233630.731,738930.5374
2025-05-18T06:16:57,1629323.2741999999,2046361.5774,1223326.0904,721222.6832
2025-05-18T07:13:13,1664795.0981,1967843.8111,1202861.0431,669775.0286
2025-05-18T08:30:48,1585152.0178,1964151.0571,1138033.5025,828988.144
2025-05-18T09:24:26,1584911.7499,2011519.672,1028551.7161,739808.2161
2025-05-18T10:14:37,1555043.1391,1930070.6242,1033463.9076,730602.0163
2025-05-18T11:16:09,1530204.8086,1811652.2236,1113654.5889,680836.4418
2025-05-18T12:18:40,1511504.7477,1732444.8273,1153968.2417,719443.4093
2025-05-18T13:14:13,1505334.5581,1682657.5611,1159194.5598,690655.5948
2025-05-18T14:21:08,1495956.2409,1666848.3523000001,1201905.7586,673588.2403000001
2025-05-18T15:13:17,1490045.7844,1650649.0194,1172182.9836,676120.4076
2025-05-18T16:18:03,1487854.6987,1617874.6879,1151928.0067,654319.4781
2025-05-18T17:15:14,1488138.7974,1560584.2934,1081845.3455,664181.6932
2025-05-18T18:15:27,1528233.9437,1501749.1829,1025779.8665,691834.7129
2025-05-18T19:15:53,1522355.1557,1492696.9595,1005126.6451,699552.1921
2025-05-18T21:22:03,1567005.1744,1511942.9199,919359.5338,723350.0765
2025-05-18T23:16:50,1577031.4226,1520400.9076,900759.2631,747133.4332
2025-05-19T00:25:20,1580606.3939,1542407.9264,940141.3458,730312.9861
2025-05-19T01:17:39,1568467.0254,1527653.2651,867328.3744,706253.6852
2025-05-19T02:25:44,1538015.7454,1552405.7411,852863.0293,675698.9622
2025-05-19T03:17:58,1537795.4154,1544191.4094,910821.8519,660822.1853
2025-05-19T04:24:45,1537069.4854,1532928.7439,1000490.8322,643655.1279
2025-05-19T05:19:54,1535574.7494,1522136.6998,1041567.5482,629613.5005
2025-05-19T06:19:40,1524634.8117,1495790.1652,1068981.2586,611999.6275
2025-05-19T07:15:16,1465830.4540000001,1475803.3471,1075549.9048,603474.0266
2025-05-19T08:35:29,1644738.3898,1668844.5136,1364433.836,723250.4552
2025-05-19T09:30:29,1808581.7303,2112296.9429,1572810.321,834911.9155
2025-05-19T10:18:01,1898855.4745,2152547.0493,1535834.6375,1182733.6534
2025-05-19T11:19:23,2009143.8914,2271457.734,1485967.5973,1254456.4934
2025-05-19T12:21:42,2091557.1222,2271237.7748,1555681.2004,1370013.754
2025-05-19T13:15:42,2036514.5132,2341164.9659,1443568.6549,1426173.6959
2025-05-19T14:24:19,2170856.7381,2406531.8717,1452388.6424,1420103.8646
2025-05-19T15:14:12,2154916.0327,2366923.0848,1502018.3695,1472573.8014
2025-05-19T16:18:53,2107318.4378,2580414.3797999998,1543348.4237,1521251.2289
2025-05-19T17:16:11,2020854.3072,2696002.4749,1639176.9684000001,1523048.4905
2025-05-19T18:16:42,1926158.9297,2711565.1183,1603011.5042,1625478.6531
2025-05-19T19:16:24,1885825.6269,2563286.0569,1509575.64,1642880.4984
2025-05-19T21:19:48,1812802.1269,2442544.7711,1421699.5001,1499742.7914
2025-05-19T23:11:18,1786885.4448,2411946.4761,1327818.9821,1397383.6123
2025-05-20T00:21:00,1723345.3986,2333287.2329,1284314.483,1244679.1111
2025-05-20T01:17:38,1722027.2634,2328225.7616,1273372.8775,1313697.2934
2025-05-20T02:25:09,1707567.7462,2297145.339,1253407.1328,1269353.9687
2025-05-20T03:17:23,1703503.5455,2275624.546,1243386.1537,1248763.4486
2025-05-20T04:24:07,1699013.8066,2312368.0329,1233551.1645,1226292.3579
2025-05-20T05:19:22,1697390.3375,2243675.966,1215257.785,1202903.4918
2025-05-20T06:19:11,1688299.1128,2239647.1629,1228838.7621,1161808.1346
2025-05-20T07:15:08,1655286.6835999999,2115510.5717,1316503.4718,1087242.6562
2025-05-20T08:35:34,1653457.6346,2096501.2901,1180050.8325,1014190.0247
2025-05-20T09:30:52,1667050.0833,2025760.4072,1197483.178,1154018.0167
2025-05-20T10:17:43,1708403.2798,2115437.3611,1233056.5063,1186785.4557
2025-05-20T11:19:13,1742981.7308,2204542.5283,1249689.9958,1275230.5027
2025-05-20T12:21:40,1755024.3318999999,2180077.8353999997,1236548.6288,1245779.6713999999
2025-05-20T13:15:28,1708760.4695,2221748.6906,1211715.6984,1147209.5498
2025-05-20T14:24:04,1639185.1559,2115420.6266,1108864.0268,1014608.7895
2025-05-20T15:13:48,1718006.5419,2157183.9108,1100368.6485,1157565.5166
2025-05-20T16:19:21,1761224.9343,2213234.6801,1096002.8976,1223532.2237
2025-05-20T17:16:11,1732928.8599,2235433.9213,1167773.5183,1286636.6732
2025-05-20T18:16:11,1725960.6249,2191461.9516,1203633.7949,1246845.576
2025-05-20T19:16:01,1726713.6908,2180452.6574,1335288.3441,1305486.3008
2025-05-20T21:19:24,1669974.5074,2090843.178,1250213.2829,1249219.9715
2025-05-20T23:10:43,1698300.1103,1968064.6852,1183821.8784,1133443.7497999999
2025-05-21T00:21:16,1685895.994,2022652.5128000001,1224401.8988,1133769.0455
2025-05-21T01:17:37,1673500.6111,1994562.3938,1188699.8024,1126964.8284
2025-05-21T02:25:20,1659117.6661999999,1972638.7307,1155282.2113,1105447.1055
2025-05-21T03:16:58,1656071.3053,1951906.1954,1230432.9921,1089548.6129
2025-05-21T04:23:04,1657535.2511,1938850.7712,1202267.6037,1071616.1875
2025-05-21T05:19:11,1655370.9897,1894161.5045,1309284.5372,1056302.4692
2025-05-21T06:19:03,1669684.3091,1850654.3338,1389782.699,1045301.442
2025-05-21T07:15:08,1696359.2469,1859533.1355,1441125.2634,1087471.0833
2025-05-21T08:34:29,1771849.2769,2117403.6410000003,1547958.7006,967149.597
2025-05-21T09:29:44,1699404.3005000001,2260251.2199,1506370.0604,861140.9599
2025-05-21T10:17:51,1763581.0409,2427881.682,1461372.7624,1080459.4486
2025-05-21T11:19:45,1796434.8206,2334008.2513,1488611.8971,1081733.2682
2025-05-21T12:21:46,1859085.5405,2265496.9575,1516383.2262,1172840.1953
2025-05-21T13:15:35,1792591.1165,2250017.1651,1445021.1459000001,1194439.5703
2025-05-21T14:24:30,1788987.1149,2260662.0551,1469808.9155,1107875.4185
2025-05-21T15:14:13,1831025.8371,2388095.4605,1492845.2275,1029743.5294
2025-05-21T16:19:01,1784346.8753,2350036.3001,1620760.6203,1020559.9153
2025-05-21T17:16:10,1744520.2872,2273470.0155,1632759.6364,1055399.3648
2025-05-21T18:16:20,1829856.2537,2238003.1162,1669920.5058,1073884.0765
2025-05-21T19:16:11,1764672.4847,2255494.6678,1622481.4267,1093202.4896
2025-05-21T21:18:30,1669282.1135,2091343.6802,1583634.8092,964067.3982
2025-05-21T23:11:02,1637824.8111,2007057.229,1563188.1491999999,954356.8179
2025-05-22T00:22:24,1614906.2839,1992980.983,1553495.8973,968074.0160000001
2025-05-22T01:17:53,1603655.0128000001,1978077.5127,1535066.0799,945850.846
2025-05-22T02:24:45,1593946.8458,1958977.2756,1495517.714,925774.0271
2025-05-22T03:17:16,1590639.2509,1942458.0833,1503446.3126,897149.6061
2025-05-22T04:22:48,1588754.3948000001,1923139.9436,1516719.6455,889830.0109
2025-05-22T05:18:32,1589211.8614,1878218.0786000001,1538837.3466999999,885381.5186
2025-05-22T06:18:45,1542868.4944,1868138.2836,1688168.8533,906722.4905
2025-05-22T07:15:38,1564673.9961,1769014.5314,1682626.3996,834796.3882
2025-05-22T08:35:16,1571583.0375,1996334.3811,1667929.8687,750015.7656
2025-05-22T09:30:03,1613383.2322,2120593.8475,1726451.9567,731704.6782
2025-05-22T10:17:41,1637790.6365,2217296.5816,1702512.4622,717322.5261
2025-05-22T11:18:56,1589185.5864000001,2147462.887,1590192.1594,762711.122
2025-05-22T12:21:38,1606825.2948,2066158.1794,1530864.7095,871550.0908
2025-05-22T13:15:41,1618967.2688,2004254.0034999999,1435070.7697,917978.3521
2025-05-22T14:23:42,1620101.0143,1958186.7281,1468940.2568,999341.034
2025-05-22T15:14:13,1612155.8773,1916845.001,1484381.7824,1112603.4477
2025-05-22T16:19:30,1587692.4385,2006598.7913,1427618.9242,1123982.7565
2025-05-22T17:16:13,1554028.0241,2132315.2397,1456205.5715,1154379.9288
2025-05-22T18:16:45,1659764.8566,2136069.7922,1411217.0428,1146670.7377
2025-05-22T19:16:10,1635820.7855,2120841.8436,1423766.6706,1089808.9319
2025-05-22T21:18:34,1646991.9718000002,2123679.8238,1393698.9365,1069708.4387
2025-05-22T23:10:12,1548820.7071,2274207.8569,1330149.342,1069575.2915
2025-05-23T00:20:39,1514759.2041,2269177.1974,1300258.0581,1054358.6015
2025-05-23T01:17:39,1483657.7134,2064682.2419,1240037.4064,1015216.8027
2025-05-23T02:24:26,1479185.4746,2036951.4451,1214301.3602,972255.2755
2025-05-23T03:17:30,1477731.4039,2016521.7621,1207434.6227,946753.6383
2025-05-23T04:22:50,1472382.3395,2011217.2314,1251305.5694,931199.1361
2025-05-23T05:18:39,1467601.7038,1990471.1749,1379900.8197,946997.3422
2025-05-23T06:18:50,1457899.2132,1917409.2036,1397395.1505,925213.8948
2025-05-23T07:14:57,1492579.3344,2021586.7566,1324829.5699,923432.91
2025-05-23T08:33:40,1707223.2694,1958942.8613,1433707.924,843701.908
2025-05-23T09:27:48,1845739.4952,2264828.7813,1584447.4496,1031442.5425
2025-05-23T10:16:52,1901846.4562,2276464.0307,1526472.5713,1017028.6334
2025-05-23T11:18:09,1927059.8863000001,2302396.2338,1581909.9035,1026116.7886
2025-05-23T12:21:03,1995471.7479,2282598.8344,1612789.5675,1031474.1605
2025-05-23T13:16:05,2056765.1535,2290789.3997,1552585.9039,1048230.7125
2025-05-23T14:22:16,1953319.9731,2133639.3773,1475384.9296,1035618.5334
2025-05-23T15:13:58,1932232.6412,2066425.4241,1374331.9566,999364.0915
2025-05-23T16:19:12,1865197.9453,2062140.2595,1399477.8568,1045836.0979
2025-05-23T17:13:56,1830195.6207,2051508.757,1342743.2798,1053594.1369999999
2025-05-23T18:16:29,1851910.5547000002,2015654.7090999999,1313714.8263,997975.1658
2025-05-23T19:16:25,1835914.4167000002,1974309.8090000001,1267156.2432,967643.1362
2025-05-23T21:15:39,1855710.897,1890449.9636000001,1252535.8468,930817.0631
2025-05-23T23:04:38,1820237.3253000001,1792530.8872,1215244.821,962931.1836
2025-05-24T00:19:29,1818115.1133,1726342.5253,1183047.6153,970433.8517
2025-05-24T01:16:17,1809322.9393000002,1699162.6329,1161320.123,925477.0511
2025-05-24T02:21:36,1773679.9317,1658847.341,1087087.7973,924427.88
2025-05-24T03:15:16,1762067.4874,1641629.4325,1154773.5914,954118.3398
2025-05-24T04:19:59,1757634.9644000002,1626566.4296,1209439.9545,935588.9434
2025-05-24T05:16:29,1742296.3296,1651049.5373,1249077.804,928047.5402
2025-05-24T06:16:37,1741134.9838999999,1628681.7237,1242001.8062,892901.1690999999
2025-05-24T07:13:15,1733242.0361,1631290.4144,1379177.4933,742962.8295
2025-05-24T08:30:34,1785136.9843,1776907.7648,1521692.1276,611566.3913
2025-05-24T09:25:19,1798834.3276,1870715.5951,1485674.6067000001,552279.6699999999
2025-05-24T10:14:29,1759653.0504,1940875.8686,1482911.5627000001,523024.1548
2025-05-24T11:15:34,1772655.1289,1996966.2931000001,1530048.3831,494758.24689999997
2025-05-24T12:18:44,1842500.5624,1940450.3408,1412470.5234,477584.3545
2025-05-24T13:13:49,1975156.6084999999,1929224.8717,1389269.7226,475159.5821
2025-05-24T14:21:36,2046963.5498,1902896.6576,1329465.3729,486833.5793
2025-05-24T15:13:03,2074480.4899,1845673.3998,1384567.101,529955.0885
2025-05-24T16:17:29,1984489.2703,1844788.8037,1383659.2364,517174.8886
2025-05-24T17:15:00,1865412.8129999998,1787947.0592,1296636.6746,511635.24679999996
2025-05-24T18:15:24,1880768.3395,1683335.6205,1262932.2641,588895.7904
2025-05-24T19:15:55,1804891.4706,1680970.4001,1228782.1121,534778.8346000001
2025-05-24T21:25:27,1791268.1098,1566827.3224,1205992.5185,467867.2938
2025-05-24T23:18:39,1793399.4697,1458273.6196,1152984.4411,443938.8271
2025-05-25T00:24:04,1785713.9479999999,1424189.5391,1162120.5489999999,438741.6808
2025-05-25T01:16:33,1756067.1224999998,1435735.7388,1124197.9366,440082.4658
2025-05-25T02:22:17,1732493.7607999998,1445999.8957,1112954.3323,421091.4784
2025-05-25T03:15:28,1675419.8439,1433878.4699,1118393.0337999999,415834.4684
2025-05-25T04:20:27,1665420.3333,1417739.3472,1121688.2714,449089.0804
2025-05-25T05:16:13,1681272.8096,1402107.623,1180078.6391,443607.37059999997
2025-05-25T06:16:27,1699858.0382,1386846.6671,1179438.2038,478070.17209999997
2025-05-25T07:13:43,1650836.0627,1423956.9616,1104964.2416,459977.4115
2025-05-25T08:30:55,1733829.5971,1589024.6364,1047631.4691,483384.8778
2025-05-25T09:24:02,1731096.7767,1565570.1266,1056584.4457,487100.6481
2025-05-25T10:14:52,1697553.3501,1470512.2271,1026782.1717,444757.973
2025-05-25T11:16:02,1652177.6964,1378734.0995,977491.5707,443846.7756
2025-05-25T12:19:01,1685295.2204,1287471.7819,903794.2714,458797.2164
2025-05-25T13:14:15,1683979.8323,1253073.1532,871809.7842,467181.8373
2025-05-25T14:21:02,1648233.7935,1215977.0376,840272.9739999999,440951.9583
2025-05-25T15:13:18,1621362.4799,1175710.576,819295.2409,423299.2092
2025-05-25T16:17:22,1590925.2293999998,1178405.5570999999,797813.047,400696.796
2025-05-25T17:15:11,1598381.9417,1175324.007,780939.8321,404300.28859999997
2025-05-25T18:15:40,1584997.523,1159693.786,763649.1532,408479.3184
2025-05-25T19:16:05,1586107.4742,1136380.3581,749762.6815,397545.98219999997
2025-05-25T21:20:42,1555086.5409,1211048.2466,719033.7488000001,380211.8452
2025-05-25T23:15:20,1549110.2603999998,1277112.2078,709659.6687,372620.9249
2025-05-26T00:23:29,1549250.285,1270678.3524,706644.7692,368190.9249
2025-05-26T01:18:29,1545009.3656,1263491.4081,705270.3354,368190.9249
2025-05-26T02:25:57,1562667.4356,1254806.0453,713169.7004,368002.75289999996
2025-05-26T03:22:07,1559940.5555999998,1249093.2148,801055.47,377927.2229
2025-05-26T04:32:29,1555434.0702,1254464.5722,877069.398,431702.9145
2025-05-26T05:43:28,1552636.4952999998,1292800.0704,962522.8207,439923.7734
2025-05-26T06:21:29,1602920.9618,1315853.8496,996373.2911,411820.5073
2025-05-26T07:14:14,1603060.7336,1438400.4043999999,996118.6784000001,403224.3821
2025-05-26T08:33:32,1883756.47,1699235.677,982664.0549,544836.04
2025-05-26T09:27:46,2021747.9760999999,2002029.5843,1045763.2662,683065.5011
2025-05-26T10:17:21,1999736.4377,2065834.7415,1098599.6151,690173.186
2025-05-26T11:18:05,1997142.8597,2121476.2931,1094209.7968,687676.1843
2025-05-26T12:20:08,1947731.085,1990076.4209,1000454.1348,724558.5367
2025-05-26T13:15:05,1936004.2093,1880633.0073,1009899.1861,661366.6822
2025-05-26T14:22:17,1877710.2559999998,1771741.4034,993760.0071,619397.2073
2025-05-26T15:14:16,1844277.7204999998,1672982.6635,956765.7306,577765.9021
2025-05-26T16:18:35,1880184.0792,1580683.509,904601.1601,622000.3267
2025-05-26T17:15:13,1852850.4189,1557739.0933,890850.6051,599709.6763
2025-05-26T18:16:12,1807074.4359,1511645.8969,910516.6683,625382.1069
2025-05-26T19:16:14,1785025.0667,1465448.4529,913726.7897,621985.3513
2025-05-26T21:17:54,1780044.7415999998,1422579.1407,878078.2558,578812.9261
2025-05-26T23:09:32,1737198.2235,1394195.3698,902694.1409,544987.1489
2025-05-27T00:23:38,1759345.1461,1373166.3334,879265.2851,535086.7633
2025-05-27T01:17:58,1765034.1689,1366677.3682,867325.3876,521008.22990000003
2025-05-27T02:24:35,1751454.2341,1345212.6271,852608.8833,508438.0982
2025-05-27T03:17:39,1776445.2403,1333401.1404,842253.8638,500424.587
2025-05-27T04:23:09,1804739.5676999998,1321518.0249,831994.1191,486233.2812
2025-05-27T05:18:11,1785703.6575,1301394.446,823710.0969,478271.77760000003
2025-05-27T06:19:24,1798174.595,1283487.0668,829514.0448,456393.0004
2025-05-27T07:15:34,1855804.3513999998,1383948.1581,819098.9471,475519.0538
2025-05-27T08:35:33,2162747.6067,1602796.2816,801735.8232,383944.2732
2025-05-27T09:30:19,2220985.1324,1653015.9528,660155.7087,263633.1447
2025-05-27T10:17:22,2337098.195,1714193.0179,667361.0869,252275.797
2025-05-27T11:19:06,2325256.8399,1799766.2746000001,666826.7511,240678.5071
2025-05-27T12:21:52,2283311.6095,1770214.9182,654271.3781,230709.31960000002
2025-05-27T13:15:53,2246130.7327,1806223.9823,636862.2675,207929.9031
2025-05-27T14:22:44,2260862.6311,1800350.4379,618486.0789,198183.2575
2025-05-27T15:13:58,2333661.085,1874428.1106,607353.4647,204387.7145
2025-05-27T16:19:03,2289143.8691,1755443.429,610411.1363,220407.7671
2025-05-27T17:16:38,2371515.2896,1707792.1043,620611.5725,213622.3656
2025-05-27T18:16:23,2331293.9483,1682455.7968,619167.4299,238353.104
2025-05-27T19:16:30,2302782.9069,1619502.2408,628913.6056,264141.9795
2025-05-27T21:19:23,2141627.6429,1481954.0792999999,690153.4751,243583.0847
2025-05-27T23:12:09,2048312.4819,1483402.3875,816138.2171,248007.0496
2025-05-28T00:22:06,2032819.1249,1424046.2204,849149.2643,232319.422
2025-05-28T01:17:51,2001125.8323,1435677.7057,850106.2628,220675.0721
2025-05-28T02:25:04,1969931.7201,1460365.8604,895968.5145,208634.297
2025-05-28T03:17:12,1955571.3613,1451719.778,907685.0915,202536.1977
2025-05-28T04:22:58,1939625.2575,1422877.3207999999,868719.2825,193290.5977
2025-05-28T05:19:06,1924478.7453,1383444.4367,816714.9122,164466.2577
2025-05-28T06:19:27,1940453.0778,1369558.4167,795632.4972,150152.3148
2025-05-28T07:15:44,1998993.9349,1401819.562,842080.4947,180292.2609
2025-05-28T08:35:33,2442517.3928,1561536.8831,984380.1761,178032.5022
2025-05-28T09:31:15,2424621.13,1927028.0226,947087.5911,187999.0023
2025-05-28T10:18:34,2386459.5840000003,2004814.2135,921335.1178,208236.7173
2025-05-28T11:18:27,2507006.3888,2146402.7063,861883.5674,179854.11430000002
2025-05-28T12:20:48,2482268.4377,2136577.6055,848867.8608,172800.1193
2025-05-28T13:15:54,2396109.6868000003,2057365.8861,775578.5899,170055.1392
2025-05-28T14:22:42,2369864.7179,1963570.9439,784119.3856,172427.1423
2025-05-28T15:14:44,2346472.2101000003,1993578.3565,831553.6555,169329.0152
2025-05-28T16:19:24,2322758.4020000002,1905656.0262,776313.6445,184625.9012
2025-05-28T17:16:09,2183691.0611,1891461.8266999999,745892.6992,176818.0542
2025-05-28T18:16:38,2288294.8329000003,1794346.8645,753173.3889,165474.65219999998
2025-05-28T19:16:18,2365675.5423000003,1820340.0908,717320.3483,185495.0292
2025-05-28T21:19:13,2178911.9364,1604254.9574,667348.0555,158815.2105
2025-05-28T23:12:57,2043381.2433,1461264.8675,681951.1633,157328.3772
2025-05-29T00:22:39,2010490.1749,1427226.2942,681984.6608,154851.4802
2025-05-29T01:18:26,1997610.6316,1416331.4964,679127.2945,152440.0802
2025-05-29T02:25:21,2038375.3765,1404746.4141,643115.6847,148218.5802
2025-05-29T03:17:34,1992299.6892000001,1394687.2198,632347.9704,145172.88019999999
2025-05-29T04:23:12,1970857.8144999999,1387372.6310999999,639098.0807,143972.88019999999
2025-05-29T05:18:52,1952959.1961,1332267.4586,629796.2119,138972.88019999999
2025-05-29T06:19:21,1980185.2841,1290736.799,697822.7919,158630.1882
2025-05-29T07:15:17,2146019.34,1474564.8832,780157.9606,168385.2872
2025-05-29T08:33:54,2467702.8176,1734864.0255,942114.9402,170647.0977
2025-05-29T09:29:12,2392489.3511,2114846.3852,1016556.2000000001,131332.0086
2025-05-29T10:17:04,2399879.9537,2168201.5716,1056512.4576,120693.786
2025-05-29T11:17:57,2480345.8783,2153088.3539,998421.2315,116338.656
2025-05-29T12:21:16,2533505.2335,2085598.5528,901687.3646,102403.713
2025-05-29T13:16:21,2541849.0213,2026810.6134000001,827108.8218,97406.0971
2025-05-29T14:23:22,2598118.5833,1918832.5351,801845.7305000001,91643.6839
2025-05-29T15:12:57,2562786.3116,1887213.455,797925.3202,88992.7789
2025-05-29T16:19:27,2439266.1374,1863847.0605000001,744819.821,85215.3649
2025-05-29T17:16:34,2438230.2084999997,1814648.0853,724450.3908,93268.6982
2025-05-29T18:17:09,2451545.465,1741766.4294,695515.7814,87317.7916
2025-05-29T19:16:22,2435165.8666,1654439.2349999999,707991.0784,78080.81760000001
2025-05-29T21:17:18,2198157.1946,1530867.5474999999,667493.4981,158652.8684
2025-05-29T23:10:26,2136631.7812,1476831.8289,703637.7979,159769.7774
2025-05-30T00:21:54,2123481.8444,1440628.6815,723859.7534,158749.6664
2025-05-30T01:18:02,2012556.2503,1379516.6159,717608.5325,145424.6284
2025-05-30T02:24:44,2040249.4195,1354690.8564,711241.8825000001,145424.6284
2025-05-30T03:16:47,2018297.3706999999,1337370.2608,706288.1759,145424.2684
2025-05-30T04:22:43,2000869.739,1330187.7238,702136.2416,145626.1134
2025-05-30T05:18:14,2018519.9797,1324147.5777,688475.7328,144291.2304
2025-05-30T06:18:35,2035812.7085,1296335.2227999999,653461.8086,144291.5904
2025-05-30T07:14:51,2167770.3168,1354147.2646,694415.9445,65352.4537
2025-05-30T08:34:11,2464380.759,1543795.3721999999,739676.9207,101029.0252
2025-05-30T09:28:26,2439508.8804,1803350.8285,781836.5528,242863.1079
2025-05-30T10:17:46,2395466.9236,1862281.248,773933.758,234849.74790000002
2025-05-30T11:17:51,2486425.4916,1957871.2229,749554.8723,224536.1079
2025-05-30T12:21:47,2523874.7793,1888141.4017,678050.9929000001,208029.1079
2025-05-30T13:15:06,2454846.4999,1839837.7247,633706.2071,180910.5449
2025-05-30T14:23:31,2381470.3246999998,1727776.3103,578081.9998,165586.48510000002
2025-05-30T15:14:15,2383999.5887,1865046.6145,559122.3946,165434.2441
2025-05-30T16:19:17,2359320.1853,2013454.1379,567100.2985,199123.5189
2025-05-30T17:15:29,2225736.2347,2037991.0506,576593.8371,198082.5189
2025-05-30T18:16:16,2198712.1782,1966907.1337000001,559323.6378,198082.8949
2025-05-30T19:16:10,2207027.2361,1898794.6172,579241.2573,198082.8949
2025-05-30T21:17:21,2181711.3942,1890162.1894,557056.0655,186209.8949
2025-05-30T23:09:04,2177350.2736,1807576.0978,581109.6168,185495.8486
2025-05-31T00:20:58,2211393.4938000003,1826771.1996,572037.6431,185361.01760000002
2025-05-31T01:16:17,2183342.6274,1835991.9328,569066.0145,205160.01760000002
2025-05-31T02:23:03,2183456.8478,1786238.2979000001,562425.6227,205310.5546
2025-05-31T03:15:39,2168859.8984,1755266.8507,589801.7534,200726.5546
2025-05-31T04:21:01,2245213.3098,1796315.3348,601834.8325,195573.5546
2025-05-31T05:16:44,2216510.3803,1799191.7796,595271.0336,193226.5246
2025-05-31T06:16:54,2225231.6955,1800616.2882,630488.795,182984.7846
2025-05-31T07:13:30,2290612.4560000002,1868092.1123,624549.7329000001,182809.8146
2025-05-31T08:31:21,2438236.0239,2013827.8144,654819.3551,128644.9216
2025-05-31T09:26:28,2603796.2291,2236434.7208000002,637361.0035,132192.1642
2025-05-31T10:15:06,2550685.9911,2197525.6118,607568.8163000001,129766.433
2025-05-31T11:16:07,2483920.716,2227539.1916,559001.4056,173302.791
2025-05-31T12:19:11,2425230.7724,2200444.8739,532486.6211,165355.791
2025-05-31T13:14:12,2504445.5794,2092540.6261,516949.49490000005,161215.121
2025-05-31T14:21:56,2522530.1422,2113711.5568999997,465701.7154,155783.121
2025-05-31T15:13:04,2520238.4266,2046997.2751,460215.7805,151704.586
2025-05-31T16:17:19,2419258.9727000003,2019815.8651,440561.4871,127895.58600000001
2025-05-31T17:15:41,2365570.2085,2007316.4641,410052.8442,127435.90350000001
2025-05-31T18:15:31,2291443.5738,1970273.2522,409231.1617,135808.9736
2025-05-31T19:16:10,2188079.3181000003,2124871.9745,402352.7549,144341.8194
2025-05-31T21:41:39,2095574.1369,1985988.2656,401019.13430000003,144300.14940000002
2025-05-31T23:39:13,2079933.6157,1913387.4091,392392.079,144300.14940000002
2025-06-01T00:33:51,2093623.4717,1902282.1329,371609.198,144300.14940000002
2025-06-01T01:17:43,2124456.0137,1906102.8788,380891.6161,156300.1494
2025-06-01T02:23:38,2119444.8292,1912918.0747,389473.8786,156300.1494
2025-06-01T03:16:29,2108919.2672,1890725.6338,400395.5498,156300.1494
2025-06-01T04:21:01,2109411.7457,1848945.6931999999,394210.9766,156300.1494
2025-06-01T05:16:40,2091088.831,1828565.7914,394210.9763,156300.1494
2025-06-01T06:17:42,2026600.3408,1780514.3919,395126.97620000003,139629.3832
2025-06-01T07:13:53,2039335.0792,1785499.4932,390763.89670000004,139526.9582
2025-06-01T08:31:40,2019085.0762,1759345.7358,409114.89420000004,139027.07030000002
2025-06-01T09:25:12,1965721.5444,1714777.3783,399335.45680000004,137264.3259
2025-06-01T10:15:10,1965940.3106,1655858.1321999999,409847.4638,137264.3259
2025-06-01T11:16:15,1962744.174,1605103.3657,409044.4343,136504.3259
2025-06-01T12:19:31,1878595.7201,1521269.6364,408940.1543,135420.2999
2025-06-01T13:14:41,1862618.6418,1498318.4735,407377.41740000003,121904.54990000001
2025-06-01T14:21:47,1893679.5871000001,1439491.017,405507.9281,121904.54990000001
2025-06-01T15:13:44,1941762.7069,1385594.0692,574370.2925,121904.54990000001
2025-06-01T16:18:12,1928813.7893,1333082.833,564592.0715,121904.54990000001
2025-06-01T17:15:25,1925429.0968000002,1297291.7782,588292.5736,156704.5499
2025-06-01T18:16:17,1939626.0382,1272773.2226,566670.5236000001,152244.5499
2025-06-01T19:15:51,1901122.7231,1261665.4834,547413.8277,149288.5499
2025-06-01T21:22:33,1782300.4442,1275638.0942,489227.96400000004,141919.1739
2025-06-01T23:19:43,1742189.735,1277166.5217,463361.3972,120763.17390000001
2025-06-02T00:28:26,1763735.3536,1282960.4985,450924.11720000004,163203.1739
2025-06-02T01:18:40,1758550.564,1217731.7486,459788.5802,162542.1739
2025-06-02T02:26:33,1751306.9336,1193577.8071,477883.9302,157749.1739
2025-06-02T03:18:24,1773142.3462,1201009.0129,503710.7602,153819.1739
2025-06-02T04:24:37,1784639.5055,1243611.9968,506818.0302,174184.1739
2025-06-02T05:19:50,1777087.9104,1248977.4401,515494.3837,174653.1739
2025-06-02T06:19:34,1799097.2874999999,1223101.6549,486529.2898,150984.17390000002
2025-06-02T07:15:34,1906110.4282,1203411.0466,489010.72290000005,102668.6239
2025-06-02T08:35:42,2457196.64,1546440.7304,483047.6655,100189.5019
2025-06-02T09:30:49,2473849.9421,1741010.8895999999,508541.6335,167771.2119
2025-06-02T10:18:30,2381563.3048,1758050.5496,503841.31340000004,165305.2119
2025-06-02T11:19:38,2372309.1395,1766272.9516,524742.0847,139665.2119
2025-06-02T12:22:24,2320409.8425,1761279.3462,637473.3574,139665.2119
2025-06-02T13:16:24,2271478.4592,1820633.4074,579187.2212,139665.2119
2025-06-02T14:24:10,2240649.9127,1760207.3419,608015.5868,130301.2119
2025-06-02T15:13:54,2217544.4987,1814659.1426000001,537554.3624,115780.54890000001
2025-06-02T16:19:24,2237301.8972,1803135.1109,528121.7411,113384.54890000001
2025-06-02T17:17:28,2147376.0979,1784623.1099,516323.21670000005,122748.54890000001
2025-06-02T18:17:15,2088832.8158,1739690.6135,507541.06000000006,121232.79890000001
2025-06-02T19:16:31,2097974.9279,1728583.375,488493.97640000004,121332.2075
2025-06-02T21:20:32,2026143.4078,1623340.7955999998,502227.65880000003,111727.34730000001
2025-06-02T23:14:47,1971884.6927999998,1546825.0449,526638.8269,141296.3473
2025-06-03T00:24:28,1939217.3355999999,1527656.5054,544695.1042000001,138399.4762
2025-06-03T01:18:27,1929240.4338,1495340.7071,531161.4722000001,128121.3122
2025-06-03T02:25:36,1898723.8072,1466359.4113,527773.6054,123707.9145
2025-06-03T03:17:47,1892947.7343,1442057.6738,524832.0878,120635.3284
2025-06-03T04:24:36,1885443.5112,1420917.4407,527909.4067,115912.4117
2025-06-03T05:19:38,1878941.1798999999,1404219.3071,579064.1408,132368.5059
2025-06-03T06:19:08,1903736.5740999999,1372869.2813,641414.0695,172917.2182
2025-06-03T07:15:46,1944074.5648,1332043.6956,648650.2514,165745.143
2025-06-03T08:35:34,2048001.3986,1521702.4756,790459.1943,96000.7702
2025-06-03T09:32:03,2134368.5331,1649584.5622,894680.0249,106410.4102
2025-06-03T10:18:16,2114946.0292,1642583.3582,897888.6037,103236.4102
2025-06-03T11:21:02,2131031.9221,1541180.5258,870053.3987,79731.4102
2025-06-03T12:23:35,2046261.0266,1512999.9913,844104.2393,79731.4102
2025-06-03T13:16:59,2036344.9235999999,1504602.5064,858846.7999,65341.8103
2025-06-03T14:24:52,1950001.7042999999,1449127.9994,757677.6730000001,66148.2619
2025-06-03T15:13:51,1991240.0921,1434586.8547999999,737482.2236,65547.2995
2025-06-03T16:19:53,2037714.5831,1352523.5588,707478.5228,63911.2995
2025-06-03T17:15:27,2049480.4949999999,1345599.3703,679031.3391,63911.2995
2025-06-03T18:17:21,1990051.3204,1355899.5616,693122.5468,65642.63040000001
2025-06-03T19:16:51,1938789.9434,1339380.4856,770341.4446,75223.9986
2025-06-03T21:20:28,1874821.1418,1271445.9473,741130.0859000001,73228.0954
2025-06-03T23:15:12,1875535.6087,1275744.6637,716809.5221000001,88848.5941
2025-06-04T00:24:55,1903753.1548,1280399.3284,687122.1311,78529.9921
2025-06-04T01:17:48,1875296.1266,1264396.0748,668237.3393,70451.4251
2025-06-04T02:25:12,1869995.8547,1230472.8529,644043.4556,66682.18710000001
2025-06-04T03:17:51,1860039.7422,1217265.1766,617193.6845,66682.18710000001
2025-06-04T04:24:03,1809261.9999,1181927.2778999999,666936.2544,123833.8169
2025-06-04T05:18:38,1808068.2888,1169555.6088,745283.6874,123833.8169
2025-06-04T06:19:35,1803612.9138,1239131.578,775704.9608,123660.38680000001
2025-06-04T07:15:36,1797269.4684,1278176.1702,892894.143,152951.9768
2025-06-04T08:35:22,1929680.6517999999,1412986.5493,1122213.3231,194840.4849
2025-06-04T09:33:02,2108749.324,1517513.2258,1259815.9944,242014.8801
2025-06-04T10:14:50,2081552.0562,1570824.2574,1206381.0095,241863.94830000002
2025-06-04T11:41:18,2142226.1797,1545913.6627,1207735.577,270031.818
2025-06-04T12:19:24,2066004.4076,1506483.4768,1169014.8053,284375.5593
2025-06-04T13:16:29,1986528.0734,1427341.0986,1075853.9021,253647.828
2025-06-04T14:24:03,2019174.3704000001,1374594.8343,1022896.0946,255002.9736
2025-06-04T15:14:45,2005787.0981,1347713.1463,966631.4504,268615.2718
2025-06-04T16:16:02,1942598.0388,1339959.1804,900627.2559,278454.8964
2025-06-04T17:14:10,1866756.0087,1328815.8997,867476.9042,269910.7861
2025-06-04T18:15:55,1854030.0779,1276235.3701,843630.2619,292046.1778
2025-06-04T19:16:51,1819820.8281999999,1281179.4092,828783.2702,268313.555
2025-06-04T21:19:27,1829751.9276,1189313.7384,812546.5147,275186.2238
2025-06-04T23:14:53,1837054.7046,1182698.988,755241.3162,303434.7824
2025-06-05T00:29:39,1828858.9028,1160127.1451,725807.0578000001,299301.3952
2025-06-05T01:22:15,1820440.8494,1147623.5278,699614.1678,260067.16939999998
2025-06-05T02:30:09,1824648.4512,1131467.2904,772545.5818,210759.6324
2025-06-05T03:21:20,1818299.0743,1132547.7526,768103.8123,201567.3537
2025-06-05T04:27:22,1809855.5447,1120696.6758,730751.6072,222079.1195
2025-06-05T05:23:19,1804739.1791,1129290.1398,764204.2413,183463.9327
2025-06-05T06:26:19,1822436.8521999998,1129570.673,839030.7421,288127.3959
2025-06-05T07:19:35,1786617.6894,1165736.4594,874026.3516,323457.2712
2025-06-05T08:39:45,2035173.4612,1320562.1882,1118896.4535,460848.8314
2025-06-05T09:35:11,2118745.1792,1319179.2458000001,1228391.7001,492318.9846
2025-06-05T10:21:57,2104802.7291,1319335.9518,1185054.8172,494852.3393
2025-06-05T11:23:00,2145237.1656,1262721.8925,1127411.3868,507676.9857
2025-06-05T12:26:04,2069633.723,1223330.0447,1169306.9164,491190.5357
2025-06-05T13:17:38,1984893.7249999999,1164614.3126,1232017.3064000001,424678.8694
2025-06-05T15:17:50,1907229.7391,1135634.5392,1232447.0323,298196.5735
2025-06-05T16:20:19,1855391.2031999999,1112574.7651,1218688.0218,269517.6353
2025-06-05T17:20:37,1821995.001,1092899.637,1206326.5105,307448.44920000003
2025-06-05T18:20:12,1751054.7104,1099635.6827,1141667.7204,453809.21270000003
2025-06-05T19:22:38,1769362.0246,1111660.9642,1112592.9993,419176.1623
2025-06-05T21:19:22,1652707.966,1033769.2313000001,1012771.0581,376588.5698
2025-06-05T23:14:29,1700807.8863,1022028.8507000001,1057571.3147,362855.178
2025-06-06T00:23:30,1691094.0138,1000454.0231,1061590.1416,306349.6582
2025-06-06T01:18:12,1683862.1492,990001.4339000001,1057178.8206,295697.591
2025-06-06T02:25:53,1695516.0603999998,951645.3161,1084801.5791,291822.14
2025-06-06T03:17:01,1693624.7071,937623.8936000001,1092592.2472,288913.0943
2025-06-06T04:22:44,1691550.8183,929326.5764,1049285.5881,241384.2162
2025-06-06T05:18:55,1689659.6386,910437.0508,1023560.8882,223834.7522
2025-06-06T06:19:27,1709579.4292000001,904990.4009,1102017.2213,183628.21289999998
2025-06-06T07:15:22,1720353.1567,859877.5911,1048403.9087,303116.1312
2025-06-06T08:34:06,1935763.0527,1008292.7919000001,1219712.6307,448031.4352
2025-06-06T09:29:21,2008867.7668,1060761.8073,1344495.1404,424471.4384
2025-06-06T10:17:29,2030745.2029,1083092.2425,1304787.8977,402865.7874
2025-06-06T11:16:18,2069312.2841,1078945.6324,1279927.5789,484554.6657
2025-06-06T12:22:07,2104151.3335,1114576.572,1190499.0403,457311.5076
2025-06-06T13:16:10,2032824.0396,1094309.4683,1069527.778,430461.5314
2025-06-06T14:24:09,1971220.2034999998,1045265.2588999999,995894.5426,401593.2773
2025-06-06T15:14:32,1952885.2791,1052047.7715999999,953529.8738000001,361241.0355
2025-06-06T16:19:53,1828194.5771,1045120.3575,921740.4359,310914.9084
2025-06-06T17:16:21,1910691.6288,1052210.0001,887004.5375,288109.4958
2025-06-06T18:16:36,1882192.9697,1047166.3579000001,896746.8126000001,303132.0598
2025-06-06T19:16:38,1871271.2823,1033761.8883,873066.8379,289907.7919
2025-06-06T21:19:06,1844431.3055,1055242.1181,806709.8516,335755.4711
2025-06-06T23:12:10,1922020.9996,1029289.9067,866321.5827,281111.7579
2025-06-07T00:20:45,1910234.1923,1025050.673,858805.7768,250954.5421
2025-06-07T01:16:25,1914854.0329,1018847.7184,905291.5721999999,241681.2094
2025-06-07T02:22:53,1907907.5195,1001651.932,868562.6461,209548.3014
2025-06-07T03:15:37,1926681.813,961792.3572,905073.5491,220017.3138
2025-06-07T04:20:35,1923996.4575999998,948438.2656,887748.2236,212217.4214
2025-06-07T05:16:45,1920373.5937,937790.2657999999,861739.3551,196811.3885
2025-06-07T06:17:47,1935575.3287,928929.5144,835706.3927,240973.1155
2025-06-07T07:13:49,2007899.0098,945284.6666,835954.2243,288276.8734
2025-06-07T08:31:41,2137098.4321,1094823.664,1050016.0182,345600.6282
2025-06-07T09:24:56,2208044.1393,1125261.1003,1199504.9806,465071.4867
2025-06-07T10:14:58,2372262.1674,1166080.1491999999,1291338.7743,531106.8622
2025-06-07T11:16:23,2290591.7048,1257660.6408,1265795.1718,509800.9951
2025-06-07T12:19:39,2237652.1610000003,1244973.6750999999,1175744.6062999999,487632.3395
2025-06-07T13:14:39,2224636.5694,1188169.3568,1207011.8684,488570.6529
2025-06-07T14:21:34,2167538.594,1158988.0786,1262478.3744,456840.7721
2025-06-07T15:13:07,2137469.9266,1100126.791,1184378.8771,392538.9263
2025-06-07T16:17:55,2093754.8328,1018556.333,1082164.0433,391572.3236
2025-06-07T17:15:05,2104638.8477,1000660.2683,1079114.2098,443255.1148
2025-06-07T18:15:57,2054437.7752,944025.5949,1040770.4947,416170.637
2025-06-07T19:17:44,2036229.6447,962529.363,994129.5425,369078.8653
2025-06-07T21:27:02,1988232.3825,899891.9169,872839.9907,324581.2933
2025-06-07T23:22:42,1955602.4594,895183.3298,947576.6561,325172.6898
2025-06-08T00:28:18,1952255.8546,936022.5288,955467.1281,285694.5221
2025-06-08T01:18:07,1968356.3283,973566.597,919667.6395,300067.7244
2025-06-08T02:23:47,1966917.8094,984926.6788999999,847443.0091,270159.5376
2025-06-08T03:15:29,1961111.1908,982891.0177999999,806683.0265,287186.8012
2025-06-08T04:20:30,1955036.2902,975441.4247,823260.0233,317676.3533
2025-06-08T05:16:42,1953686.1563000001,975349.8258,796297.0461,315825.3692
2025-06-08T06:16:49,1933385.1039,988907.5148,770363.4299,292575.6053
2025-06-08T07:14:04,1907834.8125,994118.3065000001,707710.5374,324288.2354
2025-06-08T08:31:03,1862362.9849,1075579.8036,747835.9678,261732.844
2025-06-08T09:24:56,1873961.2421000001,1079738.1388,801201.2366,180403.9867
2025-06-08T10:14:55,1802369.8861,995638.6229,804778.7096000001,165011.5336
2025-06-08T11:17:24,1728768.783,934158.7204,805955.1224999999,152986.0526
2025-06-08T12:19:58,1684298.9992,940944.3184,844547.0462,200963.7423
2025-06-08T13:14:22,1694944.7395,915730.0068,960807.2711,194306.3221
2025-06-08T14:21:24,1668581.96,870982.4795,962669.8833,294595.6516
2025-06-08T15:13:37,1664982.8928,837560.2338,988482.9959,290686.8466
2025-06-08T16:17:48,1675002.5825999998,783190.9913999999,1011034.7346,323295.2456
2025-06-08T17:15:38,1667931.7291,789532.7631,936875.1832,280619.4076
2025-06-08T18:15:49,1665213.0711,787720.6937,859987.6572,276529.2516
2025-06-08T19:16:19,1640939.7726,756366.6804,814390.6393,269054.7833
2025-06-08T21:23:47,1629050.7891,740674.9501,676552.4532,208340.2713
2025-06-08T23:21:07,1608449.7728000002,798948.5132,639162.6941,167781.439
2025-06-09T00:29:30,1586841.7038,790292.9201,609413.8633,154615.578
2025-06-09T01:19:19,1581938.2564,807457.3285000001,595952.8787,151464.61800000002
2025-06-09T02:27:13,1599111.9440000001,796959.0068,577941.6565,150657.423
2025-06-09T03:18:31,1594721.3883,788908.7725,577735.9225,150657.423
2025-06-09T04:25:26,1585045.1761,778063.2295,593550.9092,146274.012
2025-06-09T05:19:54,1580571.4643,766062.2391,580443.6382,144284.012
2025-06-09T06:19:46,1640392.457,802155.0051,594687.4801,141430.372
2025-06-09T07:15:58,1653464.8019,983560.4410999999,676126.4466,157057.69700000001
2025-06-09T08:35:44,1854515.0729,1280874.4323,719521.2248,220130.1428
2025-06-09T09:30:43,1886180.1486,1420431.3386,752727.2906,241789.8857
2025-06-09T10:18:13,1862416.8847999999,1410710.781,827354.0132,283555.4109
2025-06-09T11:19:12,1871087.4084,1439197.7486999999,804782.3826,305013.9236
2025-06-09T12:22:26,1876262.0477,1503662.7909,752294.0047,308192.4931
2025-06-09T13:15:59,1817149.0626,1469276.323,732575.1745,266519.0693
2025-06-09T14:25:25,1769074.5265000002,1413963.7144,764948.5664,257210.7394
2025-06-09T15:14:30,1804816.1365999999,1346318.0374,766579.9299,270076.9837
2025-06-09T16:19:36,1904389.7574,1268109.2401,800680.3465,339416.0936
2025-06-09T17:16:36,1951745.4887,1233109.5662,787555.4283,343618.1778
2025-06-09T18:17:07,1988033.8926000001,1224097.756,838069.874,302439.5411
2025-06-09T19:16:44,1916421.7965000002,1206254.221,875823.9413,475916.6016
2025-06-09T21:21:08,1813708.1892,1136451.328,950266.1724,426518.631
2025-06-09T23:17:22,1716787.4017,1113129.3217,1195838.6696,488585.5015
2025-06-10T00:26:05,1684523.521,1085651.5124000001,1148468.663,344747.0324
2025-06-10T01:18:22,1682290.5318,1065901.3469,1010629.1768,275095.6222
2025-06-10T02:25:49,1667535.1044,1053025.4398999999,985992.826,291965.6689
2025-06-10T03:17:07,1660266.3272,1027984.4293,941510.0872,293710.6917
2025-06-10T04:24:05,1656677.1438,1021580.8412,965453.7474999999,248476.5519
2025-06-10T05:19:31,1654331.1750999999,1041107.6268,1009859.9987,233886.1673
2025-06-10T06:19:22,1641032.4457,949728.5437,1023593.408,270985.4547
2025-06-10T07:15:30,1620783.585,919036.1928,1145849.3264,251841.1611
2025-06-10T08:40:38,1762257.2624,1108850.6316,1249383.1391,420506.2056
2025-06-10T09:32:12,2016497.4542,1292585.3096,1625501.2851,483125.32910000003
2025-06-10T10:18:23,2050138.8518,1329606.2699,1618776.796,546249.3412
2025-06-10T11:19:26,2010006.1616,1287435.5346,1587088.6493,515393.5513
2025-06-10T12:22:25,1934519.4462,1192295.4579,1460551.1517,486859.39540000004
2025-06-10T13:15:53,1971059.8003,1170065.2201,1484651.9023,467832.8799
2025-06-10T14:24:10,1837374.5997000001,1098845.2807,1392347.624,432497.2695
2025-06-10T15:14:22,1829521.5163,1059871.4631999999,1351151.0746,484459.9788
2025-06-10T16:19:42,1814275.6952,1076967.5573,1267296.985,458728.1163
2025-06-10T17:17:19,1789266.9933,1028829.7722,1259111.1243,372511.5035
2025-06-10T18:17:04,1855442.0471,1072678.6794,1225331.3888,363261.7416
2025-06-10T19:16:34,1843148.6273,1057130.964,1171442.7515,341544.7786
2025-06-10T21:21:03,1808692.9175,1025853.7369,1057174.0483,296521.3032
2025-06-10T23:16:35,1751227.4986,1065058.4504,1288249.0423,382359.6754
2025-06-11T00:26:53,1735505.2373,1053305.9768,1276659.5841,414462.8576
2025-06-11T01:18:35,1731905.4572,1042578.1878000001,1251714.8348,394763.5004
2025-06-11T02:25:55,1729430.6072,1028446.3774,1172764.8412,365334.7838
2025-06-11T03:18:01,1725260.5107,1024796.4778,1162061.0109,348378.8494
2025-06-11T04:23:38,1725796.45,1022662.7312,1145471.0932,360170.8983
2025-06-11T05:19:16,1731670.879,1020560.9952,1143982.3436,354589.2874
2025-06-11T06:19:39,1705777.4835,1034437.2948,1158165.8815,359591.7826
2025-06-11T07:16:05,1743682.7869,1086728.6253,1141476.0466,395195.135
2025-06-11T08:35:51,1950659.6813,1161925.6686,1272955.3988,401852.2417
2025-06-11T09:32:30,2028032.4389,1325860.4165999999,1365310.9332,331893.89280000003
2025-06-11T10:16:38,2002951.3895,1349777.4854,1362162.976,290834.857
2025-06-11T11:19:45,1875418.7056,1319329.4059,1259607.1229,350798.4389
2025-06-11T12:22:26,1812905.8458,1252384.8904,1154726.8809,330947.6525
2025-06-11T13:16:44,1861131.0593,1233935.8194,1164197.3548,313244.4433
2025-06-11T14:24:48,1791382.7545999999,1220148.7593,1083298.5193,304175.7162
2025-06-11T15:14:46,1780907.9908999999,1227012.9096,1060828.4424,289007.1967
2025-06-11T16:18:25,1760820.9551000001,1200968.1981,1035505.3442,287040.1655
2025-06-11T17:17:08,1693657.6509,1280397.1599,1017394.7268,324559.0745
2025-06-11T18:16:43,1711114.9343,1271448.2914,1010111.1806,329221.2422
2025-06-11T19:18:03,1693719.0792,1289980.1008,964325.3522,349480.29490000004
2025-06-11T21:20:01,1617930.1889,1220923.9702,955069.6856,339401.7719
2025-06-11T23:14:43,1727358.6438,1257121.4001,1009663.9927,256011.6618
2025-06-12T00:24:51,1778786.682,1276336.2701,999618.9514,226489.528
2025-06-12T01:17:45,1805612.0701000001,1266487.1343,988989.2455,189500.8816
2025-06-12T02:26:12,1803880.7884,1256244.8236,954890.3125,171715.0201
2025-06-12T03:17:38,1801157.3216,1250247.0451,927884.2579,177199.7049
2025-06-12T04:23:27,1823457.3329,1242284.1443,916163.0752,199586.7815
2025-06-12T05:18:41,1820371.6742,1223468.5813,980478.8357,208836.536
2025-06-12T06:19:34,1812327.9283999999,1169542.2463,974206.169,211429.4479
2025-06-12T07:15:22,1887723.4749999999,1208611.4418,1008273.5048,254879.6357
2025-06-12T08:34:45,2115819.0204,1444029.7835,1094797.3057,422479.85229999997
2025-06-12T09:31:28,2136728.6651,1394624.5341,1214637.6005,497711.3802
2025-06-12T10:17:46,2128865.897,1428209.2626,1293423.7036,445665.1117
2025-06-12T11:19:18,2087780.7352,1389792.4962,1325128.9197,493107.43549999996
2025-06-12T12:21:44,2044901.1397,1382223.4972,1282697.9465,441240.0504
2025-06-12T13:16:28,1939135.1015,1415163.3629,1177497.5557,436119.6713
2025-06-12T14:23:34,1917617.582,1351407.1608,1120232.7453,384669.0396
2025-06-12T15:14:06,1915389.6787,1295179.3076,1113302.4081000001,362933.0086
2025-06-12T16:19:49,1873313.9589,1222186.169,1238925.3494,366885.3469
2025-06-12T17:17:08,1865972.9316999998,1201658.9536000001,1257103.0982,378571.3696
2025-06-12T18:16:53,1822103.1383,1182304.3986,1233089.5138,429845.8366
2025-06-12T19:17:40,1805802.238,1171849.9657,1266173.912,392195.2239
2025-06-12T21:20:57,1759986.4860999999,1167327.734,1105512.2571,516866.1729
2025-06-12T23:16:56,1759147.4767,1169154.2489,1080918.5367,471431.7466
2025-06-13T00:25:41,1769743.4604,1183773.3716,1014751.2571,415546.1165
2025-06-13T01:17:32,1790171.215,1177760.0887,977296.4415,381361.5744
2025-06-13T02:25:52,1785558.7761,1166549.3939,914570.6061,355133.7969
2025-06-13T03:17:17,1782989.5193,1158986.938,894226.4399,352769.2121
2025-06-13T04:23:20,1778669.4599,1174632.7803,874295.4559,335718.8322
2025-06-13T05:18:54,1789787.6005,1165497.4385,980343.7573,328362.3725
2025-06-13T06:19:23,1834591.1797,1175740.4992,1017316.9383,319597.8296
2025-06-13T07:15:15,1897994.1387,1196878.365,987986.8361,341162.3387
2025-06-13T08:34:54,2228030.7299,1445605.233,1160677.3562,312239.7002
2025-06-13T09:30:02,2452436.2874,1740558.94,1345797.252,276335.8269
2025-06-13T11:18:48,2458669.8714,1631391.7739,1244340.5517,326182.5105
2025-06-13T12:21:46,2340033.2547,1584708.6206,1212645.5493,302519.84359999996
2025-06-13T13:15:36,2249052.8349,1517578.6608,1150299.4875,286326.1373
2025-06-13T14:24:21,2209723.8213,1566302.7362,1131827.4547,261335.6067
2025-06-13T15:14:25,2284073.0901,1605032.679,1082780.9824,305948.1328
2025-06-13T16:19:28,2255777.6312,1655881.4919,1038284.9012,229128.04570000002
2025-06-13T17:16:55,2239377.9986,1671098.6715,1049256.274,250799.0211
2025-06-13T18:16:53,2257167.9404,1574462.2865,1038393.9422,312435.389
2025-06-13T19:17:28,2151430.7756,1524869.354,1255557.5027,337368.4596
2025-06-13T21:17:56,2005976.5773,1381772.28,1159117.6868,290613.1202
2025-06-13T23:10:49,1999200.3953,1351852.5383,1062347.3142,237583.8295
2025-06-14T00:21:13,1999198.9747,1375377.4847,967733.9795,228360.2995
2025-06-14T01:17:14,2008903.5925,1358858.0419,930447.9932,214426.9155
2025-06-14T02:22:44,1999623.7325,1346854.4232,932044.5401,245271.3765
2025-06-14T03:15:49,1994915.1901,1333586.767,913443.862,238380.7268
2025-06-14T04:20:27,1988679.4805,1318988.8326,897292.9885,230741.7342
2025-06-14T05:18:19,1998450.5775,1308395.2467,975460.197,223908.3938
2025-06-14T06:17:25,1978714.9025,1269297.0071,1043071.5286,230475.5399
2025-06-14T07:13:43,1981096.175,1309257.9504,1125993.9472,227401.9938
2025-06-14T08:31:35,2288700.7213,1421386.9195,1174166.7645,283970.7895
2025-06-14T09:25:31,2452880.1599,1453227.2306000001,1161908.8953,258616.0808
2025-06-14T10:14:56,2522222.2676999997,1466084.3936,1144193.8413,264015.5437
2025-06-14T11:16:15,2533469.1828,1522943.4046,1286637.1179,245948.4069
2025-06-14T12:19:46,2534023.0962,1517271.0568,1336120.278,234964.2129
2025-06-14T13:14:17,2511483.8443,1481779.9839,1445869.4511,228410.7245
2025-06-14T14:21:28,2363475.0745,1459321.8535,1454523.4610000001,216065.30500000002
2025-06-14T15:13:16,2300881.8895,1362145.031,1363806.8983,216052.303
2025-06-14T16:17:45,2294963.726,1346836.5438,1418289.7181,214390.0019
2025-06-14T17:15:33,2185928.0215000003,1305666.3017,1334538.8662,211619.7872
2025-06-14T18:16:05,2190661.5301,1255166.3439,1221900.5957,209892.388
2025-06-14T19:18:08,2145033.3547,1236771.0385,1249024.7195,209667.121
2025-06-14T21:29:19,2041944.1317999999,1032041.8758,1024932.3279,264661.735
2025-06-14T23:23:08,2047940.1969,1169973.9317,1260802.5385,265701.941
2025-06-15T00:27:11,2143857.393,1173678.325,1210865.2737,250363.6288
2025-06-15T01:17:01,2162815.7894,1196709.5854,1187730.9291,250417.9388
2025-06-15T02:23:15,2170857.6017,1171598.3709,1184882.2096,249763.33010000002
2025-06-15T03:16:34,2142136.2591,1170281.8967,1169898.8301,249763.33010000002
2025-06-15T04:20:56,2138602.6618,1159883.5073,1157749.8446,177340.2158
2025-06-15T05:17:32,2129738.5659,1151422.0007,1133537.93,173208.2345
2025-06-15T06:18:00,2158547.8646,1139411.5393,1166694.6922,173062.8645
2025-06-15T07:14:06,2142181.7234,1175600.0194,1136740.0471,171238.5238
2025-06-15T08:31:43,2173897.1909,1185396.3802,1066441.2754,161948.7613
2025-06-15T09:25:32,2147029.9491,1209338.7568,971301.4658,151836.5317
2025-06-15T10:14:43,2094021.9611,1181534.5188,936779.0191,151836.5317
2025-06-15T11:16:09,2085033.9117,1144938.075,931423.6442,150186.5317
2025-06-15T12:19:47,2231101.7345,1094577.428,892879.9893,146552.5907
2025-06-15T13:14:49,2218952.0742,1059558.5102,883003.9518,141482.7807
2025-06-15T14:22:02,2102373.8134,1021121.2876,885121.3513,134045.48930000002
2025-06-15T15:13:55,2015000.81,989002.6287,901048.6481,128328.8806
2025-06-15T16:18:04,1944737.6596,949834.7934,878108.7257,125806.5506
2025-06-15T17:15:34,1941309.496,966304.2781,824964.0106,125044.6706
2025-06-15T18:16:13,1906967.5762,934648.7525000001,811734.8838000001,125492.66560000001
2025-06-15T19:15:57,1869557.153,892462.3426,781953.2219,126718.11720000001
2025-06-15T21:23:03,1816123.5159999998,860449.0529,676225.1128,125662.2326
2025-06-15T23:20:40,1860222.4351000001,852295.7736,605865.4619,125804.1707
2025-06-16T00:30:40,1853907.1234,859008.9734,581523.1662,143626.4671
2025-06-16T01:19:56,1855631.2209,853476.7804,565258.2428,141754.03710000002
2025-06-16T02:27:27,1913122.3551,853500.6804,597218.9853,117522.9531
2025-06-16T03:19:32,1940754.9239999999,853476.7804,634995.7631,115582.9531
2025-06-16T04:24:53,1931592.5923,853413.7137,756126.8862,104652.9581
2025-06-16T05:20:46,1919946.797,852690.168,816105.0513,104652.9581
2025-06-16T06:19:42,1933100.787,842416.0983,844057.6024,90080.10800000001
2025-06-16T07:16:16,1993070.7485,847545.0252,838897.6732,90690.16100000001
2025-06-16T08:36:29,2397030.2778,1034323.159,1055615.0199,90596.607
2025-06-16T09:33:15,2762346.2186000003,1127582.2174,1307080.1796,43286.1172
2025-06-16T10:18:24,2701900.8196,1146821.2133,1213289.8366,42870.6452
2025-06-16T11:19:40,2735308.5072,1196362.1769,1209153.4986,67900.2512
2025-06-16T12:22:28,2647967.3862,1312607.8663,1216110.785,64425.2512
2025-06-16T13:16:12,2623643.7513,1384739.0683,1198136.2691,43141.436200000004
2025-06-16T14:24:51,2628696.5937,1342156.0761,1216341.2569,43408.741200000004
2025-06-16T15:14:02,2717132.4041,1307148.5707,1346058.3882,72660.1513
2025-06-16T16:20:35,2682535.1898000003,1250451.5554,1356994.436,67789.9766
2025-06-16T17:16:55,2764467.531,1234750.4869,1365479.0402,89199.83750000001
2025-06-16T18:17:09,2679392.2888,1235669.5033,1335369.4055,119065.79980000001
2025-06-16T19:16:23,2584955.7583,1179048.3887,1274425.4406,110024.3901
2025-06-16T21:20:55,2434281.1643,1085565.18,1286852.9286,76280.17480000001
2025-06-16T23:16:39,2378339.6051,1005881.8814,1176114.0354,91184.4325
2025-06-17T00:26:33,2335957.9419,1021333.8236,1139249.3226,66231.76220000001
2025-06-17T01:17:44,2290785.7388,1012658.1967,1104688.6529,69588.6962
2025-06-17T02:26:05,2248819.6687,1010831.6937000001,1058777.673,56945.9682
2025-06-17T03:17:27,2231423.1802,1009808.1132,1101409.8542,51859.658200000005
2025-06-17T04:24:12,2223711.3011,1013701.9145000001,1212687.2894000001,72614.97720000001
2025-06-17T05:20:08,2165842.5002,1010707.3502,1258884.977,67899.3112
2025-06-17T06:19:36,2177309.9577,1014171.4803,1292826.664,64529.8182
2025-06-17T07:15:44,2214260.2687,984162.4094,1378680.4344,61676.3252
2025-06-17T08:36:34,2655067.5634,999351.5028,1869699.913,105765.72320000001
2025-06-17T09:31:14,2876640.0285,1089708.6417,1889283.335,124763.739
2025-06-17T10:18:12,2873802.1515,1032656.6235,1975226.0062,91028.9819
2025-06-17T11:19:33,2820146.1156,1038837.9337,2118481.1852,84260.3124
2025-06-17T12:22:30,2811872.6607,1075302.3945,2102470.6121,75202.0397
2025-06-17T13:16:37,2782521.5279,1034937.6891,1967775.6997,67186.4391
2025-06-17T14:24:48,2607733.7722,1014249.4322,1926957.0506,60322.337
2025-06-17T15:14:06,2548425.8903,1074156.9043,1869128.28,58234.5918
2025-06-17T16:19:05,2449751.8241,1141202.7042,1871404.3425,54879.1537
2025-06-17T17:16:58,2441448.6504,1175542.3891,1958726.4184,51575.143500000006
2025-06-17T18:16:39,2266535.6563999997,1154330.9547000001,1886138.7415,49210.6249
2025-06-17T19:16:46,2222021.3282,1118762.0521,1803424.403,45894.594000000005
2025-06-17T21:20:24,2031191.4022,989182.6355,1676799.4477000001,40464.3291
2025-06-17T23:15:40,1965934.7594,947301.8179,1555368.0933,40464.3291
2025-06-18T00:26:44,1966212.4586,933336.6023,1492405.0493,73412.2246
2025-06-18T01:18:08,1957240.6235999998,933176.2508,1478213.3998,70812.9586
2025-06-18T02:25:57,1949808.7659999998,926203.9473,1445564.5451,68435.0856
2025-06-18T03:17:48,1945771.0665,920857.8928,1472191.1339,66115.1026
2025-06-18T04:23:47,1934467.954,915590.3468,1547870.2455,63194.452600000004
2025-06-18T05:19:38,2001372.7841,905432.573,1666406.8298,65474.6776
2025-06-18T06:19:11,2050758.3044,933082.2183000001,1677002.8538,61452.793600000005
2025-06-18T07:15:59,2177538.9842,979484.0922000001,1743699.1066,58400.39260000001
2025-06-18T08:36:08,2594393.1742,1126737.0025,1994831.0648999999,52571.577300000004
2025-06-18T09:32:24,2951262.6171999997,1219696.5092,2068685.977,69518.6605
2025-06-18T10:17:41,2886472.8205,1248666.3233,2060356.9247,62709.1635
2025-06-18T11:19:53,2801979.9189999998,1329498.7946,1999715.6193,53814.3995
2025-06-18T12:22:37,2853348.6615,1344817.4034,2005250.9621000001,37049.8828
2025-06-18T13:17:28,2747515.4075,1302574.9312,1964811.3159,33868.8828
2025-06-18T14:24:41,2553809.4455,1223803.9163,1889208.8515,32960.8828
2025-06-18T15:14:19,2520804.205,1257401.0119999999,1853770.3902,55540.8738
2025-06-18T16:20:48,2603556.6119999997,1303147.9841,1831080.9611,49961.628800000006
2025-06-18T17:16:42,2587601.2373,1448696.5691,1787838.0936,45951.145800000006
2025-06-18T18:16:41,2516949.1724,1460616.4196,1749569.6521,43162.6578
2025-06-18T19:16:47,2552137.8144,1500568.3554,1677662.4064,39648.9823
2025-06-18T21:20:59,2545748.0524999998,1403708.4683,1565525.3499,32455.395
2025-06-18T23:16:31,2570661.714,1317058.482,1519330.2723,49384.266
2025-06-19T00:26:24,2657672.4144,1304746.9808,1532960.8699999999,46030.113
2025-06-19T01:17:33,2641700.9155,1296397.8586,1535655.4097,35377.122
2025-06-19T02:25:57,2652627.8204,1320256.7812,1521909.8377,31008.415
2025-06-19T03:17:25,2657682.1149,1313746.1167,1524074.572,28516.478000000003
2025-06-19T04:23:30,2646749.216,1311451.4611,1597419.9838,45136.998
2025-06-19T05:19:18,2625399.7454,1319349.782,1629979.8777,39033.234000000004
2025-06-19T06:18:59,2680378.7808000003,1370091.4135,1699715.3248,71911.724
2025-06-19T07:15:35,2640106.2831,1422354.0992,1717197.4769000001,100060.494
2025-06-19T08:35:25,2857891.8933,1467350.267,1829026.0034,85188.7818
2025-06-19T09:30:18,2709145.8735,1511153.8293,1874446.4519,51527.4938
2025-06-19T10:17:01,2616397.1196,1444704.599,1805954.4311,73531.7288
2025-06-19T11:18:14,2519064.5702,1386002.0128,1807321.918,70889.1398
2025-06-19T12:21:54,2498386.86,1362613.2286,1842179.9187,51358.1398
2025-06-19T13:15:38,2434152.097,1287922.7561,1787837.2539,51358.1398
2025-06-19T14:23:44,2334812.8865,1287415.4004,1708457.3259,53023.7713
2025-06-19T15:13:20,2282578.5947,1282034.4961,1743975.4895,51003.6988
2025-06-19T16:20:27,2208626.5264,1202252.0031,1700865.0296,51003.6988
2025-06-19T17:16:21,2147396.8514,1129559.5101,1666485.9551,50863.8998
2025-06-19T18:16:47,2016636.0184,1072191.3284,1677211.7745,50863.8998
2025-06-19T19:17:20,2083544.7650000001,1038475.1703,1625382.1257,49759.5798
2025-06-19T21:20:07,2085689.6817,983247.8103,1694905.3524,49032.2098
2025-06-19T23:15:31,2017671.2462,966744.7023,1626525.7863,72338.5098
2025-06-20T00:25:32,2059064.4952,948805.2606,1553378.9735,67185.7178
2025-06-20T01:18:02,2095506.2641,944922.2074000001,1504102.0218,63303.6828
2025-06-20T02:26:07,2062589.0496,940740.7229,1554081.9563,58421.5608
2025-06-20T03:17:26,2037919.5926,938680.5096,1624054.7773,55277.9078
2025-06-20T04:23:26,2031253.3031000001,936234.7606,1712064.7333,83690.0768
2025-06-20T05:18:37,2013112.4863,920008.6070000001,1720808.8585,79174.9138
2025-06-20T06:18:43,2101824.7497,913814.0639000001,1755668.9605,77563.6508
2025-06-20T07:15:24,2036781.2775,949621.0536,1783684.2981,77531.3518
2025-06-20T08:35:29,2493632.9123,986926.5345,2104502.7862,38929.5967
2025-06-20T09:29:31,2596103.0299,1023418.9153999999,2388181.6896,58731.155900000005
2025-06-20T10:17:28,2682102.4551,1060972.6233,2511974.8134,55196.3539
2025-06-20T11:18:03,2728574.46,1045741.2003,2407110.4334,69747.348
2025-06-20T12:21:17,2699836.0546,1104181.8375,2369454.8051,87015.8479
2025-06-20T13:15:39,2647896.0607000003,1134098.3409,2426552.4544,79502.3789
2025-06-20T14:23:43,2640179.2226,1122030.0283,2377107.7029,64104.7789
2025-06-20T15:14:01,2620700.9792,1283811.6037,2410270.9552,46401.0298
2025-06-20T16:19:14,2656355.3777,1303853.2615,2398715.46,61964.4098
2025-06-20T17:16:16,2657030.0232,1353138.8923,2355467.5709,100544.2898
2025-06-20T18:16:47,2585239.651,1308998.3858,2449257.1081,109364.3058
2025-06-20T19:17:09,2399826.4256,1224488.8371,2314112.524,122251.6121
2025-06-20T21:19:17,2300240.9284,1088092.1653,2202916.6527,124422.0002
2025-06-20T23:12:08,2271521.3754000003,1113669.3825,2165017.8222,40333.9327
2025-06-21T00:21:33,2287941.9144,1069723.3288,1924011.1504,66558.0346
2025-06-21T01:16:53,2289944.8528,1083576.0629,1876047.1559000001,61628.799900000005
2025-06-21T02:23:16,2209886.078,1032034.4387,1926392.0071999999,54480.161400000005
2025-06-21T03:16:25,2233953.1433,1033151.3714000001,2014417.0789,52067.419200000004
2025-06-21T04:20:49,2252951.243,994841.4635,2063426.8903,84530.9502
2025-06-21T05:17:03,2257969.463,991997.9465,2087903.5664,80090.5502
2025-06-21T06:17:29,2318062.5694,1001251.767,2143670.9105,76701.6443
2025-06-21T07:14:57,2373301.6865,1072026.7695,2215084.793,69645.9663
2025-06-21T08:31:42,2839691.4231000002,1246080.7884,2402367.5075,42145.3274
2025-06-21T09:26:05,2932519.3271,1365944.1775,2474806.7553,48720.5294
2025-06-21T10:16:03,2986851.9536,1359381.6823,2435792.9203,46675.5944
2025-06-21T11:16:36,2947132.3684,1258313.3691,2382224.0884,61566.3604
2025-06-21T12:19:50,2882101.2312000003,1228306.8654,2331549.5076,75179.3154
2025-06-21T13:14:36,2839138.7259,1266669.1698,2290318.9574,113219.8949
2025-06-21T14:21:37,2737899.2767,1295458.3032,2211953.2386,143202.9816
2025-06-21T15:13:24,2682706.9504,1273500.0179,2224492.7583,150568.70119999998
2025-06-21T16:17:44,2649638.5514,1266355.118,2116316.1372,60480.1524
2025-06-21T17:15:31,2520709.0745,1212588.1128,1993796.0299,65731.8825
2025-06-21T18:15:45,2490818.1742,1289184.1632,1856253.6312,89183.7874
2025-06-21T19:16:38,2473945.8687,1230072.6008,1786306.9313,80576.4363
2025-06-21T21:27:59,2331201.5363000003,1190596.4085,1709553.2111,79297.2494
2025-06-21T23:24:26,2318444.7318,1165001.9758,1715634.1311,58087.029
2025-06-22T00:28:54,2332407.8915,1221427.0869,1647855.9092,54229.731
2025-06-22T01:17:30,2344603.5051,1200952.1667,1675625.2123,51291.489
2025-06-22T02:23:54,2334647.5130000003,1193730.7212,1649245.4094,51291.489
2025-06-22T03:16:50,2332893.1532,1180138.9076999999,1650435.0005,51060.883
2025-06-22T04:21:08,2367706.0377,1165214.6527,1661336.4065,51060.883
2025-06-22T05:17:30,2329356.2252,1152578.3073,1614639.3023,51060.883
2025-06-22T06:17:23,2307110.3113,1192238.9737,1649604.7794,31060.883
2025-06-22T07:14:05,2200560.8669000003,1196016.7822,1548810.4152,31792.805
2025-06-22T08:31:29,2287738.0012,1335412.7611,1469281.8107,56056.5827
2025-06-22T09:25:25,2232477.3807,1284707.2895,1467130.8759,58577.299699999996
2025-06-22T10:15:53,2173771.2711,1249722.504,1388723.5309,58577.299699999996
2025-06-22T11:16:41,2101592.6019,1132129.065,1383675.4276,58577.299699999996
2025-06-22T12:19:45,2219235.8189000003,1065818.5034999999,1423894.7411,58222.8587
2025-06-22T13:14:07,2215198.3952,1073494.9402,1384890.237,83021.8587
2025-06-22T14:22:11,2181973.1741,978424.4658,1418566.5127,103457.2407
2025-06-22T15:14:03,2051116.0454,936737.977,1390474.9574,116735.9907
2025-06-22T16:18:07,2011199.3356,889252.2513,1383742.5337,112613.9907
2025-06-22T17:15:44,1964486.8748,840332.9689,1338202.9785,94390.7417
2025-06-22T18:16:20,1946926.2089,801643.2046,1332825.2635,90811.0217
2025-06-22T19:16:47,1919222.1463000001,770806.3972,1275192.8323000001,86162.2087
2025-06-22T21:25:19,1907114.2749,770237.1796,1165924.4443,68042.0587
2025-06-22T23:24:59,1881515.1363,798110.9038,1093734.3008,66982.5807
2025-06-23T00:32:31,1867552.6507,840340.9634,1049583.7759,61841.9087
2025-06-23T01:20:00,1884460.5241,726710.5214,1009544.5274,61314.9087
2025-06-23T02:27:09,1901839.0281,724358.1714,1078291.2478,61314.9087
2025-06-23T03:19:33,1893498.1641000002,722410.1333,1138866.2682999999,86114.9087
2025-06-23T04:24:57,1884842.1629,719972.5833,1200291.7741,83329.2917
2025-06-23T05:21:16,1889967.7131,716788.5253,1208362.6085,97416.8077
2025-06-23T06:20:26,1969275.7799,719134.1881,1213304.5844,102124.5948
2025-06-23T07:16:26,2076330.2718,734815.0104,1254971.0431,115729.0788
2025-06-23T08:36:58,2540598.5257,915173.1999,1634202.8269,81298.415
2025-06-23T09:33:32,2938332.5273,1022449.7918,1730459.7049,53263.1471
2025-06-23T10:18:36,2932511.1689,1056269.6587,1729101.8883,50078.5761
2025-06-23T11:19:29,2925436.1764,1140908.9578,1785907.1323,46535.7851
2025-06-23T12:22:36,2804726.8084,1206720.1183,1788289.052,46535.7851
2025-06-23T13:16:50,2727623.5394,1183266.5545,1815730.0287,46535.7851
2025-06-23T14:24:39,2632875.4153,1167217.0407,1843997.6129,46514.2461
2025-06-23T15:14:34,2714936.204,1174958.0644999999,1926681.1471,46514.2461
2025-06-23T16:20:05,2757176.7462,1185083.8028,2079652.391,69100.2671
2025-06-23T17:17:07,2709084.5012,1190431.8505,2133553.6333,69100.2671
2025-06-23T18:17:25,2711118.2923,1182667.5355,2139129.5705999997,69100.2671
2025-06-23T19:14:18,2612094.2629,1138048.2309,2069572.5444,85720.2671
2025-06-23T21:21:14,2454838.2793,1079181.4646,1824738.2096,69100.2671
2025-06-23T23:17:31,2497037.789,1009254.6795,1742378.5298,99100.2671
2025-06-24T00:27:47,2638444.7038000003,1075876.9426,1712733.6618,95921.6112
2025-06-24T01:19:56,2588011.3935,1054341.0159,1708851.0115,93809.3746
2025-06-24T02:26:51,2574197.7369,1033179.9689,1744259.2707,89946.2751
2025-06-24T03:18:54,2582705.1371999998,1024330.3184,1842876.9704,111304.3289
2025-06-24T04:24:49,2617323.5281,1015384.1217,1962323.5703,106909.0601
2025-06-24T05:20:13,2619186.5113,1003904.72,1981950.6034000001,134551.81209999998
2025-06-24T06:19:55,2687662.5333,1000903.6270999999,2030946.9021,145092.5047
2025-06-24T07:15:50,2877796.3042,967094.8415,2152814.0283,94924.3162
2025-06-24T08:35:56,3415479.3479,1091644.0302,2271194.9186,60400.9223
2025-06-24T09:32:42,3630906.6697,1198808.1428,2309823.7268,42648.6248
2025-06-24T10:18:04,3608147.2398,1226020.9868,2301406.9635,39614.8408
2025-06-24T11:19:40,3672952.5882,1194928.8302,2327083.8871,38123.4778
2025-06-24T12:22:13,3640006.5479,1205388.7956,2459744.57,38540.1478
2025-06-24T13:18:10,3576981.1925,1137945.4153,2633068.6135,38280.632999999994
2025-06-24T14:24:30,3571323.9861,1108248.6024,2613052.1563,38280.632999999994
2025-06-24T15:14:43,3505020.7043,1207676.0828,2531145.6535,38433.164
2025-06-24T16:20:01,3167780.393,1267722.8455,2476674.7902,41954.1118
2025-06-24T17:17:02,3075800.5426,1239024.2467,2459353.3441,41954.1118
2025-06-24T18:17:16,2926358.6438,1200900.3016,2502201.4041,41563.8408
2025-06-24T19:16:35,2799556.7293,1158871.0482,2460536.1204,41563.8408
2025-06-24T21:21:54,2697301.9739,1048947.3002,2304969.3812,41563.8408
2025-06-24T23:18:32,2762877.1226999997,1035057.6874,2270270.4706,41563.8408
2025-06-25T00:28:37,2710039.8399,1022428.5471,2231317.3928,41563.8408
2025-06-25T01:19:23,2709204.1518,1020080.4822,2222518.6696,41563.8408
2025-06-25T02:26:44,2700577.2329,1007767.2901,2229270.3278,41563.8408
2025-06-25T03:18:41,2705528.4677,1016136.9604,2244039.3262,69802.84079999999
2025-06-25T04:24:57,2681131.0159,1004960.988,2380132.0798,40587.527799999996
2025-06-25T05:20:46,2679537.5343,995098.9323,2474565.7509,77252.5278
2025-06-25T06:19:33,2699790.1355,1013714.3915,2471218.2253,55745.5328
2025-06-25T07:16:14,2776807.4196,1008427.6778,2505313.994,53437.9738
2025-06-25T08:36:12,3185473.5826,1047400.3187,3023413.267,50926.0798
2025-06-25T09:33:10,3447245.2117,1007381.5549,3254744.8656,47886.5005
2025-06-25T11:19:59,3766740.9065,902640.8136999999,3423836.4459,41143.5005
2025-06-25T12:22:46,3621538.3642,909262.5192,3344982.5437,37613.5005
2025-06-25T13:17:07,3448946.3127,867611.922,3249158.0815,37069.3635
2025-06-25T14:25:08,3262684.6859999998,826814.5995,3288284.9142,67206.1515
2025-06-25T15:13:35,3230207.6145,854318.1321,3255843.7246,65547.0875
2025-06-25T16:19:48,3094527.1037,867700.9001,3194596.4786,63080.5215
2025-06-25T17:16:57,2897349.8816,899040.8369,3110340.1297999998,59325.1188
2025-06-25T18:16:52,2848045.144,891208.367,3193895.9386,86406.7316
2025-06-25T19:17:23,2788125.6102,893962.2504,3133688.3254,80829.6073
2025-06-25T21:20:57,2676017.3299,823854.9029,2907484.3796,69124.3925
2025-06-25T23:17:09,2702086.7984,788621.6046,2840332.3924,56658.0482
2025-06-26T00:27:10,2710317.0151,843502.9135,2878824.6191,48581.870800000004
2025-06-26T01:18:39,2744492.6541,846061.2723,2881479.8756999997,43626.7868
2025-06-26T02:26:34,2681415.4419,835238.4893,2900135.8369,39487.0618
2025-06-26T03:18:21,2673764.3642,831667.7774,2922424.7295999997,57655.7928
2025-06-26T04:24:16,2689164.5115,850894.2777,2926720.95,74221.8918
2025-06-26T05:19:30,2674780.7773,844612.2326,2976817.0308,67065.8918
2025-06-26T06:19:11,2681555.2743,798755.0119,3069861.723,53161.8968
2025-06-26T07:15:55,2743757.5046,812328.0102,3085162.2828,58912.8968
2025-06-26T08:35:55,3023009.8619,869550.5077,3017996.2076,56635.298
2025-06-26T09:31:48,3111938.9016,964204.8245999999,3399745.9349,32007.6217
2025-06-26T10:17:21,3200914.4609,995239.7056999999,3358596.4611,67007.6217
2025-06-26T11:19:34,3323691.5419,981728.7274,3367455.0101,63560.5477
2025-06-26T12:22:00,3200025.0471,1016252.2355,3282757.9463,59960.4777
2025-06-26T13:16:27,3202310.3829,967084.2797,3222586.7449,55752.23070000001
2025-06-26T14:24:58,2901873.0927,936371.2574,3093542.0324,50636.345
2025-06-26T15:14:33,2849267.9913,930610.4659,3043868.3368,47320.441
2025-06-26T16:19:37,2882575.1284,913211.5141,3096458.5175,43785.224
2025-06-26T17:17:07,2706011.5337,974288.7926,3053969.8285,41143.745
2025-06-26T18:16:42,2605440.2095,990976.7534,3032603.9919,37276.536
2025-06-26T19:17:12,2517120.5244,998482.5672,2871744.7678,34210.722
2025-06-26T21:21:43,2543825.3524,926087.5684,2617749.211,29119.767200000002
2025-06-26T23:18:11,2545288.6099,936830.1321,2498472.5076,29199.2832
2025-06-27T00:26:59,2544898.1012,970251.6942,2522137.9812,29199.2832
2025-06-27T01:18:37,2530873.3214000002,959604.5957,2503314.3044,29199.2832
2025-06-27T02:26:35,2506702.1922,968161.5586,2514942.953,18199.2832
2025-06-27T03:18:17,2486447.5148,960542.928,2540316.8154,18199.2832
2025-06-27T04:23:35,2491055.8123,951173.4369,2623593.7501,37273.2832
2025-06-27T05:19:05,2478260.3024,949420.0059,2672169.8386,63113.2882
2025-06-27T06:19:38,2539335.0252,933367.6883,2724581.6549,62307.7292
2025-06-27T07:15:33,2579930.5391,931780.4037,2830007.4765,56084.3282
2025-06-27T08:34:56,3149992.1258,1005194.2464,3295006.6574,43992.442
2025-06-27T09:29:24,3501538.7873,1055897.6587,3453846.4212,25437.437
2025-06-27T10:17:53,3349681.1669,1098574.0216,3471939.4236,20310.635000000002
2025-06-27T11:18:32,3348931.7396,1091218.4562,3469647.7342,17050.437
2025-06-27T12:21:52,3217779.3619,1124121.1738,3448973.6324,44477.437
2025-06-27T13:15:45,3192897.8288000003,1075170.2042,3356990.2901,58971.323
2025-06-27T14:24:30,3069262.7138,1177225.7885,3200725.8129,50189.414
2025-06-27T15:13:50,3167127.3803,1148790.9057,3161926.9005,42972.085
2025-06-27T16:19:09,3040082.6733,1169035.273,3050203.1142,36166.2
2025-06-27T17:15:20,3064987.8871,1273274.9724,2935447.9828,28974.19
2025-06-27T18:18:00,2897151.6949,1302595.3272,2916693.5593,25459.791999999998
2025-06-27T19:17:45,2800984.1016,1276944.9695,2649754.1575,21894.602
2025-06-27T21:18:44,2593258.2325,1204825.7943,2503370.9373,15386.549
2025-06-27T23:12:50,2376571.0082,1193337.4161,2422005.7147,14974.051
2025-06-28T00:21:59,2434239.9765,1201269.6533000001,2406250.5845,14974.051
2025-06-28T01:18:29,2415335.003,1184345.6573,2377805.2946,17320.7316
2025-06-28T02:23:34,2405202.5979,1174229.8879,2359571.2624,17320.7316
2025-06-28T03:16:17,2415038.6038,1192466.3963,2425356.3692,56920.7316
2025-06-28T04:20:49,2425311.8408,1212088.2919,2525137.141,57107.736600000004
2025-06-28T05:18:22,2441014.7694,1216939.4195,2531472.4911,51471.736600000004
2025-06-28T06:17:21,2418635.9748,1138911.5126,2473506.6649,44244.736600000004
2025-06-28T07:14:58,2555741.1180000002,1136178.9441,2501206.9872,38752.7316
2025-06-28T08:31:49,3009265.1218000003,1363037.0776,2723637.6748,79213.4862
2025-06-28T09:26:08,3166577.1068,1377089.5844,2799523.4187,97754.8814
2025-06-28T10:14:50,3257239.1009,1459360.2424,2826293.7616,113754.30559999999
2025-06-28T11:16:44,3248476.1505,1449445.1438,2837865.315,102711.9793
2025-06-28T12:19:57,3022306.7068,1469828.0843,2833440.4172,122216.3407
2025-06-28T13:14:53,2863570.8662,1471455.3188,2789640.3398,115831.7035
2025-06-28T14:22:04,2867983.1844,1491452.9697,2778771.6952,107298.1052
2025-06-28T15:13:55,2743502.2976,1538537.703,2735853.799,102781.9883
2025-06-28T16:18:00,2721749.3936,1552167.0646,2645616.0524999998,97392.4556
2025-06-28T17:15:45,2606907.9904,1525236.2974,2639377.0697,91614.9036
2025-06-28T18:15:56,2509088.6257,1440047.1538,2570692.5069,88369.2406
2025-06-28T19:16:32,2470210.1238,1377989.209,2496105.3439,88369.2406
2025-06-28T21:29:30,2586412.5941,1315129.3832,2377438.1433,88714.6816
2025-06-28T23:27:14,2556369.6544,1265999.9005,2351204.8541,107142.6816
2025-06-29T00:33:26,2516975.702,1322859.0443,2321569.1641,104281.6816
2025-06-29T01:20:38,2470915.4152,1334384.0012,2292253.0001,78109.6816
2025-06-29T02:24:36,2462436.4563,1315516.4689,2243047.838,74317.6816
2025-06-29T03:16:29,2451425.9579,1303712.1927,2222620.0371,71712.6816
2025-06-29T04:21:30,2453180.9044,1290988.2949,2202731.9973,64714.681599999996
2025-06-29T05:18:00,2430185.5685,1283043.9116,2183404.6749,64714.681599999996
2025-06-29T06:18:54,2411982.7437,1299454.6259,2142649.6161,64714.681599999996
2025-06-29T07:14:29,2435917.3851,1325625.0293999999,2128618.1224,64714.681599999996
2025-06-29T08:32:24,2369510.9027,1326372.0272,2111046.5595,68351.325
2025-06-29T09:26:31,2395957.9548,1326267.5627000001,2093881.246,44351.325
2025-06-29T10:15:22,2326568.3034,1238440.5676,1999046.9068,44351.325
2025-06-29T11:16:50,2239021.9224,1153134.4863,1915147.6066,44308.066999999995
2025-06-29T12:20:09,2239347.6637,1044545.367,1901325.1627,37497.556
2025-06-29T13:14:37,2268770.7703,973297.64,1956462.4334,33328.404
2025-06-29T14:22:46,2277772.0211,903770.2247,2015711.2734,27644.873
2025-06-29T15:14:00,2172343.78,852480.7403,1990914.7478,24161.752
2025-06-29T16:18:35,2162603.9956,807041.2129,2000335.3298,18644.39
2025-06-29T17:16:09,2049395.1524,782017.1193,1910725.4483999999,15570.458
2025-06-29T18:16:18,1987716.062,734703.0784,1840553.1339,17732.724000000002
2025-06-29T19:16:42,1963875.1658,701038.54,1807828.433,14400.735
2025-06-29T21:25:57,1891659.5131,654506.5002,1673068.2283,14400.735
2025-06-29T23:23:58,1872269.4967,648766.2486,1593969.4374,14400.735
2025-06-30T00:32:16,1906128.2866,654931.0949,1584915.7167,14400.735
2025-06-30T01:20:29,1905982.3466,653465.7032,1570604.4379,14400.735
2025-06-30T02:27:23,1905138.5403,652187.8359,1609386.181,14400.735
2025-06-30T03:19:32,1944965.0776,650830.4272,1616382.5558,34200.735
2025-06-30T04:24:44,1934548.0297,649687.0734,1767458.1084,50762.915
2025-06-30T05:21:03,1952966.7096,648643.3062999999,1805169.1575,67745.656
2025-06-30T06:19:51,1956042.1716,658025.5422,1824624.2411,81048.739
2025-06-30T07:15:45,2009505.1856000002,675148.3045,1861346.2685,51605.803
2025-06-30T08:35:47,2380772.6226,747881.9189,2015949.3885000001,26175.225000000002
2025-06-30T09:32:20,2650381.6841,908601.8197,2162873.6548,29804.7847
2025-06-30T10:17:47,2652644.9965,877050.5209,2252621.442,24577.7527
2025-06-30T11:20:24,2738846.8793,935151.9861,2317698.5264,15440.861700000001
2025-06-30T12:22:23,2843615.2445,927920.0539,2335691.1873,14534.2637
2025-06-30T13:15:48,2797042.5016,949467.7113,2291144.1476,14534.2637
2025-06-30T14:25:01,2717222.7462,931353.1854,2215739.5641,14534.2637
2025-06-30T15:14:23,2694513.8742,928807.9719,2211447.7559,14172.6947
2025-06-30T16:18:56,2708114.622,914756.7642,2293566.1626,14172.6947
2025-06-30T17:17:02,2731504.8113,1022122.2623,2300028.6773,12670.788700000001
2025-06-30T18:17:20,2654461.1121,1049496.6527,2256399.5676,13016.2297
2025-06-30T19:17:16,2499085.5598999998,1018424.7439,2296075.1199,13057.8897
2025-06-30T21:29:47,2403192.2224,931118.0533,2096800.3261,39294.1208
2025-06-30T23:29:02,2442084.1164,962404.4351,2072933.2995,29847.833099999996
2025-07-01T00:36:39,2409968.4256,956958.9154,2067236.4546,25364.18
2025-07-01T01:21:49,2397900.0161,946078.2257,2058466.407,22608.5483
2025-07-01T02:27:14,2402212.3284,945241.7269,2041998.5731,18853.75
2025-07-01T03:19:20,2392413.3255,942499.2938,2026798.487,15690.0188
2025-07-01T04:24:07,2401361.5047999998,937584.2880000001,2009297.9977,15690.0188
2025-07-01T05:21:03,2429153.7654,929888.4099,1988833.1628999999,15690.0188
2025-07-01T06:19:57,2487612.7386,930091.8782,1975769.6444,15690.0188
2025-07-01T07:15:51,2579335.8881,960374.2883,2021385.569,16190.0188
2025-07-01T08:36:26,2701387.4436,997572.7620999999,2195216.8185,22900.157
2025-07-01T09:32:53,2903071.9121000003,1065534.5258,2331439.1095,17160.728600000002
2025-07-01T10:17:28,2864454.8525,1036524.5619,2327282.7204,15841.398000000001
2025-07-01T11:19:59,2809290.4808,1021581.7269,2327869.8975,15841.398000000001
2025-07-01T12:22:30,2840615.7227000003,1028406.0892,2387702.3761,11076.378
2025-07-01T13:16:48,2638968.4373,1004637.2749,2270374.5905,44416.378000000004
2025-07-01T14:24:42,2438054.7296,976282.13,2184060.1919,40364.259
2025-07-01T15:14:43,2392699.3459,937889.941,2142542.853,37375.378
2025-07-01T16:19:58,2491154.5505,1063244.8479,2169263.0790999997,32526.726
2025-07-01T17:16:57,2480597.0856,1079574.5102,2179164.0427,28300.601
2025-07-01T18:17:00,2504562.2115,1133924.6273,2110034.1916,25347.601
2025-07-01T19:16:54,2414186.9026,1106364.287,2029865.9706000001,6526.165000000001
2025-07-01T21:21:31,2248806.9661,1056957.4752,1944110.2423999999,35611.559
2025-07-01T23:17:38,2150368.57,1011201.0656,1979868.1524,11708.541000000001
2025-07-02T00:28:32,2116649.7252,1001400.315,2031038.2312999999,9161.495
2025-07-02T01:20:41,2084434.6157,980753.7042,2006436.7134,9161.495
2025-07-02T02:26:51,2101163.8566,980583.305,2022113.1599,16361.495
2025-07-02T03:18:27,2184177.6062000003,976461.3382,2060985.3337,13345.495
2025-07-02T04:24:07,2166337.8653,969964.7595,2096789.982,9341.495
2025-07-02T05:20:52,2196533.1526,958638.23,2203089.4729,45910.559
2025-07-02T06:20:04,2220465.9958,916814.4668,2183842.3777,94400.391
2025-07-02T07:16:08,2315137.4092,959689.2729999999,2211898.59,89826.78
2025-07-02T08:36:08,2745433.4124000003,1052718.3506,2635669.3267,76858.099
2025-07-02T09:31:28,2861353.0787,1011369.95,2795330.697,50292.265
2025-07-02T10:17:44,2859107.1861,1006360.2225,2860001.2539,44038.353
2025-07-02T11:19:45,2741684.1556,1044209.8553,2826207.0841,35195.085
2025-07-02T12:22:03,2574274.5606,1024435.7511,2774264.3934,28943.8465
2025-07-02T13:16:52,2616477.2376,1010228.377,2812918.0375,26723.3465
2025-07-02T14:24:58,2700051.1193,969703.8479,2904114.7908,23528.246499999997
2025-07-02T15:14:23,2641021.5671,1018637.1235,2781852.2388,22050.8505
2025-07-02T16:18:05,2770187.9085,962199.4085,2798806.67,22281.4565
2025-07-02T17:16:52,2538668.9283,928742.7404,2837615.8479,22281.4565
2025-07-02T18:17:06,2562486.6722,999318.7084,2824979.3124,21399.6545
2025-07-02T19:17:39,2536015.3105,959877.056,2698667.8405,48585.1571
2025-07-02T21:21:21,2345075.4317,914599.9435,2382350.6118,41385.8118
2025-07-02T23:18:56,2378860.1371,926798.5723,2328367.3175,43565.6372
2025-07-03T00:30:32,2354374.2698,920726.797,2292192.8569,35222.6829
2025-07-03T01:21:56,2338179.409,918340.6645,2250636.2015,29299.0727
2025-07-03T02:27:17,2367033.467,916638.7241,2239503.2608,22756.164099999998
2025-07-03T03:18:18,2355065.7547,916029.3116,2327858.2212,20965.984
2025-07-03T04:23:52,2328751.1015,915210.1479,2410524.5759,20967.355
2025-07-03T05:20:15,2329639.992,914211.3424,2426995.3852,65290.354999999996
2025-07-03T06:19:37,2407315.4342,896446.705,2432614.9894,49790.86
2025-07-03T07:16:05,2436434.1914,904530.8571,2510050.9295,56282.489
2025-07-03T08:36:30,2826836.5315,958607.2951,2810958.7802,43242.848
2025-07-03T09:30:14,3085853.5376999998,989325.2966,2957734.0242,38856.666000000005
2025-07-03T10:17:52,3160620.4835,936891.0423,2989921.843,28222.666
2025-07-03T11:19:44,3194617.0009,963237.1131,2941435.8526,28222.666
2025-07-03T12:22:14,3000021.7023,970857.1409,2836096.7953,11329.399
2025-07-03T13:18:22,2712360.2077,953454.5533,2724168.2864,11329.399
2025-07-03T14:25:01,2513607.5575,902377.7967000001,2582176.4259,11329.399
2025-07-03T15:14:45,2528253.6049,905642.7387,2499477.8377,11329.399
2025-07-03T16:19:34,2436187.2643,942467.7227,2368524.2121,11481.93
2025-07-03T17:16:43,2505266.9238,937585.033,2336451.2076,11481.93
2025-07-03T18:17:24,2585452.137,960369.3167,2406460.2032,11481.93
2025-07-03T21:21:40,2541380.9508,567921.9376000001,1536223.9659,69212.3
2025-07-03T23:17:35,2410089.9003,939925.8321,2143869.2558999998,33493.926
2025-07-04T00:28:30,2504762.7444,953454.7974,2232629.7014,27902.949999999997
2025-07-04T01:20:24,2380024.3038999997,931773.8215,2264771.7081999998,25429.211
2025-07-04T02:26:42,2336609.2198,925078.2301,2238510.3436000003,19759.957
2025-07-04T03:18:21,2376616.7421999997,922079.2797000001,2227104.8989,16416.668999999998
2025-07-04T04:24:20,1353454.8097,918468.0773,2260595.7453,5151.0685
2025-07-04T05:20:03,2417354.6757,913668.1214000001,2361639.3602,21794.894
2025-07-04T06:19:43,2417221.2437,896960.8014,2306766.6459,19729.805
2025-07-04T07:16:25,2456252.6152,878318.2059,2449380.5199,18679.237999999998
2025-07-04T08:35:22,1986960.426,897818.9747,2712642.868,79631.162
2025-07-04T09:30:31,2085698.0657,1057608.2335,2830392.7471,162225.891
2025-07-04T10:17:36,2209746.7063,1017203.3608,2886971.569,156213.419
2025-07-04T11:18:10,2183495.7746,952467.6957,3011167.128,147655.652
2025-07-04T12:21:37,2132284.5479,922797.1849,2996417.4568,139634.547
2025-07-04T13:15:44,1996079.6726,932691.7049,2904417.2214,120224.045
2025-07-04T14:23:53,1764726.7289,1022481.6379,2776634.954,112740.076
2025-07-04T15:15:07,1970511.6726,1077389.1586,2721180.626,105947.092
2025-07-04T16:19:12,1856533.3597,1127139.932,2690567.855,68204.52600000001
2025-07-04T17:17:02,1837065.0163,1079470.509,2642949.7811000003,65504.920000000006
2025-07-04T18:17:39,1676668.0883,1090785.9102999999,2542634.4518999998,60329.920000000006
2025-07-04T19:17:13,1641920.0753,1047723.5625,2512866.5734,55173.4
2025-07-04T21:18:52,1560595.9911,994153.3407000001,2362492.6226,48066.4
2025-07-04T23:13:03,1535624.4831,963379.0742,2297985.5915,48294.241
2025-07-05T00:23:44,1576232.7804999999,1003184.1474,2284185.6678,48294.241
2025-07-05T01:17:51,1600909.4557999999,1000933.3176,2247424.0645,48294.241
2025-07-05T02:24:13,1787495.2927,996993.0327,2236895.7366,47412.439000000006
2025-07-05T03:17:00,1788022.9766,991722.6616,2209464.0795,47323.94900000001
2025-07-05T04:22:06,1793936.3655,999195.5242,2187179.1019,47093.34300000001
2025-07-05T05:17:41,1817651.8667000001,996013.8174,2231902.4019,46812.745
2025-07-05T06:17:42,1835941.2739,934571.8036999999,2324553.8451,71473.745
2025-07-05T07:14:27,2001664.5773,940762.3113,2379099.9577,102988.745
2025-07-05T08:32:36,2315888.7165,936753.9271,2821489.2171,93377.91
2025-07-05T09:26:27,2589909.3928,1017465.527,3115755.0657,83826.91
2025-07-05T10:17:14,2427640.5147,1057363.5661,3159100.6920000003,66131.91
2025-07-05T11:17:05,2717007.6696,1064590.5599,3198878.1741,88503.7863
2025-07-05T12:20:30,2688277.1584,1143196.097,3112572.6646,81182.52560000001
2025-07-05T13:15:09,2488577.105,1202250.4385,2998482.9996,71906.2864
2025-07-05T14:22:11,2382636.3496,1147891.8166,2859026.0226,62778.798800000004
2025-07-05T15:14:40,2284272.0885,1129173.2527,2789454.8531,89036.0095
2025-07-05T16:18:21,2184169.3837,1095188.3917,2733460.1253,82752.35740000001
2025-07-05T17:16:46,2080661.7454,1073991.2258,2643911.8784,74790.115
2025-07-05T18:16:15,1972054.8253,1033746.4086,2609795.2304000002,67560.0557
2025-07-05T19:17:15,1472435.0814,1000194.4758,2542224.2796,8718.763500000001
2025-07-05T21:29:38,1601861.7471,956151.1408,2345978.6662,51743.174
2025-07-05T23:26:04,1837731.6241000001,930041.5930999999,2298900.7906,45658.425
2025-07-06T00:32:01,1749985.3392,907502.9576,2256290.907,11018.383
2025-07-06T01:18:22,1832896.6069,899848.2689,2291379.7693,9786.630000000001
2025-07-06T02:24:25,1937865.2212,893527.7286,2292997.4622,9475.630000000001
2025-07-06T03:16:31,1917983.5052,903899.8256,2286683.9477,9475.630000000001
2025-07-06T04:21:40,1901335.6812,899655.4082,2266615.8049,9475.630000000001
2025-07-06T05:17:53,1867206.7496,893622.6854,2247145.8894,6559.6895
2025-07-06T06:18:26,1882599.5596,882887.5136,2246831.8747,9475.630000000001
2025-07-06T07:15:51,1878179.2240000002,841547.9956,2233622.5467,9786.630000000001
2025-07-06T08:32:45,1626755.7755,869111.4329,2317502.8185,10973.89
2025-07-06T09:27:12,1597058.8595,853782.3913,2305628.9875,11855.692000000001
2025-07-06T10:15:44,1525775.4225,840898.714,2185463.0097,11855.692000000001
2025-07-06T11:17:07,1492514.0125,816899.6994,2065003.5192,11855.692000000001
2025-07-06T12:20:22,1473036.0718,773613.1027,2023692.9823,10220.437
2025-07-06T13:15:11,1661269.4804,741657.3978,2132460.0532,8993.034
2025-07-06T14:22:41,1681652.4929,732748.0319,2108512.3118,7304.514
2025-07-06T15:14:47,1622144.8056,707649.8715,2098947.8104,26634.514
2025-07-06T16:19:21,1366511.4133,679976.7155,2026420.6929,44009.908
2025-07-06T17:16:31,1304892.6921,656187.3492,2041002.0584,37815.908
2025-07-06T18:17:44,1167079.8151,654511.3886,1980102.9247,21163.908
2025-07-06T19:17:29,1175936.8999,629440.8915,1918952.7528,18373.908
2025-07-06T21:26:21,1194186.2326,582720.2141,1809410.1038,9858.615000000002
2025-07-06T23:24:19,1196252.9796,567964.1366,1777022.2527,9861.380000000001
2025-07-07T00:33:21,1269998.6997,567027.1462,1721262.9117,9861.380000000001
2025-07-07T01:21:24,1154965.2314,566792.5001,1704339.4566,9861.380000000001
2025-07-07T02:28:45,1262121.8387,568687.5073,1699025.9619,9861.380000000001
2025-07-07T03:20:10,1643128.8674,570573.4212,1758343.3894,29661.38
2025-07-07T04:25:55,1655851.367,570114.0336,1880953.5739,41779.38
2025-07-07T05:22:06,1693465.8857,539933.5014,1879526.9233,32608.908
2025-07-07T06:20:36,1663988.9215,547391.2836,1895218.882,44741.833
2025-07-07T07:16:25,1610918.0007,525009.0779,1930106.0494,35139.126000000004
2025-07-07T08:36:35,1799720.8244999999,548147.9676,2413373.4543,62305.804000000004
2025-07-07T09:33:03,2023397.3264000001,569271.2932,2599729.5815,55896.234000000004
2025-07-07T10:18:40,2043550.4047,546341.6881,2694400.4823,51557.999
2025-07-07T11:18:58,1944704.8296,608129.9181,2652174.9456,48827.079000000005
2025-07-07T12:23:09,1876853.4931,645176.7162,2539453.2819,46302.279
2025-07-07T13:17:01,1704378.1717,600853.9474,2653375.9939,45384.284
2025-07-07T14:25:28,1807728.4357,580851.6282,2751820.3745,46092.279
2025-07-07T15:16:12,1788240.5083,578499.8112,2771653.3158,75332.1177
2025-07-07T16:20:13,1813625.4527,567387.3004,2679937.8619,72618.11230000001
2025-07-07T17:17:21,2188835.2421,573966.9113,2611419.9422,72618.11230000001
2025-07-07T18:18:00,1703521.6570000001,541361.7849,2559783.2178,87931.2898
2025-07-07T19:17:40,1794818.9283,528340.9576,2552001.2630000003,78181.9753
2025-07-07T21:22:37,1676440.9387,472960.9444,2369581.8889,57128.0892
2025-07-07T23:18:47,1803999.1421,455852.6714,2252235.4848,49730.2129
2025-07-08T00:29:18,1709169.9337,448890.832,2205300.6648,47248.1564
2025-07-08T01:19:55,1682551.4805,447017.3384,2159884.692,47248.1564
2025-07-08T02:26:53,1655159.9422,443375.9533,2163948.8774,47248.1564
2025-07-08T03:19:29,1621816.0469,441271.3298,2182446.215,47248.1564
2025-07-08T04:24:52,1511488.7131,439399.4066,2297956.993,66560.1564
2025-07-08T05:21:06,1510608.697,432779.5834,2298384.2439,29283.039
2025-07-08T06:20:00,1671009.4419,421191.4049,2334914.2535,80928.14
2025-07-08T07:16:50,1745896.5818,426122.0274,2401161.8774,61472.14000000001
2025-07-08T08:36:59,2215471.1648,579108.0436,2800092.8841,41880.3204
2025-07-08T09:33:16,2437076.2512,656892.19,3222915.725,37138.3664
2025-07-08T10:18:09,2316074.6852,655438.743,3291366.2777,14733.076000000001
2025-07-08T11:19:53,2229988.9786,726233.8708,3309364.0985,30640.629399999998
2025-07-08T12:22:52,2209401.0053,727457.0611,3256838.1371,27618.1854
2025-07-08T13:17:21,1927554.6889,670890.2959,3143737.2943,28810.987399999998
2025-07-08T14:25:44,1909893.6836,625421.9272,2952050.9106,28810.987399999998
2025-07-08T15:15:09,1675090.4619,628397.2488,2823742.3348,27892.9924
2025-07-08T16:20:29,1799365.9803,635287.6413,2756268.4178,46981.727399999996
2025-07-08T17:17:54,1748888.72,672850.8146,2675989.4261,27623.709899999998
2025-07-08T18:18:16,1717228.5212,643362.3924,2592528.3089,27623.7274
2025-07-08T19:18:39,1246287.8479,610330.2276,2535923.4635,8069.037
2025-07-08T21:22:57,1670935.8016,530092.5337,2415129.8504,27623.7274
2025-07-08T23:21:34,1620423.137,501823.3543,2399455.3342999998,27312.7274
2025-07-09T00:33:11,1607395.4955,530617.1537,2397560.747,27312.7274
2025-07-09T01:23:04,1621303.7193,507116.4346,2384814.6130999997,27312.7274
2025-07-09T02:27:32,1531978.0805,505337.5992,2443477.8624,21904.403899999998
2025-07-09T03:19:55,1611946.2474,504447.8679,2462098.3317,27312.7274
2025-07-09T04:24:37,1702988.1136999999,523341.8894,2504638.2104,47112.7374
2025-07-09T05:21:15,1676775.1605,519993.4122,2592946.9818,63224.7374
2025-07-09T06:20:35,1679725.0264,532080.2104,2646563.7582,41181.369
2025-07-09T07:17:07,1696264.492,545249.7652,2610329.7456,29436.476
2025-07-09T08:36:58,2204489.8008,597536.4853,2886307.7021,41644.2454
2025-07-09T09:32:57,2338681.1029,692829.2792,3112628.5379,18588.483
2025-07-09T10:17:32,2569330.26,700296.8983,3151611.147,16003.483
2025-07-09T11:20:18,2361402.8497,727249.5565,3165892.4526,11142.189
2025-07-09T12:21:59,2414863.4669,756281.3201,3182308.7668,10260.387
2025-07-09T13:18:43,2081049.8113,720956.7594,2984161.0035,9165.494
2025-07-09T14:25:29,2138215.0972,721418.5481,2800799.3468,9370.013
2025-07-09T15:16:00,2159456.8958,682565.1991,2770500.8896,9370.013
2025-07-09T16:20:20,1975773.4372,737178.5153,2742586.6226999997,9370.013
2025-07-09T17:17:31,1940621.4973,742230.7835,2802474.405,10251.815
2025-07-09T18:18:27,1866912.3338000001,703146.2946,2609479.0174,9132.169000000002
2025-07-09T19:17:36,1819407.2201,673173.4707000001,2471264.1337,15612.884000000002
2025-07-09T21:23:14,1748874.7127,603724.8069,2212757.5752,10694.143
2025-07-09T23:21:10,1781495.9371,566066.2601000001,2124785.4347,10694.143
2025-07-10T00:31:10,1838584.513,582862.5359,2096327.8702,10694.143
2025-07-10T01:21:54,1589999.1417,562033.5876,2045253.1353,10803.993
2025-07-10T02:27:42,1779481.078,564884.3095,2086201.158,10694.163
2025-07-10T03:19:16,1769419.4486,563247.5203,2120383.2814,10694.163
2025-07-10T04:24:29,1758920.1087,561195.5963,2185753.0114,38839.153
2025-07-10T05:21:44,1748935.176,539580.2169,2179939.5493,36438.153
2025-07-10T06:20:29,1634766.3393,543210.7645,2201972.5947,33825.378000000004
2025-07-10T07:16:21,1807732.4282,578851.98,2313588.3934,31553.148
2025-07-10T08:37:41,2313769.367,630014.5616,2899401.3479,50241.422
2025-07-10T09:34:01,2433841.4098,703380.8404,3227627.9246,46552.422
2025-07-10T10:19:03,2271759.4277,742670.8119,3287265.7308,30267.422
2025-07-10T11:20:26,2235916.6834,718095.639,3353871.9947,30323.1
2025-07-10T12:22:33,2127530.2999,736150.5561,3217899.0608,9824.188
2025-07-10T13:18:38,2077846.6426,698402.0702,3042263.1262,39824.187999999995
2025-07-10T14:25:44,1961059.4477,668657.3005,2928790.2234,34860.3806
2025-07-10T15:15:29,1971118.1756,634550.1053,2886422.8794,31916.828600000004
2025-07-10T16:20:21,2096851.9458,679234.7758,2811437.2414,47636.7724
2025-07-10T17:19:06,2020212.2252,646225.7335,2745746.505,39541.6031
2025-07-10T18:17:58,2034454.1408,637623.0895,2649815.0203,31989.487500000003
2025-07-10T19:18:21,1877947.4776,600634.7262,2551458.9677,27968.890900000002
2025-07-10T21:24:27,1786715.1193,545339.5011,2373045.1091,35301.3851
2025-07-10T23:27:06,1652459.7409,517517.7656,2260305.5978,32047.412000000004
2025-07-11T00:35:55,1677484.0784,527080.3883999999,2244865.5326,32929.214
2025-07-11T01:22:17,1592547.6465,530678.3337,2205839.0236,32929.214
2025-07-11T02:27:57,1623605.7013,527276.9213,2202052.3182,32929.224
2025-07-11T03:20:03,1535157.6667,524678.9815,2296873.8649999998,57229.214
2025-07-11T04:24:23,1618147.4196,528041.4738,2319185.8277,54292.214
2025-07-11T05:20:40,1575589.3312,526194.2374,2336913.1442,87800.458
2025-07-11T06:20:09,1890908.5918999999,519004.9815,2389333.9554,85906.458
2025-07-11T07:17:00,1892789.517,512352.8675,2336815.0192,81668.448
2025-07-11T08:35:49,2244053.1462,654139.5685,2731553.0578,95982.841
2025-07-11T09:32:24,2546829.169,678080.7651,2853297.463,86949.349
2025-07-11T10:18:24,2664973.8542,669742.2111,2864407.8352,84517.466
2025-07-11T11:19:58,2550915.6233,647222.9908,2968309.8401,80358.39199999999
2025-07-11T12:22:34,2653714.3522,621714.0905,2917702.4285,76980.212
2025-07-11T13:18:03,2590586.2871,640192.1179,2854540.6214,73742.762
2025-07-11T14:25:10,2460799.02,630851.4929,2917879.0212,54189.251000000004
2025-07-11T15:15:34,2358420.2438,652068.9877,2876820.2267,54189.251000000004
2025-07-11T16:20:25,2332296.4285,695115.9597,2902699.2744,32433.77
2025-07-11T17:17:51,2250253.1862,689357.246,2939522.1819,32433.77
2025-07-11T18:18:03,2107109.7386,681692.355,2755627.7129,32433.77
2025-07-11T19:17:53,2112955.2708,630149.6757,2613539.5606,32433.77
2025-07-11T21:25:56,2028318.9521,591234.7788,2286755.6379,32433.77
2025-07-11T23:25:15,1994194.1424,572938.1809,2294496.5311,31246.510000000002
2025-07-12T00:30:42,1968965.391,582993.6743,2257236.4083,30935.510000000002
2025-07-12T01:18:45,1981554.4322,576079.241,2260128.0375,31246.510000000002
2025-07-12T02:25:13,1918956.7053,578059.2372,2285714.278,8155.983
2025-07-12T03:18:07,1966024.5563,573912.3919,2264370.4451,31138.983
2025-07-12T04:22:01,1902382.6527,568072.0089,2269132.5595,30827.983
2025-07-12T05:18:21,1930131.913,564783.4899,2355885.8219,31138.983
2025-07-12T06:18:33,1650977.3984,548517.8061,2403700.0011,85267.466
2025-07-12T07:16:12,1721550.5844,535041.9282,2333128.4401,77787.466
2025-07-12T08:33:08,2193423.0026,672114.1108,2620377.976,96726.342
2025-07-12T09:27:26,2420979.6666,743427.6597,2804936.5668,62647.721
2025-07-12T10:16:33,2264727.3056,753619.3386,2933321.9549,46231.662
2025-07-12T11:18:07,2559748.5908,846987.3111,3031939.6528000003,57256.958
2025-07-12T12:20:45,2644054.4266,926939.3640000001,2966538.614,43972.964
2025-07-12T13:15:12,2372929.166,880831.0379,2961562.9491,19363.217
2025-07-12T14:23:25,2288975.6942,885828.4536,3059796.7124,22331.128
2025-07-12T15:14:22,2042796.5428,874507.0328,2953349.7128999997,13802.446
2025-07-12T16:18:59,2006264.6891,902238.4949,2798387.7846,10992.417000000001
2025-07-12T17:16:44,1940421.5027,834800.6483,2806131.0525,11099.944
2025-07-12T18:17:24,1915861.147,772214.9191,2790881.3152,11099.944
2025-07-12T19:19:24,1933738.7654,724715.0043,2679803.575,11099.944
2025-07-12T21:40:25,1815120.2094,622144.4167,2523625.7637,11099.944
2025-07-12T23:39:36,1761071.4869,601544.8743,2378582.213,11099.944
2025-07-13T00:36:15,1737749.5075,601672.0127,2372322.95,11099.944
2025-07-13T01:20:32,1672266.8225,595845.8797,2358629.6057,11099.944
2025-07-13T02:26:11,1681612.9638,577309.1582,2291259.8056,11099.964
2025-07-13T03:19:11,1692701.5886,573854.1554,2269560.1489,11099.964
2025-07-13T04:22:04,1473778.4715,575427.2342,2244692.7386,11099.964
2025-07-13T05:19:15,1638823.6156,574258.4337,2222747.4814999998,11099.964
2025-07-13T06:18:43,1582594.5374,565137.6204,2196254.6799,11099.964
2025-07-13T07:15:04,1611289.2144,531508.9123,2113406.7973,11099.964
2025-07-13T08:33:47,1556468.5941,620121.277,2030555.7852,11287.721000000001
2025-07-13T09:28:11,1552152.4006,584822.5185,1954215.0736,11598.721000000001
2025-07-13T10:16:24,1521836.7547,554914.552,1862019.4854000001,11598.721000000001
2025-07-13T11:17:36,1447107.3894,519691.8317,1749379.7945,11598.721000000001
2025-07-13T12:20:53,1341682.9493,488791.4527,1721711.2664,9087.721000000001
2025-07-13T13:15:14,1433972.6565999999,463887.9539,1770925.9185000001,25630.721
2025-07-13T14:23:38,1379404.1579,439035.865,1734201.4719,19994.657
2025-07-13T15:14:34,1416252.7485,422306.3582,1746069.6045,37569.253
2025-07-13T16:18:48,1370561.8169,402498.24820000003,1715434.963,24642.253
2025-07-13T17:16:43,1325965.4923,386952.5331,1655615.228,9649.253
2025-07-13T18:17:16,1279469.9239,371830.3305,1598490.6128,9649.253
2025-07-13T19:18:47,1228826.1462,357455.349,1548835.5077,9649.253
2025-07-13T21:28:11,1193815.6792,333640.1573,1418057.0839,9649.253
2025-07-13T23:40:24,1266125.5805,322154.9285,1399986.2722,26457.81
2025-07-14T00:40:18,1258710.3868,320538.5214,1384618.1325,26457.81
2025-07-14T01:24:18,1281657.3024,319264.0737,1367158.0025,26457.81
2025-07-14T02:29:07,1281010.1497,318425.4326,1349457.7945,26457.82
2025-07-14T03:22:56,1289033.5956000001,318355.9426,1378091.8826,26457.82
2025-07-14T04:27:29,1304723.0321,317247.4528,1392783.3486,26457.82
2025-07-14T05:26:21,1317604.9338,316913.9397,1381435.6129,26457.82
2025-07-14T06:20:51,1382141.7072,311077.9444,1401352.3253,45039.954
2025-07-14T07:16:30,1451921.2551,320618.7586,1541854.4586,43334.202
2025-07-14T08:38:13,2187564.199,338249.8779,1953197.8922000001,78874.866
2025-07-14T09:35:38,2663700.9702,354867.0269,2472254.4548,89981.8592
2025-07-14T10:19:54,2751525.9296999997,362488.2045,2632504.8215,81593.6027
2025-07-14T11:20:31,2638359.6864,451010.4644,2603386.9559,67111.18460000001
2025-07-14T12:23:54,2665845.263,469811.0946,2645314.9723,56302.6916
2025-07-14T13:18:24,2496943.9652,497652.0247,2538027.3004,42091.6965
2025-07-14T14:27:37,2435129.5097,459834.4386,2510796.9307,34081.1209
2025-07-14T15:15:58,2467301.7274,499275.9795,2451474.0979,29019.264
2025-07-14T16:21:07,2411290.9266,500462.4323,2393703.9225,22611.4616
2025-07-14T17:18:08,2392611.4782,502614.4196,2311656.3008,20164.1608
2025-07-14T18:18:05,2187662.5149,489915.1387,2248182.3387,19028.65
2025-07-14T19:18:13,2103378.9471,441949.9436,2224804.7798,47342.650200000004
2025-07-14T21:28:03,1993513.67,363475.8241,2045688.3901,42145.330200000004
2025-07-14T23:28:29,1893153.2215,354316.0591,2020278.9456,34551.0176
2025-07-15T00:37:48,1941423.4185,366436.3484,1949980.8068,30387.1791
2025-07-15T01:23:22,1889978.1519,361989.2125,1954619.3258,27042.2967
2025-07-15T02:28:26,1863338.7952,353812.0214,1967916.9697,22295.506400000002
2025-07-15T03:20:52,1847419.1482,353847.7747,1990740.9983,43423.9983
2025-07-15T04:25:03,1888423.5903999999,353028.0617,2042334.8114,43221.143000000004
2025-07-15T05:27:39,1818155.4207,350596.0131,2105309.0199,41138.143000000004
2025-07-15T06:19:36,1916035.8531,352597.5491,2151109.0726,40338.133
2025-07-15T07:16:56,1990487.0998,408501.6962,2226402.7515,28496.133
2025-07-15T08:37:53,2195742.7879,434013.182,2677326.9809,29688.263
2025-07-15T09:35:40,2441160.2092,493082.189,2697280.4261,25948.253
2025-07-15T10:18:04,2449844.6241,535843.579,2791762.8617,14127.253
2025-07-15T11:18:29,2428301.4803,618692.125,2810349.2808,33163.785
2025-07-15T12:23:32,2250720.2206,619488.057,2771471.2946,28036.939
2025-07-15T13:17:21,2126886.9195,563891.4347,2646142.2774,24311.696
2025-07-15T14:27:09,2086948.969,547894.1252,2549652.5516,19911.245000000003
2025-07-15T15:16:52,2037740.4349,549265.6772,2539678.9669,16647.055
2025-07-15T16:21:10,1962095.8721,615973.5817,2491929.4355,14119.008000000002
2025-07-15T17:17:46,2010482.9508,585101.6984,2503811.5768,14119.008000000002
2025-07-15T18:18:45,1902173.247,588092.312,2381621.5121,14119.008000000002
2025-07-15T19:17:42,1906357.2981,565755.4657,2318767.663,14119.008000000002
2025-07-15T21:25:04,1741640.4869000001,510136.1628,2170096.5966,14119.008000000002
2025-07-15T23:26:59,1721889.3823,479398.0628,2054689.418,14119.018
2025-07-16T00:36:49,1704109.9128999999,467756.6121,1955779.6944,14119.018
2025-07-16T01:24:05,1693116.4751,468175.9519,1927088.4069,14119.018
2025-07-16T02:27:18,1639189.8108,459243.8634,1906180.3932,14119.028
2025-07-16T03:20:45,1631307.9892,454805.5709,1920168.0775,14119.028
2025-07-16T04:25:34,1641399.467,452030.5947,1996449.1514,14119.028
2025-07-16T05:23:57,1636970.7555,449408.2498,2050706.7116,14119.028
2025-07-16T06:20:23,1711938.1448,413857.4569,2098980.945,38137.028
2025-07-16T07:16:26,1786569.5971,400316.4991,2121157.5957,36040.028
2025-07-16T08:38:07,4572228.6454,399882.0272,112074351.63690001,28176.761000000002
2025-07-16T09:36:11,4735537.0914,379750.3641,112060616.213,32824.28
2025-07-16T10:17:39,4767931.4567,422684.7606,112034376.54959999,50732.42
2025-07-16T11:20:21,4714607.0039,497225.5568,112010043.3074,34132.946
2025-07-16T12:23:55,4616979.755700001,563062.0034,111949792.6211,30796.536
2025-07-16T13:19:06,4506140.642,536630.4196,111901009.60049999,28511.676
2025-07-16T14:26:22,4441093.6787,503881.6787,111834313.46810001,46956.551999999996
2025-07-16T15:16:34,4424585.7379,511200.9337,111708543.03240001,41827.763
2025-07-16T16:20:31,4266402.4216,463378.1684,111701296.8053,56118.823000000004
2025-07-16T17:18:12,4258546.3364,476565.959,111652252.1021,47301.85
2025-07-16T18:17:51,4118341.7573,467211.5695,111640048.4315,55174.299
2025-07-16T19:18:05,4106995.2509,429872.9114,111589517.19150001,43344.581
2025-07-16T21:26:03,3953495.5028000004,402254.0933,111489500.9629,48212.1696
2025-07-16T23:26:31,3917389.2527,385059.3286,111482487.47580001,42210.6581
2025-07-17T00:36:52,3893695.0666,378901.1276,111455059.66369998,37971.4994
2025-07-17T01:23:16,3899176.1715,386190.9582,111368370.0321,35071.623
2025-07-17T02:27:56,3887882.9897999996,383177.0745,111327001.0999,31236.8596
2025-07-17T03:20:42,3874885.7358999997,381419.4347,111320626.3811,27758.373
2025-07-17T04:25:08,3863046.3433999997,380554.1483,111429402.5664,47250.269700000004
2025-07-17T05:22:21,3949520.0104,379261.134,111451059.1375,44099.4525
2025-07-17T06:20:32,3967040.1209,332762.1159,111467605.7486,74847.4425
2025-07-17T07:16:47,4075344.8762999997,324736.4619,111504986.5818,73604.44080000001
2025-07-17T08:37:29,2172261.2304,455034.00059999997,2383916.3643,47549.0
2025-07-17T09:36:08,2233076.3762,474949.0328,2565350.0352,66968.77
2025-07-17T10:17:23,2263912.0629,484243.2192,2697904.4754,61394.06
2025-07-17T11:20:16,2177486.8826,516276.28,2722882.9803,56375.365999999995
2025-07-17T12:23:38,2089378.6935999999,485316.6039,2739950.7372,63740.143000000004
2025-07-17T13:18:15,1864932.5878,482373.953,2626792.0145,58549.216
2025-07-17T14:26:20,1769840.6961,459780.5531,2469097.1999,53119.501000000004
2025-07-17T15:16:54,1885975.7071,457649.3134,2367484.7600000002,47701.084
2025-07-17T16:20:50,1913545.076,469933.9118,2367715.3518,40182.76
2025-07-17T17:18:03,1912866.8871,485864.702,2266348.1727,35103.631
2025-07-17T18:18:34,1883908.276,477990.7032,2273412.4346,53307.549999999996
2025-07-17T19:19:03,1869717.3296,481340.7025,2210067.6663,34949.55
2025-07-17T21:25:07,1723097.2839,426544.787,2088813.9342,34949.55
2025-07-17T23:27:58,1584760.9375,383274.7164,1961656.7789,34949.55
2025-07-18T00:37:40,1583912.9381,371457.773,1881070.71,35059.4
2025-07-18T01:24:17,1612346.2969,382212.6165,1864694.489,34949.57
2025-07-18T02:27:38,1583334.3695,378212.9036,1850160.8616,34949.57
2025-07-18T03:21:53,1638535.9015,376212.4937,1909569.8734,64249.57
2025-07-18T04:25:07,1651715.4292,367609.1705,1997548.8255,98077.56
2025-07-18T05:23:10,1625644.4534,355655.8571,2101307.4345,93662.55
2025-07-18T06:20:24,1672620.3095,353354.7548,2192850.6631,86415.51
2025-07-18T07:16:23,1757648.7121,450552.6788,2222007.486,103382.51
2025-07-18T08:37:21,2078272.3342,485187.286,2522220.6034,126279.8524
2025-07-18T09:35:57,2248129.9729,521965.47980000003,2762601.182,93712.8524
2025-07-18T10:18:36,2228803.8194,550243.9099,2841193.8772,90995.5024
2025-07-18T11:19:13,2213083.1235,563062.0701,2845588.2338,106418.6524
2025-07-18T12:24:06,2084076.784,548840.1559,2898448.6224,103539.9224
2025-07-18T13:19:30,2146080.6668,510849.4172,2796290.1594000002,100801.4224
2025-07-18T14:25:33,2049141.7077,512946.4168,2678230.155,76868.776
2025-07-18T15:15:53,2085001.3503,539058.5901,2634936.4712,74005.936
2025-07-18T16:20:09,1930822.3008,536921.9012,2557317.5583,90188.34999999999
2025-07-18T17:17:56,1908894.7498,616221.077,2527936.4317,83550.80500000001
2025-07-18T18:18:33,1830560.6917,620091.9956,2488841.8007,97522.6624
2025-07-18T19:18:05,1839412.6368,636560.1417,2401256.8323,90051.5904
2025-07-18T21:23:02,1777546.5111,572007.709,2202112.2574,78243.6044
2025-07-18T23:21:42,1771234.5041,583743.9848,2035941.4897,76093.4844
2025-07-19T00:29:54,1794323.3056,598539.2378,2047734.1961,76093.4844
2025-07-19T01:20:44,1714307.3417,572513.8144,2006248.7201,76093.4844
2025-07-19T02:26:03,1711029.9867,557818.8979,2018610.619,76093.4844
2025-07-19T03:17:16,1712122.3403,555748.1863000001,2048064.0509,103842.4844
2025-07-19T04:22:31,1721370.0635,563488.7707,2123730.9086,136702.48440000002
2025-07-19T05:17:53,1708369.9064,561441.9663,2196082.6165,132265.48440000002
2025-07-19T06:18:55,1747969.7369,555896.0955,2152741.1977,112233.60440000001
2025-07-19T07:15:17,1858491.4078,512262.4539,2153596.156,103774.6244
2025-07-19T08:34:02,2196254.4562,627559.6352,2431103.1959,52483.888
2025-07-19T09:28:30,2338427.5999,648382.6613,2603090.2547,63995.1461
2025-07-19T10:16:32,2373819.2836,615853.9754,2690627.0716999997,55816.1461
2025-07-19T11:17:44,2477977.1737,664495.4525,2757448.983,38220.888
2025-07-19T12:21:07,2322926.0732,693251.0123000001,2877360.2879,33841.746
2025-07-19T13:16:58,2203421.3815,657509.5316,2847424.1437,96004.2057
2025-07-19T14:24:07,2141250.7516,703794.3122,2745054.2382,97030.0197
2025-07-19T15:14:01,2032290.0186,710672.1131,2714681.9185,90902.5481
2025-07-19T16:19:17,1868898.6084,684666.1391,2777893.6424,92960.4785
2025-07-19T17:16:43,1801077.4902,666447.2973,2615763.1358,81158.6962
2025-07-19T18:17:39,1728409.9263,610881.3723,2507492.0772,59840.6014
2025-07-19T19:19:46,1653426.4818,550796.8738000001,2344152.5867,53743.6893
2025-07-19T21:41:36,1726431.9248,482664.6756,2186680.6476,26366.386400000003
2025-07-19T23:44:42,1688154.3844,488396.556,2126660.3008,35727.286400000005
2025-07-20T00:40:27,1568722.0233,518624.1624,1988900.9378,35568.7914
2025-07-20T01:23:56,1515669.0129,511228.7468,1943407.5418,34015.6214
2025-07-20T02:25:24,1462832.9027,505560.506,1891747.2437,34015.6214
2025-07-20T03:17:01,1509708.2651,504244.6976,1871186.5524,34246.2274
2025-07-20T04:22:40,1496995.0896,503044.8952,1845679.5137,34246.2274
2025-07-20T05:18:08,1491943.4635,501531.4053,1811667.0603,34246.2274
2025-07-20T06:18:48,1488217.6106,481120.9817,1773515.5137,34246.2274
2025-07-20T07:15:17,1522969.5912,464585.8618,1816980.4964,34246.2274
2025-07-20T08:34:30,1643156.3539,514311.6771,1858038.8331,50019.168
2025-07-20T09:29:29,1659183.2326,518630.015,1941506.3425,57777.634
2025-07-20T10:16:26,1577052.6343,488805.6969,1858473.2197,57777.634
2025-07-20T11:17:43,1535129.0488,452590.3886,1770185.7424,50650.634
2025-07-20T12:21:01,1487440.6595,420137.8169,1720324.4606,50650.634
2025-07-20T13:15:39,1417002.9427,394452.1223,1747295.1443999999,67949.634
2025-07-20T14:24:03,1391604.0706,362932.3111,1745806.952,65398.634
2025-07-20T15:14:07,1386283.2005,342709.8673,1752386.1983999999,62104.634
2025-07-20T16:20:12,1342178.8599999999,321740.16349999997,1737322.8905,50650.634
2025-07-20T17:16:58,1281491.4134,310567.7691,1706323.621,50650.634
2025-07-20T18:17:27,1243679.8314,296299.6783,1648291.5162,51432.634
2025-07-20T19:18:33,1213548.1702,282293.2265,1604921.4464,51432.634
2025-07-20T21:29:51,1180500.8064000001,271761.4967,1476396.9212,51432.634
2025-07-20T23:43:15,1198108.5863,270288.4604,1471416.2148,51432.634
2025-07-21T00:41:25,1184260.0144,266754.2712,1459876.1746,51432.634
2025-07-21T01:25:55,1181021.81,261870.6313,1447665.4219,51432.634
2025-07-21T02:28:20,1201534.408,261870.6338,1546011.836,50650.634
2025-07-21T03:26:47,1298297.7661,261870.6338,1657778.2703,50420.028
2025-07-21T04:53:46,1268413.6064,261862.0538,1690778.871,50420.028
2025-07-21T05:27:20,1256726.1576,261597.6208,1701574.682,78507.028
2025-07-21T06:21:07,1330296.1302,257249.0389,1781619.6081,77007.028
2025-07-21T07:17:15,1535310.6046,273116.1354,1862233.4658,49478.028
2025-07-21T08:38:44,1840236.0768,289920.2711,2080843.8699,41643.418000000005
2025-07-21T09:38:05,2143531.1612,325486.5916,2289172.3918,39336.937
2025-07-21T10:20:53,2179192.3144,348765.4607,2417566.1593,23274.937
2025-07-21T11:20:22,2112044.6432,375303.3585,2554828.555,23274.937
2025-07-21T12:22:54,2055625.4288,415342.5414,2540690.3186,23274.937
2025-07-21T13:19:04,1953129.1392,430392.817,2525229.6897,23070.418
2025-07-21T14:27:26,1804511.0799,387213.6545,2570415.8355,47297.294
2025-07-21T15:17:16,1750066.1203,390405.7894,2521146.4171,80259.371
2025-07-21T16:21:08,1752665.5824,503455.6966,2386430.8111,94049.565
2025-07-21T17:18:01,1783965.8677,496349.2755,2276935.15,99275.592
2025-07-21T18:18:52,1690942.8011,501055.865,2300287.0998,72821.84
2025-07-21T19:18:24,1602836.1495,497419.5672,2142284.1294,60013.132
2025-07-21T21:25:53,1414738.3694,413973.6036,1859434.6019,33126.802
2025-07-21T23:28:04,1356324.2701,398110.2358,1738809.9457,23469.165
2025-07-22T00:37:52,1329869.7061,393074.8628,1721245.1391,22952.875
2025-07-22T01:23:57,1360550.212,406198.5875,1693961.886,22952.875
2025-07-22T02:27:59,1352840.925,402877.408,1679993.1289000001,22952.875
2025-07-22T03:22:01,1375080.2162,400980.6779,1724030.8494,22952.875
2025-07-22T04:26:23,1369155.3856,397541.4581,1815369.5182,58413.875
2025-07-22T05:23:43,1361793.4963,394977.4239,1892220.3563,53447.875
2025-07-22T06:20:35,1398036.6463,385325.6799,1728881.4149,22952.875
2025-07-22T07:16:36,1620187.1148,372465.895,1983962.6971,71587.875
2025-07-22T08:38:11,2144937.3158,491542.2515,2283138.5095,67126.215
2025-07-22T09:37:18,2300941.2509,598169.8398,2377866.925,69747.495
2025-07-22T10:20:12,2358241.6361000002,671798.2212,2371102.9299,64682.655
2025-07-22T11:20:51,2452549.0142,673288.3938,2481884.8689,59076.295
2025-07-22T12:23:30,2469309.7856,637247.775,2535735.6246,43612.286
2025-07-22T13:19:33,2199920.0085,606766.5267,2430356.8898,68255.106
2025-07-22T14:27:06,2163354.1263,571377.5028,2388691.2455,61584.5132
2025-07-22T15:16:54,1984226.3311,571966.6538,2362605.0448,56721.6478
2025-07-22T16:21:13,1868398.8878,629908.882,2300724.2858,54265.1288
2025-07-22T17:18:05,1830049.2334,617480.4643999999,2237220.8829,47748.489
2025-07-22T18:17:59,1752424.6434,576897.2172,2173571.8762,38241.8922
2025-07-22T19:18:32,1741849.3356,574438.5352,2038091.5919,48905.6296
2025-07-22T21:26:49,1546474.574,489236.7026,1812762.5799,33082.005000000005
2025-07-22T23:29:55,1457085.2837,463246.5068,1792749.8401,27295.575
2025-07-23T00:40:03,1447832.574,465045.0194,1666528.0666,46201.215000000004
2025-07-23T01:26:23,1430170.0514,472955.4326,1665528.6765,21323.615
2025-07-23T02:28:34,1389547.2056,471406.1213,1642843.2179,21323.615
2025-07-23T03:22:26,1394183.5191,471149.869,1653847.9938,21323.615
2025-07-23T04:26:09,1449998.4631,469717.5283,1794903.7253,52723.615
2025-07-23T05:25:03,1492498.2095,466874.3942,1818786.7377,84349.615
2025-07-23T06:20:17,1492894.1833,467085.06429999997,1897572.8493000001,94828.615
2025-07-23T07:17:10,1721942.4152,466042.109,2014396.3111,59185.009
2025-07-23T08:38:48,2186435.6761,514765.178,2314511.5824,62169.875
2025-07-23T09:37:32,2472815.1886,489342.7257,2862249.4978,43952.875
2025-07-23T10:20:31,2522641.9847,491211.4435,2803041.635,43952.875
2025-07-23T11:21:39,2501905.5778,488075.0825,2837802.0228,43952.875
2025-07-23T12:23:44,2347278.555,533116.4227,2755660.8356,79124.345
2025-07-23T13:20:14,2180882.833,551779.5591,2700019.5125,81978.618
2025-07-23T14:27:22,2061382.2257,551753.6265,2577871.8209,69470.814
2025-07-23T15:17:32,1981194.9975,596518.5071,2613185.8802,64401.292
2025-07-23T16:21:00,1895433.4322,567690.5387,2508420.8229,56634.198000000004
2025-07-23T17:18:40,1878572.027,518162.0017,2526970.328,51153.141
2025-07-23T18:18:40,1855568.7768,488661.6996,2444782.3844,48062.341
2025-07-23T19:19:16,1762392.8812,455762.2646,2464178.432,64787.781
2025-07-23T21:26:05,1606859.6233,413058.645,2265436.5054,52218.231
2025-07-23T23:28:16,1549785.8568,377786.6073,2254400.9793,43554.231
2025-07-24T00:38:32,1528793.6565999999,375754.219,2212548.2865,43554.231
2025-07-24T01:24:53,1515761.6811,374312.6757,2152271.4154,63154.231
2025-07-24T02:28:09,1502812.7918,385102.4196,2130683.125,59447.2094
2025-07-24T03:22:08,1494952.4123,383550.171,2110059.3586999997,55225.0723
2025-07-24T04:25:35,1520268.1904,382141.921,2206207.8726,84204.1583
2025-07-24T05:23:17,1586735.8367,387180.9302,2293845.9422,76794.66649999999
2025-07-24T06:21:02,1603047.0028,373025.7405,2360289.5154,102950.447
2025-07-24T07:17:14,1722304.7427,395037.7316,2343737.9647,59235.447
2025-07-24T08:38:40,2264535.0935,472840.2427,2469595.115,49417.447
2025-07-24T09:37:22,2428227.0757,482842.793,2655614.4205,8069.966
2025-07-24T10:20:30,2368457.9657,499215.4765,2639374.2561,8069.966
2025-07-24T11:19:05,2315852.6329,528385.025,2626381.6693,8069.966
2025-07-24T12:21:22,2163544.9337,518764.5041,2729035.1693,28069.966
2025-07-24T13:18:06,2220789.7934,487738.7238,2659219.9716,25676.086
2025-07-24T14:26:39,2244984.8947,477597.4053,2701230.7261,22480.116
2025-07-24T15:17:32,2092917.7343,512786.2444,2776817.8545,20610.126
2025-07-24T16:19:49,1881781.2398,512921.5401,2654743.5885,18524.936
2025-07-24T17:18:56,1788674.5256999999,476968.7602,2531840.6787,15394.02
2025-07-24T18:19:07,1769951.6724,488281.5233,2450787.6289,12221.960000000001
2025-07-24T19:19:11,1698991.5293,478909.4301,2341196.1289,9270.78
2025-07-24T21:25:56,1732249.6598,433721.0498,2096310.6673,7779.360000000001
2025-07-24T23:28:07,1736433.3360000001,424623.8522,2020572.3018,7779.360000000001
2025-07-25T00:37:56,1641982.9682,428644.6098,1977628.1429,7779.360000000001
2025-07-25T01:25:48,1608930.6287,423052.898,1952731.2387,7779.360000000001
2025-07-25T02:28:22,1583625.3953,418114.3875,1954185.6907,7779.360000000001
2025-07-25T03:22:09,1547724.2082,394578.3671,1967970.03,7779.360000000001
2025-07-25T04:24:31,1616734.5744999999,394168.3055,2042888.5839,76879.36
2025-07-25T05:22:33,1626997.711,394638.5269,2055085.069,91835.36
2025-07-25T06:20:37,1576659.932,380563.4563,2080769.4758,77463.36
2025-07-25T07:16:56,1753985.0011,455874.1784,2225398.7601,63183.36
2025-07-25T08:37:44,2114052.8796,513291.0137,2727351.7094,65066.693
2025-07-25T09:36:04,2532213.0412,488943.6313,2895739.229,32148.693
2025-07-25T10:17:47,2611664.0433,457271.721,3069998.1524,32148.693
2025-07-25T11:20:20,2598672.5939,464989.89,3049546.4385,32148.693
2025-07-25T12:23:06,2433600.8507,446387.1745,3122538.3287,32683.653
2025-07-25T13:18:42,2291529.1308,437546.2448,3128283.1962,33283.653
2025-07-25T14:26:38,2114838.4223,456389.68570000003,3044602.6218,33283.653
2025-07-25T15:16:29,2094250.136,527070.4678,2989768.5771,33283.653
2025-07-25T16:20:28,2012386.631,545623.4739,2967070.5373,63283.653
2025-07-25T17:18:18,1948778.2736,568331.4931,2878370.9447,63283.653
2025-07-25T18:17:59,1864631.0927,550630.2962,2780005.9861,63283.653
2025-07-25T19:18:32,1795286.9749,520595.2235,2649184.8558,63283.653
2025-07-25T21:23:44,1686722.8299,474223.8173,2364771.3505,39283.653000000006
2025-07-25T23:24:53,1630632.2251,459124.272,2288669.8384000002,39283.653000000006
2025-07-26T00:35:00,1663962.0776,455360.74220000004,2192140.1868,39283.653000000006
2025-07-26T01:21:50,1653674.9651,452497.9992,2171809.1317000003,39283.653000000006
2025-07-26T02:26:10,1662359.4682,450907.1916,2127092.6885,39283.653000000006
2025-07-26T03:18:21,1616682.7599,450165.7879,2148659.6068,39283.653000000006
2025-07-26T04:22:37,1604425.3329,448033.0586,2230352.1641,68583.653
2025-07-26T05:18:34,1586035.6276,444013.1843,2333929.524,85712.653
2025-07-26T06:18:25,1647059.1181,424741.2417,2399265.2672,76132.653
2025-07-26T07:15:59,1793304.1471,524889.3654,2490687.3805,66802.653
2025-07-26T08:34:24,2220176.3444,530558.0249,2672433.518,67113.813
2025-07-26T09:29:16,2327403.6345,571097.6129,2768710.9724,50899.813
2025-07-26T10:17:00,2400636.8628,548369.0096,2785631.4804000002,50695.294
2025-07-26T11:17:57,2346016.8106,593073.9891,2935285.3849,50695.294
2025-07-26T12:21:20,2434352.6069,658409.6379,3095191.4811,50695.294
2025-07-26T13:17:05,2410079.3877,653355.1073,3138887.5067,50695.294
2025-07-26T14:24:45,2276417.5575,613112.1318,3097357.2837,50695.294
2025-07-26T15:14:09,2203312.7033,627506.9981,3000456.7987,50695.294
2025-07-26T16:19:24,2153102.6355,588070.4215,2838394.2516,50695.294
2025-07-26T17:16:57,2106538.5867,587945.422,2723558.5611,49690.688
2025-07-26T18:17:47,1972740.8237,576373.9657000001,2653057.4923,49690.688
2025-07-26T19:17:42,1889870.2046,545208.6425,2536246.7335,49690.688
2025-07-26T21:42:20,1760721.8869,544956.728,2314696.5006,49690.211
2025-07-26T23:45:57,1764426.7817,537261.1924,2216792.0158,141323.204
2025-07-27T00:42:14,1733814.7107,573974.8282,2209213.4733,162961.4218
2025-07-27T01:24:03,1740514.9134,567090.8591,2189815.9364,152189.0715
2025-07-27T02:26:52,1699194.6591999999,573645.298,2179568.0231,132803.5949
2025-07-27T03:17:41,1694168.664,569190.7712,2158307.3323999997,150352.738
2025-07-27T04:22:29,1698107.7508999999,563670.9344,2129771.4384,167330.1543
2025-07-27T05:18:41,1698200.9396,538132.6299,2091767.4649,136979.6586
2025-07-27T06:19:00,1708053.3026,534795.497,2094394.902,113398.55739999999
2025-07-27T07:15:24,1689696.5179,511540.3701,1983907.1368,95824.26699999999
2025-07-27T08:35:34,1678212.9326,514580.9719,1974482.5422,48193.7817
2025-07-27T09:29:38,1683477.9753999999,565486.107,1937048.7403,37964.8231
2025-07-27T10:16:40,1619239.3727,556352.0884,1879808.6479,31318.933100000002
2025-07-27T11:18:05,1531760.8692,518832.2356,1898449.6543999999,78151.7166
2025-07-27T12:21:45,1433868.2472,483862.2904,1879220.8281999999,114230.49560000001
2025-07-27T13:15:55,1391397.2437,459453.4927,1909078.1817,113836.73659999999
2025-07-27T14:24:16,1329406.5559,433790.1155,1932175.5758,96088.2187
2025-07-27T15:15:17,1316359.0849,418873.8986,1939285.1421,113074.1581
2025-07-27T16:20:05,1263655.8069,401754.7905,1869273.7913,114580.4347
2025-07-27T17:17:06,1241408.1872,393074.6035,1799918.9091,95834.3601
2025-07-27T18:17:49,1211018.0642,386513.6866,1731796.6234,70652.7441
2025-07-27T19:18:57,1215081.9501,379478.6458,1666223.3988,63090.4841
2025-07-27T21:40:55,1158160.4279,369316.6245,1507929.1267,51081.8741
2025-07-27T23:44:37,1142438.2938,366897.4766,1474808.2114,51153.4631
2025-07-28T00:43:53,1162612.6318,366228.9673,1429972.9353,11153.4631
2025-07-28T01:27:00,1161936.6777,364339.0283,1427146.2999,11153.4631
2025-07-28T02:30:09,1204060.3534,342290.8916,1415601.2344,11153.4631
2025-07-28T03:24:15,1200682.1723,325951.8916,1431519.3539,11153.4631
2025-07-28T04:27:57,1196812.4889,325951.8916,1447419.9637,37089.4631
2025-07-28T05:26:43,1227757.3986,321052.6726,1583014.512,58751.4631
2025-07-28T06:21:06,1305261.7713,323266.9607,1696730.7188,53514.1032
2025-07-28T07:16:53,1335370.5473,335227.129,1601268.1494,149731.949
2025-07-28T08:39:36,1699543.7747,348981.1806,1856954.6863,241428.20919999998
2025-07-28T09:38:31,1886906.9143,373931.5743,2379335.6225,276174.1424
2025-07-28T10:21:19,1939068.18,373162.27499999997,2396822.5619,233225.0509
2025-07-28T11:21:06,1867167.8043,378822.6612,2447754.688,218707.3831
2025-07-28T12:24:38,1860837.9724,411276.4242,2621421.755,190033.6091
2025-07-28T13:20:58,1721111.1049,400916.1005,2585389.0064,176633.7251
2025-07-28T14:28:32,1775128.3515,400413.2577,2512838.8607,185340.4061
2025-07-28T15:18:12,1824998.0138,433874.3779,2433986.7509,207509.0201
2025-07-28T16:21:24,1871356.8997,510094.6138,2350930.4355,195214.0361
2025-07-28T17:17:58,1970969.3633,567331.9447999999,2288416.9805,182729.6871
2025-07-28T18:19:10,1942727.6833,560597.5939,2224967.7815,168198.94809999998
2025-07-28T19:19:06,1776797.1456,531435.169,2173897.0318,159122.8971
2025-07-28T21:46:26,1548975.2277,463678.04110000003,1953632.1055,147558.1271
2025-07-28T23:48:26,1478426.2856,486865.9324,1823577.5918999999,129155.2871
2025-07-29T00:45:48,1495483.5457,491455.9649,1803664.5958,111165.1461
2025-07-29T01:27:04,1479852.5209,498993.5321,1782723.9697999998,109875.5761
2025-07-29T02:28:59,1427272.5498,494712.9355,1696036.1653,107425.3961
2025-07-29T03:22:52,1409981.7587,503240.7762,1677845.6695,134717.3861
2025-07-29T04:26:18,1392578.1076,502208.9002,1763272.5352,146476.3161
2025-07-29T05:24:25,1436935.2267,498805.712,1837590.9679,138079.5607
2025-07-29T06:20:41,1526063.4633,502151.4152,1923802.7435,196821.298
2025-07-29T07:16:54,1533585.4042,492397.5552,1980516.4671,152708.018
2025-07-29T08:39:33,1809951.7884,572030.9202,2335498.1746,231973.5314
2025-07-29T09:44:38,1839859.014,610170.4632,2377111.0302,185016.0789
2025-07-29T10:23:17,1905926.7542,644966.8798999999,2351153.2069,162761.6083
2025-07-29T12:23:12,1772009.3856,601629.9317,2306636.2855,121916.43000000001
2025-07-29T13:21:02,1955151.2201,582942.792,2282635.8972,115817.501
2025-07-29T14:28:17,1902456.2275,580898.1844,2250414.0396,160801.189
2025-07-29T15:19:54,1855619.0452,586701.7479,2383130.0029,181815.247
2025-07-29T16:21:19,1767794.3317,566613.0124,2339783.5464,190447.075
2025-07-29T17:18:08,1817848.8946,576570.7574,2334206.1181,174321.438
2025-07-29T18:19:01,1733574.9456,548233.2138,2284241.3519,128493.48210000001
2025-07-29T19:18:41,1648148.7547,507146.7933,2126902.4952000002,102421.347
2025-07-29T21:28:08,1538803.6375,485720.81,2002344.1555,76946.071
2025-07-29T23:42:31,1510631.0939,455997.1438,1847691.0924,60281.366
2025-07-30T00:41:44,1489185.6139,463113.5033,1792719.935,59360.226
2025-07-30T01:27:59,1479673.0203,458506.608,1769185.8971,59360.226
2025-07-30T02:30:12,1447631.9524,455895.9812,1741835.5688,59360.226
2025-07-30T03:23:37,1436794.6757,454860.7768,1727010.8861,59360.226
2025-07-30T04:26:02,1423485.6855,453440.2565,1844145.4772,122586.226
2025-07-30T05:26:48,1413432.8557,450672.2202,1956493.3586,166806.078
2025-07-30T06:21:00,1448782.9281,466906.3263,2006749.6706,204601.323
2025-07-30T07:17:52,1621533.0914,508338.0081,2056375.6261,190497.865
2025-07-30T08:39:22,1943315.3817,472180.9098,2379675.7859,168001.6272
2025-07-30T09:39:27,1929841.7283,515472.07170000003,2578713.7136999997,165953.4055
2025-07-30T10:19:28,1923581.5409,489172.6646,2566813.4725,216553.9984
2025-07-30T11:20:25,2020404.6488,487671.8015,2524235.1858,239111.0036
2025-07-30T12:23:54,1995577.7474,441469.7331,2542009.7438,199524.1353
2025-07-30T13:19:28,2063621.0602,443110.2821,2475811.7924,163224.3115
2025-07-30T14:27:32,1877521.8711,430070.2573,2428239.2954,152662.6034
2025-07-30T15:18:18,1927996.9154,459178.3551,2538568.1313,152817.8323
2025-07-30T16:20:13,1869308.0243,440323.6344,2463330.6696,146628.6656
2025-07-30T17:18:15,1878578.6062999999,512885.142,2423604.4965,150043.9601
2025-07-30T18:19:08,1774983.0022,508057.6462,2395798.3118,130978.1873
2025-07-30T19:19:03,1760993.1757,577503.0157,2297966.5013,148838.8992
2025-07-30T21:27:26,1633100.1931,564410.7703,2080611.3540999999,121756.4924
2025-07-30T23:40:45,1616666.0007,579025.6342,1958859.1942,106192.697
2025-07-31T00:40:39,1601918.6559,576192.8145,1956271.105,103811.526
2025-07-31T01:25:31,1589876.8688,585259.2788,1919629.0840999999,83962.97
2025-07-31T02:29:34,1566201.0637,584536.7211,1886805.6601,83962.97
2025-07-31T03:22:55,1558016.2177,583490.5329,1868236.4507,83962.97
2025-07-31T04:26:42,1589896.0554,582642.4166,1971302.7632,167367.81
2025-07-31T05:25:26,1573894.8093,560912.9155,2009183.6249,213265.06
2025-07-31T06:20:46,1624114.4578,579774.6295,2107680.1563,255077.449
2025-07-31T07:17:33,1697248.4216,600100.3856,2231905.1861,257484.1256
2025-07-31T08:37:05,2033778.7325,641113.5226,2632713.8083,168789.1816
2025-07-31T09:37:30,2075078.4331999999,636998.959,2830786.3461,238504.2154
2025-07-31T10:20:47,2124807.4792,634821.7381,2925164.4202,210877.6304
2025-07-31T11:20:50,2066561.9027,597206.9807,2973250.193,201551.0913
2025-07-31T12:23:19,2007437.0084,583454.3777,2894245.3881,174065.4604
2025-07-31T13:19:48,1934369.807,568182.4543,2773014.0767,194964.9981
2025-07-31T14:28:04,1845029.1214,555980.5056,2730296.7294,208679.8081
2025-07-31T15:18:50,1916647.7618,609744.1243,2782762.6057,192536.3059
2025-07-31T16:21:11,1919671.2863,710835.1869,2892053.2544,179847.9667
2025-07-31T17:18:22,1860006.9246,684361.2373,2814716.254,173397.2766
2025-07-31T18:18:34,1888831.9949,709302.8273,2666660.5326,164644.66330000001
2025-07-31T19:18:59,1905379.2353,688310.8583,2565663.1258,178781.58490000002
2025-07-31T21:45:42,1674506.7176,594988.6732,2233296.3403,169069.2689
2025-07-31T23:54:36,1643569.4491,613746.4029,2106498.7970000003,187932.4089
2025-08-01T00:52:38,1624006.8748,626320.8129,2095082.6488,122361.3956
2025-08-01T01:30:46,1608920.9204,618246.3595,2104917.4466,169806.67560000002
2025-08-01T02:30:06,1598956.7833,612297.5977,1999171.2162,258180.6456
2025-08-01T03:24:50,1586585.01,613216.9481,1982550.6286,316450.4256
2025-08-01T04:26:19,1570481.4647000001,623058.0411,1963400.7221,95168.3156
2025-08-01T05:24:36,1550423.1758,616350.4315,1941035.7279,95168.3156
2025-08-01T06:20:40,1538868.0107,607593.5561,1894810.1583,95168.3156
2025-08-01T07:16:53,1549616.3847,609179.2364,1811764.7564,87697.9859
2025-08-01T08:38:06,2048124.4629,620212.7805999999,2002883.8489,7939.832
2025-08-01T09:36:54,2056131.0645,623517.8512,2045261.414,8341.681
2025-08-01T10:20:33,2132160.5777,596648.8504,2106692.4158,8145.402
2025-08-01T11:20:46,2145018.04,596402.2825,2135303.8183999998,8145.402
2025-08-01T12:23:56,2220413.2507,627905.5953,2277031.8527,27945.402000000002
2025-08-01T13:20:36,2108304.4521,717249.2658,2223195.2133,25645.146
2025-08-01T14:26:35,2021735.4945,683462.0275,2129121.3713,62430.22
2025-08-01T15:17:32,2017911.1688,783009.1664,2247375.0058,71172.904
2025-08-01T16:20:32,2006359.2982,815150.464,2359871.3823,65533.0802
2025-08-01T17:18:27,1938049.8605,872713.9203,2165927.6615,41229.0403
2025-08-01T18:18:14,1951251.7883,839238.6081000001,2149853.1756,31233.496800000004
2025-08-01T19:19:02,1897485.1996,817604.4236,2208455.7369,27071.507600000004
2025-08-01T21:23:47,1708857.0231,718752.287,1988717.4034,18638.616
2025-08-01T23:24:39,1699098.141,674388.9645,1977360.6775,33072.9875
2025-08-02T00:34:06,1790127.6695,689898.0371,1919160.3202,32784.264
2025-08-02T01:22:05,1740046.0028,679839.1571,1892198.2408,32776.024
2025-08-02T02:25:26,1747858.5127,679923.9674,1903174.995,32776.024
2025-08-02T03:17:32,1733476.9727,676813.1995,1843397.4289,32776.024
2025-08-02T04:22:34,1701296.9017,673154.8036,1834508.4723,32776.024
2025-08-02T05:20:50,1692486.0542000001,668884.5582,1844859.8712,52237.024000000005
2025-08-02T06:19:03,1712354.2458,662360.3323,1930171.4482,47675.764
2025-08-02T07:16:03,1805844.2651,685957.7331,2076867.5369,44066.764
2025-08-02T08:35:07,2324521.6787,723721.2608,2556342.9871,61948.148
2025-08-02T09:29:32,2450898.5653,700220.554,2704906.3082,54890.034
2025-08-02T10:17:09,2392547.4956,693022.1968,2650767.1676,46202.808
2025-08-02T11:18:22,2384637.8312999997,687212.5188,2633968.6947,41927.64
2025-08-02T12:21:43,2553071.771,687748.6738,2722164.213,38538.740999999995
2025-08-02T13:15:56,2443556.9972,758112.361,2751859.3141,36360.017
2025-08-02T14:25:02,2418975.3737,807637.9717,2672035.2285,31837.677
2025-08-02T15:14:55,2261727.771,820259.3862,2596121.4531,28874.569
2025-08-02T16:19:23,2126151.0189,769120.9474000001,2494130.8862,25592.152
2025-08-02T17:17:23,2057574.0825,723088.454,2453063.5491,25361.546
2025-08-02T18:17:37,2087669.9255,683504.1811,2381062.2311,48361.546
2025-08-02T19:18:50,1957135.0374,635069.5907000001,2237781.7614,48361.546
2025-08-02T21:43:36,1811029.8289,561717.404,2129694.2172,48592.152
2025-08-02T23:49:47,1745040.4973,537100.3209,2097509.1825,48387.633
2025-08-03T00:46:47,1800248.5085,600542.0851,2044136.9913,48387.633
2025-08-03T01:25:43,1804643.9756,595473.9192,1999965.8647,48387.633
2025-08-03T02:25:32,1770893.8478,589581.0706,2007826.997,48387.633
2025-08-03T03:17:22,1756388.7722,586835.9652,1962824.097,48387.633
2025-08-03T04:22:50,1740456.2873,584544.0019,1946340.6012,48387.633
2025-08-03T05:18:28,1737805.5672,581153.45,1936544.1893,48387.633
2025-08-03T06:19:08,1757032.0686,576403.3891,1960066.6118,48329.952999999994
2025-08-03T07:16:04,1824483.0832,618745.014,1837142.9028,25329.952999999998
2025-08-03T08:36:31,8676910.4603,614850.6407,1937182.191,9441.969
2025-08-03T09:31:34,8656975.4343,613969.019,1925071.0446,9641.969
2025-08-03T10:16:33,8580706.4135,570625.5477,1816661.2947,9641.969
2025-08-03T11:18:22,8633886.616899999,519242.5131,1681574.0181,9641.969
2025-08-03T12:21:46,8584951.5148,485245.31919999997,1628883.7259,9441.969
2025-08-03T13:17:03,8479315.3053,495830.2305,1572353.9661,9441.969
2025-08-03T14:25:38,8378854.9605,460071.9478,1576069.523,9440.953
2025-08-03T15:15:37,8294145.5392,436761.0132,1636398.7708,31654.953
2025-08-03T16:20:20,8212991.6936,431330.5034,1608007.367,27094.953
2025-08-03T17:17:49,8160370.6573,405680.3122,1567657.8743,23130.953
2025-08-03T18:18:03,8123561.5058,385411.2068,1557284.418,9440.953
2025-08-03T19:18:35,8079178.163799999,364498.108,1507944.4877,9440.953
2025-08-03T21:44:01,8042537.1163,314459.8897,1437438.6258,9440.953
2025-08-03T23:55:38,8076555.0898,314451.6462,1403181.9146,9440.953
2025-08-04T00:56:03,8075175.0155,312378.4496,1386921.2433,9440.953
2025-08-04T01:36:01,8073843.6755,312012.8159,1374812.9417,9440.953
2025-08-04T02:35:03,8111776.2407,310970.5885,1432373.3064,9440.953
2025-08-04T03:27:28,8103076.8768,309529.2942,1550152.4324,9440.953
2025-08-04T04:27:40,8096070.5253,309124.2701,1562545.2153,9396.442000000001
2025-08-04T05:30:00,8083013.202,321074.2701,1599625.4946,8937.207
2025-08-04T06:22:20,8117994.7344,318498.3371,1656503.2730999999,18706.601
2025-08-04T07:17:54,8292682.279100001,314399.90009999997,1711989.2815,18706.601
2025-08-04T08:40:28,8676407.7345,371471.5314,1951537.3172,37319.116
2025-08-04T09:40:50,8831497.8838,372910.401,2165908.2642,34543.256
2025-08-04T10:23:26,8911645.1429,383466.7633,2225297.032,30850.195
2025-08-04T11:21:29,9083091.5804,441102.4531,2236048.0779,25363.275
2025-08-04T12:25:38,9038335.0456,588284.1722,2276433.4761,49597.876000000004
2025-08-04T13:23:22,8902003.2965,623619.2396,2235399.3243,46641.3974
2025-08-04T14:28:34,8826816.511,575253.6661,2205854.9049,61512.6447
2025-08-04T15:19:30,8738392.1208,553525.5018,2151582.8977,54419.9538
2025-08-04T16:21:36,8661164.7945,567880.794,2196609.9581,43443.5614
2025-08-04T17:19:11,8567199.969999999,567042.3668,2176595.5708,35177.5507
2025-08-04T18:19:27,8512172.1389,592360.5872,2061759.1898,25526.4916
2025-08-04T19:18:57,8414153.3529,533299.0937,2033048.2059,20731.983500000002
2025-08-04T21:30:00,8282476.3528,468180.2844,1795799.0711,18868.2066
2025-08-04T23:45:42,8198592.290100001,422374.3548,1733932.3319,17680.9466
2025-08-05T00:45:51,8208823.444499999,444211.6727,1752033.0867,22873.7066
2025-08-05T01:27:43,8275081.7354,442612.7209,1776179.449,33197.1266
2025-08-05T02:30:22,8248928.8856,439023.8878,1839285.0197,40031.0366
2025-08-05T03:25:08,8241492.1447,438060.8018,1901648.8344,58388.8566
2025-08-05T04:26:48,8250404.7541,436581.4243,2128090.3497,98923.7746
2025-08-05T05:26:05,8276829.845899999,433436.1618,2099593.4019,114267.8246
2025-08-05T06:21:06,8377880.555399999,517556.6185,2143113.6599,130508.7246
2025-08-05T07:17:58,8544692.339,554677.2653,2086709.4072,19512.0346
2025-08-05T08:40:12,2228457.4643,693312.3986,2551822.3156,36674.538
2025-08-05T09:40:56,2479519.8113,685233.7955,2688135.5882,50443.125
2025-08-05T10:23:22,2390895.9388,702380.3955,2669043.7092,55980.918
2025-08-05T11:22:23,2429252.7634,684100.4589,2646852.87,71144.928
2025-08-05T12:20:31,2355091.7813,691192.6582000001,2498531.5186,71768.702
2025-08-05T13:18:06,2070090.5906,674368.1583,2441843.0772,69298.056
2025-08-05T14:29:43,2022552.746,696388.7784,2397400.5189,69298.056
2025-08-05T15:20:48,2060085.2715,777320.4428,2339615.7813,69528.662
2025-08-05T16:20:00,2175476.6596,807506.0323,2396024.1028,105872.339
2025-08-05T17:18:38,2147866.363,853771.6116000001,2451064.7306,69528.662
2025-08-05T18:19:29,2161429.7767,868825.3654,2376066.3956999998,69528.662
2025-08-05T19:19:06,2125901.3551,898208.0755,2321115.9373,69528.662
2025-08-05T21:27:46,1885510.9235,926859.2034,2092421.6701,69528.662
2025-08-05T23:43:11,1842141.141,887347.3501,1977103.8029,71089.662
2025-08-06T00:42:51,1879904.9973,913257.7748,1965807.5789,71089.662
2025-08-06T01:29:02,1844082.4577,901696.9261,1964521.9161,71089.662
2025-08-06T02:30:18,1774511.3026,891791.4394,1921133.7297999999,90889.662
2025-08-06T03:24:14,1756333.3881,897704.6178,1899447.2702,88800.662
2025-08-06T04:26:20,1755879.1288,839425.0654,1971475.8401,102721.662
2025-08-06T05:26:39,1750103.0087,825026.7578,1944242.5591,116013.662
2025-08-06T06:20:58,1779739.7912,798486.8947,1980637.0484,126305.83
2025-08-06T07:17:51,1878255.59,785589.1614,1988063.0076,62370.971
2025-08-06T08:39:55,2128859.2585,886663.1578,2443704.0031,59945.877
2025-08-06T09:41:15,2065440.2262,811177.0734,2572403.1437,55671.988
2025-08-06T10:22:41,2023810.3778,794318.6425,2570890.6757,77281.89600000001
2025-08-06T11:21:44,1977364.4939,763543.1177000001,2539573.0801,72833.20999999999
2025-08-06T12:24:36,1865415.5241,764761.1351,2481209.7906,68372.333
2025-08-06T13:21:20,1869197.9431,750431.2973,2509911.4478,64833.986
2025-08-06T14:27:44,1841589.1291,746103.1626,2429639.5964,94134.1848
2025-08-06T15:19:10,1763502.2725,716813.5092,2431863.648,90317.1606
2025-08-06T16:21:09,1680564.3313,672301.5797,2292078.3916,87910.693
2025-08-06T17:16:49,1708147.7698000001,647343.6231,2271086.8936,99692.1335
2025-08-06T18:19:40,1671412.4796,621079.8741,2148693.6064999998,93994.5501
2025-08-06T19:19:25,1665088.6969,599440.5733,2060995.034,89194.6121
2025-08-06T21:28:36,1594558.4034,557069.9254,2018829.6352,79432.70079999999
2025-08-06T23:43:03,1648459.545,706370.2112,2015259.0337,64281.4108
2025-08-07T00:42:59,1639521.5026,785077.13,1993720.9295,100778.50080000001
2025-08-07T01:27:18,1667748.063,775897.3324,2041712.5989,139560.23599999998
2025-08-07T02:29:51,1655887.5259,771895.0624,2031431.4564,95995.31599999999
2025-08-07T03:24:17,1665174.7765,799441.5712,2010685.1824999999,109270.006
2025-08-07T04:26:25,1640918.993,797001.5178,2052384.5007,128148.466
2025-08-07T05:25:19,1631313.0971,794202.9626,2078973.8835,142914.756
2025-08-07T06:20:46,1617276.7026,812013.4161,2076434.7587,152199.616
2025-08-07T07:18:14,1705018.4074,903586.0702,2095882.5019,154230.6576
2025-08-07T08:40:00,2101477.6595,907901.5245,2181865.6727,39558.2776
2025-08-07T09:39:48,2080822.8658999999,940765.3123,2185353.5681,73002.9036
2025-08-07T10:22:32,2005994.6021,953981.5454000001,2191123.1997,73002.9036
2025-08-07T11:21:40,2014276.1433,905282.6836999999,2274795.1715,73002.9036
2025-08-07T12:25:04,2111160.434,872500.4223,2217952.359,76254.7853
2025-08-07T13:21:08,2114498.7555,846098.7621,2235865.6086,76141.6673
2025-08-07T14:29:12,2049858.9427,802671.4314,2109725.8878,87163.01329999999
2025-08-07T15:19:26,1942554.6514,772008.8103,2105443.3509,83470.5447
2025-08-07T16:21:10,1786370.987,729844.7137,2086753.252,70770.5447
2025-08-07T17:17:05,1739906.6934,672204.0831,2121724.3064,71273.2347
2025-08-07T18:19:16,1596106.2632,616148.4148,2095991.0622,71273.2347
2025-08-07T19:19:16,1635364.7633,610259.7775,2174825.8268,71273.2187
2025-08-07T21:28:01,1582386.9641,654465.6114,2094423.6071,65772.731
2025-08-07T23:42:39,1604279.0315999999,687729.1182,2087757.2819,71430.6476
2025-08-08T00:42:42,1625720.4165,716429.038,2090135.6768,71430.6476
2025-08-08T01:27:23,1595307.79,712036.1775999999,2105010.9076,71430.6476
2025-08-08T02:30:09,1559401.0067,708071.1241,2087386.153,71430.6476
2025-08-08T03:24:37,1540667.8586,705386.0032,2076980.6322,71430.6476
2025-08-08T04:26:10,1528571.8288,701391.3569,2089069.9203,87396.6476
2025-08-08T05:25:20,1508615.8445,694732.613,2115032.4946,85671.6476
2025-08-08T06:20:28,1632244.7528,678490.3122,2133308.2889,102803.6476
2025-08-08T07:17:31,1778434.5821,699399.9768,2206609.3366,60104.9476
2025-08-08T08:38:59,2128051.6527,809727.3996,2738792.6095000003,81598.6421
2025-08-08T09:37:51,2248896.604,791341.4295,3110686.0308,50161.085999999996
2025-08-08T10:21:16,2197910.9462,776234.1209,3090170.6108,44515.435
2025-08-08T11:20:02,2184885.4376,746376.4695,2995893.7945,39914.858
2025-08-08T12:21:57,2238241.5817,759884.0037,2979918.5952,35704.329
2025-08-08T13:15:05,2185759.9198,727565.1816,2948471.2799,61965.493
2025-08-08T14:25:44,2201102.2191,774043.7889,2889134.351,56143.4786
2025-08-08T15:15:22,2160909.7592,813643.9269,2963033.7821,51367.6524
2025-08-08T16:20:28,2062950.919,890456.7055,2915578.9401,44248.1517
2025-08-08T17:17:32,1913362.0259,887143.805,2888887.95,39100.475900000005
2025-08-08T18:18:06,1848642.2413,897661.3486,2918174.1505,33883.2904
2025-08-08T19:17:36,1790328.3241,867072.7489,2885852.3038,29261.8308
2025-08-08T21:21:12,1635535.3577,778280.2097,2655455.1956,21201.6237
2025-08-08T23:18:57,1590333.8446,763289.5882,2614001.8689,20801.6237
2025-08-09T00:27:49,1604937.5165,851738.7525,2588657.4807,20801.6237
2025-08-09T01:18:25,1568209.8965,857919.0163,2579737.9426,20801.6237
2025-08-09T02:25:48,1582718.3978,859726.5108,2555120.9269,20575.0242
2025-08-09T03:17:04,1569068.7167,853737.3757,2548368.7143,20575.0242
2025-08-09T04:21:58,1581337.5219,856268.7914,2590650.0621,20575.0242
2025-08-09T05:18:05,1590486.6195,850291.5106,2575184.7513,20575.0242
2025-08-09T06:18:11,1662310.6128,875615.742,2570584.3822,20575.050199999998
2025-08-09T07:15:33,1987717.1594,903655.2504,2735564.3778,31355.631
2025-08-09T08:34:21,2673837.7694,946048.9631,3269470.5099,20381.322
2025-08-09T09:27:59,2939746.7283,931427.6322,3510201.9115999998,20381.292
2025-08-09T10:16:51,2918728.6833,969948.2572999999,3630491.5544,20381.292
2025-08-09T11:17:48,2756625.8504,969628.22,3758775.0676,38381.292
2025-08-09T12:21:13,2582207.0638,919990.3903,3797877.0576,38381.292
2025-08-09T13:15:11,2458538.9989,880243.7313,3855675.7282,38070.292
2025-08-09T14:24:20,2365687.9418,856359.6892,3834503.1625,38381.292
2025-08-09T15:14:04,2282146.9291,845307.7894,3775785.7988,72912.292
2025-08-09T16:19:11,2196174.2577,818951.2444,3658455.6345,65962.322
2025-08-09T17:16:31,2074976.7408,831458.673,3609479.307,64765.433
2025-08-09T18:17:36,1986871.5682,780358.9746,3470022.9479,39108.43
2025-08-09T19:17:34,1892368.5494,715209.736,3386341.5264,38472.177
2025-08-09T21:40:41,1799766.6054,629951.8033,3115057.4963,38461.177
2025-08-09T23:42:41,1806740.2597,741039.1152,3052170.927,38461.177
2025-08-10T00:39:11,1816056.7893,776238.4702,3012829.6233,38743.007
2025-08-10T01:21:53,1781429.8673,779534.2317,3003024.5299,37498.922
2025-08-10T02:25:41,1780205.5657,857009.0476,2968336.1894,37498.922
2025-08-10T03:16:47,1747086.5899,854248.2426,2957497.4055,37498.922
2025-08-10T04:22:18,1781163.6665999999,852924.7617,2943786.7349,37217.092000000004
2025-08-10T05:18:30,1769344.7637,845099.5913,2900871.7859,37217.092000000004
2025-08-10T06:18:58,1761814.0105,832348.1136,2875291.6828,33217.092
2025-08-10T07:15:01,1640407.3856000002,864023.5171,2787194.2155999998,33528.092
2025-08-10T08:34:50,1698375.753,904684.4661,2717392.8291,7527.237
2025-08-10T09:28:42,1658346.5655,851023.6442,2594175.0947,7527.237
2025-08-10T10:16:35,1578970.9703,791309.0221,2480759.2689,7527.207
2025-08-10T11:18:10,1717892.4475,743557.6398,2382792.7691,7527.207
2025-08-10T12:21:29,1588474.3607,679083.928,2332777.8953,7527.207
2025-08-10T13:15:31,1506022.848,629056.0104,2248148.6251,7527.207
2025-08-10T14:23:30,1441537.1024,601390.3708,2172622.3885,19873.207000000002
2025-08-10T15:14:35,1370384.8063,568990.3195,2119497.1821,15573.207
2025-08-10T16:19:35,1307169.9053,547666.2519,2021510.9509,7137.207
2025-08-10T17:16:31,1260239.1633,511512.8713,1949587.3453,7137.207
2025-08-10T18:17:25,1263022.8352,475712.7093,1901291.7175,7137.207
2025-08-10T19:17:25,1269119.5292,446285.5809,1850527.4552,7137.207
2025-08-10T21:28:36,1219839.0770999999,427708.3916,1735829.005,7137.207
2025-08-10T23:42:05,1211621.8666,428595.3398,1674308.1504,7983.282
2025-08-11T00:41:59,1211411.8567,438488.6946,1653495.2597,7983.282
2025-08-11T01:26:25,1189810.2579,438198.4269,1663419.3205,7983.282
2025-08-11T02:29:34,1188488.0518,436900.305,1648387.0326,7983.282
2025-08-11T03:23:42,1205675.0934,436571.735,1667461.4716999999,46755.282
2025-08-11T04:27:10,1241964.6987,436058.525,1690110.0907,39664.282
2025-08-11T05:24:47,1224671.4621,435247.6616,1678146.6417,37260.282
2025-08-11T06:21:03,1336914.5855,452956.8965,1705649.4121,21169.282
2025-08-11T07:17:25,1552528.4164,467558.2424,1861273.8697,7983.282
2025-08-11T08:39:02,1895029.4792,543244.792,2195129.0008,7983.312
2025-08-11T09:37:08,2044240.8554,533565.9659,2477412.8075,7983.312
2025-08-11T10:20:32,2126652.7678,598918.9473,2442507.164,7983.312
2025-08-11T11:20:35,2174768.3242,652240.2092,2540623.1393,7983.312
2025-08-11T12:23:49,2221674.3181,672619.4469,2499217.0551,31977.498
2025-08-11T13:18:47,2166450.1027,638827.139,2541554.9839,30670.837
2025-08-11T14:27:48,2177456.6194,658412.3093,2521795.1978,30440.230999999996
2025-08-11T15:17:19,2131080.1964,620020.662,2509000.3506,30440.230999999996
2025-08-11T16:19:08,1912343.1854,677455.3488,2562019.9056,30670.807
2025-08-11T17:17:15,1911015.3176,647756.2325,2515374.3793,60005.737499999996
2025-08-11T18:17:38,1727624.7568,636210.5291,2498524.1634,76569.8289
2025-08-11T19:17:26,1663793.593,583376.0637,2511714.5407000002,69468.4337
2025-08-11T21:20:43,1478322.5573,510675.4861,2315457.8569,43420.9866
2025-08-11T23:16:14,1472902.809,517064.9908,2210395.6141,35348.409
2025-08-12T00:26:47,1611091.1966,583021.2988,2274990.9747,30726.650899999997
2025-08-12T01:18:28,1554958.9039,503627.3005,2234658.9364,30726.650899999997
2025-08-12T02:27:53,1543220.253,519246.5142,2129302.9083000002,30726.650899999997
2025-08-12T03:19:20,1544534.1995,526497.2288,2120434.6912,30726.650899999997
2025-08-12T04:24:12,1565719.9019,562134.7342,2108620.6248,30726.650899999997
2025-08-12T05:21:10,1558878.0349,573743.8741,2114032.0731,50526.6509
2025-08-12T06:20:16,1600574.8978,589493.6911,2143357.0783,48105.6209
2025-08-12T07:16:26,1678219.6183,631581.7416,2379933.8414,44939.6509
2025-08-12T08:36:44,2049469.8136,761393.7815,2812198.6763,30433.751
2025-08-12T09:33:18,2327606.3029,874678.7021999999,3185000.9557,27468.630100000002
2025-08-12T10:18:59,2251907.108,872056.512,3245840.1026,60177.6301
2025-08-12T11:19:59,2283283.1742000002,908587.2956,3363875.9025,52917.5351
2025-08-12T12:23:09,2165166.534,885324.8135,3319874.0945,47643.8251
2025-08-12T13:18:17,2013768.0281,836594.3855,3177514.1992,50685.9591
2025-08-12T14:27:39,1801509.0512,826402.6725,3116491.0257,44469.659100000004
2025-08-12T15:15:17,1893464.5285,788986.2985,3258249.3283,41768.062099999996
2025-08-12T16:20:20,1864180.0261,863551.9754,3339859.4878000002,38205.6161
2025-08-12T17:17:21,1808646.128,852976.9692,3213813.6542,35602.0041
2025-08-12T18:17:25,1702575.47,797821.1528,3123235.7326,31829.2231
2025-08-12T19:17:23,1656182.9693,769327.1209,3087067.0647,27927.8861
2025-08-12T21:21:46,1525877.6692,684746.5706,2803897.9814999998,27927.8861
2025-08-12T23:18:45,1557437.6076,693356.3899,2691316.1361,27927.8861
2025-08-13T00:29:22,1456302.3021,697642.4996,2610229.789,27927.8861
2025-08-13T01:19:40,1431454.0162,697056.1084,2641767.6323,27927.8861
2025-08-13T02:28:09,1413341.6168,694272.5652,2617126.7965,27927.8861
2025-08-13T03:19:34,1406774.5044,700607.7532,2602631.0452,27927.8861
2025-08-13T04:24:45,1445803.8653,697231.673,2584088.9946,27927.8861
2025-08-13T05:21:06,1434687.1063,692945.8579,2645165.0333,35552.856100000005
2025-08-13T06:20:25,1502865.1012,695128.3477,2565246.2041,27927.8861
2025-08-13T07:16:37,1530651.8837000001,624362.2303,2658619.5607,29697.307
2025-08-13T08:37:15,1997667.5186,722925.9414,2663523.016,7137.237
2025-08-13T09:34:08,2501824.7693,794640.4966,2960408.9462,7137.207
2025-08-13T10:19:28,2379162.3657,755880.2961,3049142.225,7137.207
2025-08-13T11:16:50,2394891.2482,766909.2974,2911314.713,7137.207
2025-08-13T12:19:13,2404183.5365,763793.6795,2874183.3031,7137.207
2025-08-13T13:14:58,2393047.8139,743198.1149,2926841.8717,7137.207
2025-08-13T14:25:17,2349351.2618,722914.1678,2929432.979,6906.601000000001
2025-08-13T15:15:31,2200379.412,708475.5971,2893573.4777,6706.601000000001
2025-08-13T16:19:53,2227476.172,736278.2389,2916471.6994,36937.207
2025-08-13T17:16:59,2145124.1845,731768.4386,2935514.8306,50509.328
2025-08-13T18:18:27,2089963.8122,737677.7304,2905521.0701,57931.7131
2025-08-13T19:17:47,2059583.2641,685829.1406,2837351.8915,46261.0795
2025-08-13T21:22:08,1981914.4255,600923.5142,2581395.2282000002,20528.444199999998
2025-08-13T23:19:14,1887935.9364,619925.7586,2408119.3003000002,9102.2482
2025-08-14T00:29:16,1897079.2233,610197.0756,2391418.1887,6937.000800000001
2025-08-14T01:19:37,1514675.2843,664346.0519,2667297.4632,6907.000800000001
2025-08-14T02:28:05,1470692.8191,661638.0888,2618666.3676,6907.000800000001
2025-08-14T03:20:06,1450264.0985,660014.1795,2625930.6796,26707.0008
2025-08-14T04:25:02,1474134.4655,656733.3719,2654009.1389,25597.0008
2025-08-14T05:21:38,1506368.6509,674616.4107,2632538.9518,20572.0008
2025-08-14T06:20:27,1576861.2895,669755.8357,2745125.4354,6706.601000000001
2025-08-14T07:16:33,1670116.4513,649853.4464,2722419.8074,6706.601000000001
2025-08-14T08:37:51,2309355.3508,856309.7191,3198149.3118,7397.46
2025-08-14T09:34:52,2456475.5091,850395.197,3476224.201,6826.237
2025-08-14T10:18:26,2508426.3077,823781.7399,3567321.4601000003,6826.237
2025-08-14T11:19:59,2459075.4512,843522.2045,3563002.8902,31264.603000000003
2025-08-14T12:23:48,2494150.403,850172.4827,3571500.114,26035.986
2025-08-14T13:16:57,2376677.8608999997,818827.8612,3580711.335,22650.418
2025-08-14T14:26:19,2131161.9559,787788.0255,3484221.5301,18651.287
2025-08-14T15:15:30,1988853.3741,752017.6921,3461403.5223,14788.414
2025-08-14T16:20:47,1971637.8993,742176.0019,3447156.9839,9729.229
2025-08-14T17:17:13,1860478.8531,813978.3569,3402575.6638,15517.83
2025-08-14T18:17:37,1781044.9555,791659.8688,3250773.2042,10536.83
2025-08-14T19:17:25,1663436.6888,726905.2776,3127090.9004,6906.83
2025-08-14T21:23:04,1564657.5598,637531.7258,2914578.8651,6838.83
2025-08-14T23:20:31,1550531.9759,593844.9551,2840134.9101,6838.83
2025-08-15T00:29:29,1519925.8678,598603.3989,2842919.4824,6838.86
2025-08-15T01:19:31,1536095.8641,599818.9518,2820199.8336,6838.86
2025-08-15T02:27:50,1489936.8304,598004.9353,2764899.6664,6838.86
2025-08-15T03:18:42,1469929.3892,596940.1817,2747254.5998,6838.86
2025-08-15T06:20:36,1701786.1901,243122.2318,1641515.6603,23489.86
2025-08-15T08:35:07,2193021.6329,660809.0476,2882383.1779,21201.237
2025-08-15T09:29:36,2189875.859,705802.9473,2974869.3869000003,30801.237
2025-08-15T10:18:08,2243437.4022,696040.3331,3007277.1026,24240.237
2025-08-15T11:18:41,2409775.5125,675259.6926,3223568.4756,24240.237
2025-08-15T12:22:10,2344729.1266,681935.7358,3231828.141,24228.237
2025-08-15T13:16:02,2282432.0623,664105.1648,3178560.8204,24228.237
2025-08-15T14:25:53,2247617.2551,692964.818,3236645.1342,32304.362
2025-08-15T15:14:41,2121853.0,677712.7788,3186038.0688,28459.203
2025-08-15T16:19:36,2200047.9292,733777.0398,3302689.5238,24933.248
2025-08-15T17:15:06,2072883.0427,763846.8044,3200349.1038,50269.3254
2025-08-15T18:17:26,1967726.945,739025.5390999999,3164686.1575,42410.4365
2025-08-15T19:17:29,1841625.1844,673355.4914,2942821.901,51670.933999999994
2025-08-15T21:18:48,1701625.1633,584503.4408,2742832.5185,37840.779599999994
2025-08-15T23:13:48,1762565.9926,538815.1349,2608967.9169,47495.1936
2025-08-16T00:23:22,1792915.8904,535782.5544,2465782.9843,47138.207
2025-08-16T01:17:27,1756018.1416,526930.8774,2471789.2177999998,47138.207
2025-08-16T02:24:40,1734291.4197,520997.3164,2437781.0665,45950.947
2025-08-16T03:16:36,1718805.5192,517666.7756,2414481.0944,45950.947
2025-08-16T04:21:45,1719180.3923,514328.6404,2472188.9337,45950.947
2025-08-16T05:18:05,1794990.938,509899.0256,2485917.269,70750.947
2025-08-16T06:17:19,1802749.9858,512591.4586,2500116.5831,67665.947
2025-08-16T07:14:23,1934004.1659,510431.0644,2647031.2074,64239.947
2025-08-16T08:32:52,2454400.8114,643724.5941,3216149.7117,79223.977
2025-08-16T09:25:58,2941504.7903,695274.5086,3513051.4679,78301.237
2025-08-16T10:15:36,2824141.0393,709428.0636999999,3696774.7968,65138.237
2025-08-16T11:16:29,2779730.9443,776328.3135,3739450.371,65138.237
2025-08-16T12:20:13,2649201.9142,759016.3642,3598802.7029,65138.237
2025-08-16T13:14:46,2439405.4505,757930.6226,3520903.6662,64827.237
2025-08-16T14:22:51,2305502.9078,724393.6406,3439578.9671,64827.206999999995
2025-08-16T15:14:16,2061519.0521,690262.4262999999,3429867.3415,64827.206999999995
2025-08-16T16:18:04,1926009.4509,640618.1741000001,3154400.1955,64827.206999999995
2025-08-16T17:16:02,1840508.119,601768.1181,3111175.9143,64827.206999999995
2025-08-16T18:16:50,1678903.5274,564937.0967,3071308.1991,64827.206999999995
2025-08-16T19:16:21,1598302.3459,546057.2069999999,2879785.5331,64827.206999999995
2025-08-16T21:27:51,1520158.2859,490874.7692,2619902.51,77271.802
2025-08-16T23:24:36,1547890.4252,451336.2993,2397747.5361,67712.268
2025-08-17T00:31:15,1554646.4698,465952.3367,2396549.6649,65480.487
2025-08-17T01:18:13,1596863.1701,464499.1994,2433848.9734,65480.487
2025-08-17T02:25:57,1566508.7927,473442.5892,2440563.8606000002,65480.487
2025-08-17T03:16:50,1564046.8261,473354.2829,2439457.1292,65480.487
2025-08-17T04:22:19,1564046.8260000001,473295.44060000003,2457887.1725,65480.487
2025-08-17T05:17:32,1569786.6907,483128.6026,2438784.2131,65480.487
2025-08-17T06:18:00,1572710.6918,483947.4417,2405949.007,65480.487
2025-08-17T07:14:32,1566923.0924,498531.5536,2375396.8698,65480.487
2025-08-17T08:33:35,1657444.1138,547000.7634,2396140.1984,49612.225
2025-08-17T09:26:55,1689536.46,559366.3329,2564900.239,49923.225
2025-08-17T10:16:13,1685878.0947,558596.1223,2558579.6857000003,49923.225
2025-08-17T11:17:09,1671210.6402999999,557641.5924,2550367.0035,49923.225
2025-08-17T12:20:27,1664098.3874,556409.4021,2540262.5436,49923.225
2025-08-17T13:15:34,1659025.0941,555905.2696,2533517.9523,49923.225
2025-08-17T14:23:56,1653407.6557,555488.1813,2525400.958,49923.225
2025-08-17T15:14:05,1648449.2402,554888.8133,2519171.5618,49923.225
2025-08-17T16:19:42,1641960.0039,554126.2391,2511585.1691,49923.225
2025-08-17T17:16:28,1636245.4372,551283.1802000001,2503910.1582,49923.225
2025-08-17T18:17:09,1627368.9578,547661.1845,2490950.2787,49923.225
2025-08-17T19:17:12,1593661.2854,536381.7814,2452255.7044,49923.225
2025-08-17T21:27:05,1530394.6302,504465.3482,2325194.8588,49923.225
2025-08-17T23:29:05,1501474.998,490516.1326,2236739.4584,49923.225
2025-08-18T00:37:32,1492584.5402,486969.92829999997,2207925.358,49923.225
2025-08-18T01:22:24,1480492.5453,484526.4129,2192797.8181,49923.225
2025-08-18T02:29:43,1490464.6753,482903.3313,2236784.3644,49923.225
2025-08-18T03:21:53,1505077.1133,482144.54,2252637.464,69723.225
2025-08-18T04:26:32,1533079.5788,481245.9475,2394438.5237,85546.195
2025-08-18T05:24:05,1515219.1389,478629.1811,2422779.4561,64645.195
2025-08-18T06:21:09,1551452.1886,485407.72250000003,2478864.8555,62224.195
2025-08-18T07:16:46,1743252.4338,494593.1282,2667889.7682,80294.195
2025-08-18T08:38:08,2240071.7713,540542.2769,3001605.008,91115.0953
2025-08-18T09:35:06,2324442.7842,550439.6162,3296588.9201,97293.24429999999
2025-08-18T10:19:31,2213455.8678,618157.8383,3258938.6124,93789.24429999999
2025-08-18T11:20:10,2169020.9896,659832.0919,3360277.7013,91807.24429999999
2025-08-18T12:23:16,2163542.7849,642648.31,3298316.4343,67685.64499999999
2025-08-18T13:18:31,1986760.9379,603013.6132,3268619.9111,67568.3293
2025-08-18T14:26:52,1928032.1048,545790.4239,3294275.8452,67068.3293
2025-08-18T15:16:26,1876712.2284,572430.9825,3225889.1702,67298.9353
2025-08-18T16:19:13,1778806.4413,677192.2422,3195573.5108,67298.9353
2025-08-18T17:16:01,1651491.1704,642873.1377,3064062.8483,67298.9353
2025-08-18T18:15:43,1672028.3063,648321.5755,3019142.631,67298.9353
2025-08-18T19:17:59,1539878.3962,620592.6319,2889463.9205,67298.9353
2025-08-18T21:20:02,1426583.6404,552760.4251999999,2557743.931,67298.9353
2025-08-18T23:09:44,1406598.586,543904.5737,2528840.7674,67298.9353
2025-08-19T00:21:02,1494357.8157,544753.6923,2548377.8534,67298.9353
2025-08-19T01:18:21,1470039.8728,543513.0079,2506095.2925,67298.9353
2025-08-19T02:26:43,1475391.8007,543215.2563,2567057.355,76020.6396
2025-08-19T03:17:12,1451719.8461,542646.4898,2556740.9764,100461.2016
2025-08-19T04:23:24,1470295.0239,542116.0006,2650946.9394,117742.94159999999
2025-08-19T05:18:51,1413669.4668999999,535854.6788999999,2679993.1037,110244.94159999999
2025-08-19T06:19:09,1432451.9978,536801.8177,2726030.3466,150116.5716
2025-08-19T07:15:13,1591333.6408,529288.078,2882385.5639,120813.9844
2025-08-19T08:35:31,2209765.5315,573880.5688,3268792.0411,53885.8948
2025-08-19T09:28:56,2568176.2118,585019.3,3384655.3705,39668.8001
2025-08-19T10:17:54,2605947.4391,608103.234,3331131.9036,32063.032800000004
2025-08-19T11:19:17,2659138.2819,602250.2673,3344797.4913,26602.1064
2025-08-19T12:21:56,2584192.0495,650009.3951,3390784.9293,20609.0431
2025-08-19T13:15:56,2324626.3061,652206.2074,3392607.3127,17264.9571
2025-08-19T14:23:14,2161044.204,627727.5124,3506903.7556,13003.3227
2025-08-19T15:14:22,2117313.0693,692346.9048,3445129.4141,11824.2878
2025-08-19T16:19:45,2111729.9665,625562.8706,3284783.4504,8426.9379
2025-08-19T17:16:41,2076597.7327,656446.1557,3319710.0825,7890.141100000001
2025-08-19T18:16:56,2006638.255,656035.3335,3238515.6258,7890.141100000001
2025-08-19T19:16:23,1934625.2007,637190.0963,3131020.1826,7890.141100000001
2025-08-19T21:16:56,1780030.6979,578798.0913,2842012.6214,7890.141100000001
2025-08-19T23:07:44,1777169.5804,546078.4092999999,2742353.1097,7890.141100000001
2025-08-20T00:21:37,1774786.2096,554687.6671,2645885.7556,7890.141100000001
2025-08-20T01:18:01,1771735.7943,552027.6657,2637504.7355,7890.141100000001
2025-08-20T02:26:48,1702083.3549,549651.6035,2712804.3279,7396.157
2025-08-20T03:17:52,1834262.2461,548401.9512,2768346.3698,39424.1411
2025-08-20T04:23:24,1789372.4705,546874.1755,2856094.4552,35145.1411
2025-08-20T05:19:32,1756946.7473,543952.0908,2924485.0421,30178.1411
2025-08-20T06:19:01,1771972.6855,522532.17459999997,2932034.9814,26611.1411
2025-08-20T07:15:50,1932762.2542,580910.0032,3010337.6334,7396.157
2025-08-20T08:35:42,2199442.5697,606659.9493,3340291.7075,8874.0656
2025-08-20T09:29:27,2541831.9298,672698.9079999999,3767672.2188,24497.763
2025-08-20T10:18:45,2556702.1755,703506.4861,3824767.3883,22178.763
2025-08-20T11:19:08,2592289.584,730385.9704,3893722.5771,17803.157
2025-08-20T12:21:58,2360157.5241,702963.9183,3696650.8491,13999.763
2025-08-20T13:15:41,2119623.5206999998,709483.8275,3688305.2052,10664.763
2025-08-20T14:25:23,1970469.0105,694148.6096,3550374.5916999998,6826.207
2025-08-20T15:14:41,1823419.417,690336.843,3469384.5808,6826.207
2025-08-20T16:19:55,1740292.8905,776986.4416,3561693.6777,6826.207
2025-08-20T17:16:38,1613678.4093,747397.1884,3446202.2804,6826.207
2025-08-20T18:15:54,1603557.8248,728103.6167,3350712.0985,23000.495000000003
2025-08-20T19:16:13,1564904.3072,724409.0315,3229568.6063,19343.134
2025-08-20T21:16:20,1492284.1831,658039.2244,2924998.802,9541.203000000001
2025-08-20T23:06:43,1435512.8556,632450.2575,2789261.8438,7015.526000000001
2025-08-21T00:20:52,1453479.0138,619662.2213,2811740.5899,7015.526000000001
2025-08-21T01:18:21,1431520.4311,617942.0939,2792740.4168000002,7015.526000000001
2025-08-21T02:35:46,1417830.2197,616928.3008,2842546.1875,7015.526000000001
2025-08-21T03:20:36,1415965.2318,616038.3302,2908132.5369,7015.526000000001
2025-08-21T04:23:15,1429470.8455,614374.1159,2903366.7182,7015.526000000001
2025-08-21T05:19:16,1422562.2245,612315.8524,2959187.3907,7015.526000000001
2025-08-21T06:18:52,1441688.0977,615608.6078,2973522.6212,7141.838000000001
2025-08-21T07:15:50,1614744.7293,658196.7891,3224673.3127,7141.838000000001
2025-08-21T08:34:48,1682268.0204,700251.7861,4026935.7245,20076.9644
2025-08-21T09:28:40,1693307.2505,695786.8194,4282060.3553,17794.733
2025-08-21T10:18:33,1764125.3953,712216.0146,4241761.4061,17794.733
2025-08-21T11:19:21,1741784.2945,751524.2112,4335670.6947,17794.733
2025-08-21T12:21:15,1597511.5429,741681.2958,4255284.0537,17794.733
2025-08-21T13:21:05,1504142.1603,760495.0989,4276689.7146,17794.733
2025-08-21T14:25:14,1488811.6378,688102.0175,4279734.5406,32786.733
2025-08-21T15:14:46,1459359.4535,670868.198,4248046.1791,47478.503
2025-08-21T16:19:16,1480257.1067,694038.1065,4143155.7382,33204.503
2025-08-21T17:16:33,1500431.1205,702719.0585,4092738.4128,29981.503
2025-08-21T18:17:55,1433363.8567,694355.8228,4035829.4623,17100.503
2025-08-21T19:16:25,1366683.801,662073.4389,3921033.0669,17100.503
2025-08-21T21:17:00,1231649.6625,589518.8552,3662056.4978,17100.503
2025-08-21T23:07:07,1255857.6377,581687.2712,3513676.2287,17100.503
2025-08-22T00:20:07,1315973.2156,600883.7144,3440074.1558,17100.503
2025-08-22T01:18:10,1327261.6268,600807.1714999999,3410443.8916,17100.503
2025-08-22T02:26:14,1324235.3974,599387.6599,3475324.5159,17100.503
2025-08-22T03:16:42,1305983.4202,630312.8192,3562409.4053,17100.503
2025-08-22T04:23:26,1294014.9073,629131.6837,3659638.355,17100.503
2025-08-22T05:18:53,1259040.0986,625682.4656,3699486.4045,17100.503
2025-08-22T06:18:56,1219301.3136,617041.0066,3795147.1678,41100.503
2025-08-22T07:15:01,1243872.1538,680239.9565,3741973.3946,41100.503
2025-08-22T08:34:28,1487727.7388,696095.0452,4105093.8099,31210.450999999997
2025-08-22T09:27:39,1625404.8463,699938.8719,4245463.7714,31210.450999999997
2025-08-22T10:17:18,1554401.9464,712401.0928,4141408.3361,31210.450999999997
2025-08-22T11:18:26,1577006.9151,685843.9427,4454003.2283,31210.450999999997
2025-08-22T12:21:14,1567184.9447,695076.8306,4374407.2519,31210.450999999997
2025-08-22T13:16:01,1490462.9456,646679.3635,4290070.4441,31210.450999999997
2025-08-22T14:23:58,1382538.2536,621249.4614,4148929.3312,44644.2199
2025-08-22T15:14:53,1382709.1284,654639.4277,4174855.4939,38772.6139
2025-08-22T16:19:13,1364926.3756,771835.8657,4011489.7153,34099.2199
2025-08-22T17:16:01,1350917.3705,742851.8625,3858675.1942,51128.2199
2025-08-22T18:16:09,1378332.9021,716955.9597,3884744.0913,47539.2199
2025-08-22T19:16:22,1306334.7429,693265.0451,3880737.7218,31384.6139
2025-08-22T21:14:15,1123059.7584,627602.4429,3574660.0491,31615.2199
2025-08-22T23:01:12,1073755.0255,586800.3992999999,3447759.0113,31615.2199
2025-08-22T23:40:02,1077786.2773,592300.8555,3426276.1822,31615.2199
2025-08-23T00:20:08,1082423.4134,623972.055,3406776.9784,31615.2199
2025-08-23T01:16:28,1073372.323,620776.188,3381300.9966,31615.2199
2025-08-23T02:23:20,1068605.402,632119.8063,3352288.0548,31615.2199
2025-08-23T03:15:50,1060622.7816,627276.8817,3487856.5081,31615.2199
2025-08-23T04:20:36,1052198.2527,625037.3175,3557131.4364,31615.2199
2025-08-23T05:16:50,1029408.3121,641930.0582,3521159.4211,31615.2199
2025-08-23T06:16:51,1028331.7625,634197.5061,3578017.1862,31615.2199
2025-08-23T07:13:53,1181525.0253,670726.0387,3630515.843,31727.450999999997
2025-08-23T08:31:30,1523524.4221,754939.5036,4089050.6993,7727.481
2025-08-23T09:23:53,1833737.1405,854179.8182,4236627.3912,7727.481
2025-08-23T10:15:07,1708124.3838,831676.4249,4199911.7458,7727.481
2025-08-23T11:15:48,1621011.0742,854202.4096,4111242.4661,7416.481
2025-08-23T12:18:43,1635174.2525,930157.1388,4135522.2259,7416.481
2025-08-23T13:13:40,1703432.6104,904789.1989,4305232.2644,7416.481
2025-08-23T14:21:40,1571169.4031,911516.1872,4071161.7092,7416.451
2025-08-23T15:13:34,1579286.6515,900181.0389,3943031.3369,20523.451
2025-08-23T16:17:47,1484830.2065,874444.0674,3815165.2545,16317.845000000001
2025-08-23T17:14:58,1404305.3037,829270.0745999999,3830793.5625,12111.451000000001
2025-08-23T18:15:57,1366514.5356,812784.6576,3815065.4036,8319.451000000001
2025-08-23T19:16:19,1396030.3732,782972.4338,3767619.4127,7202.451
2025-08-23T21:24:50,1274969.4797,748499.5692,3540980.8423,7668.451
2025-08-23T23:18:12,1279698.8037,746541.7935,3514238.5321,7668.451
2025-08-24T00:24:14,1303603.1291,775082.6033,3571722.3077,7668.451
2025-08-24T01:17:06,1276295.2636,769938.3888,3572888.2238,7668.451
2025-08-24T02:24:28,1287361.9298,781520.6805,3573509.6771,7668.451
2025-08-24T03:16:07,1288185.0555,779655.954,3551678.4817,7668.451
2025-08-24T04:20:13,1255056.6113,777363.5542,3551311.0874,7668.451
2025-08-24T05:16:28,1256415.4282,781394.0872,3541916.209,7668.451
2025-08-24T06:17:09,1243232.6634,771817.1642,3528788.8232,7151.451
2025-08-24T07:14:23,1208547.108,794170.1614,3544611.8848,7151.451
2025-08-24T08:32:02,1303126.0778,788593.519,3669172.3015,7462.481
2025-08-24T09:24:35,1242437.2406,785119.1876,3692431.2409,7210.481
2025-08-24T10:15:08,1159643.593,738473.2431,3537110.8673,7210.481
2025-08-24T11:16:17,1122328.8189,687097.6117,3386260.3811,7210.451
2025-08-24T12:19:39,1074589.9795,641759.2087,3278862.1158,7210.451
2025-08-24T13:14:38,1017989.2087,609627.3857,3185334.5537,7210.451
2025-08-24T14:22:26,978790.5349,580919.0453,3091654.7166,7210.451
2025-08-24T15:14:01,953340.2254,561372.3798999999,2958820.0614,7210.451
2025-08-24T16:18:16,945352.4531,540241.8192,2799787.8767,7210.451
2025-08-24T17:15:49,941162.7213,522854.0256,2678740.8236,7210.451
2025-08-24T18:16:09,915666.2845,504695.945,2560953.2576,7210.451
2025-08-24T19:16:35,917161.3961,488163.96880000003,2434261.4882,7210.451
2025-08-24T21:20:09,894798.1667,464024.08640000003,2282707.3613,7210.451
2025-08-24T23:14:15,878951.1326,455364.1241,2204654.7944,7210.451
2025-08-25T00:25:21,905460.7874,471340.0101,2149467.0991,7210.451
2025-08-25T01:19:01,863355.1735,442257.2626,2160996.6655,7210.451
2025-08-25T02:28:06,861555.1735,441948.4641,2281465.7876,7210.451
2025-08-25T04:25:28,864894.3935,441480.7856,2310308.1297999998,7210.451
2025-08-25T05:20:40,864498.1489,436068.1566,2398298.5164,7210.451
2025-08-25T06:20:13,839274.4376,443207.7496,2427623.5338,7210.451
2025-08-25T07:15:37,910054.6126,429505.1671,2543755.5375,7210.451
2025-08-25T08:35:52,1140551.281,518389.6038,2978876.4803,7210.451
2025-08-25T09:29:54,1307963.0449,549792.7537,3227911.4454,7210.481
2025-08-25T10:18:31,1397289.9224,580003.9928,3191197.0378,27010.481
2025-08-25T11:19:10,1509825.1549,575042.1827,3278906.7664,27010.481
2025-08-25T12:22:12,1475725.5649,631992.4608,3309139.2635,24663.481
2025-08-25T13:14:16,1477376.4275,620988.1144,3341810.5382,21158.481
2025-08-25T14:25:33,1368629.8882,620225.5125,3335955.9929,17992.481
2025-08-25T15:14:26,1326259.1338,589196.122,3337879.2071,6899.481
2025-08-25T16:19:18,1357552.487,636272.6211,3328911.4521,6910.481
2025-08-25T17:16:10,1423359.165,693776.0615,3417191.5597,9224.451000000001
2025-08-25T18:17:10,1398465.8243,728761.0365,3375515.7593,6972.451
2025-08-25T19:16:39,1226314.4408,663439.9136,3207187.2734,6899.451
2025-08-25T21:17:55,1092831.602,602637.5738,2981017.3372,6899.451
2025-08-25T23:08:12,1004753.6786,580645.8017,2860452.7289,6899.451
2025-08-26T00:21:20,1001061.8556,586977.4966,2846992.9095,6899.451
2025-08-26T01:18:28,993350.7804,597423.5965,2821268.8319,6899.451
2025-08-26T02:26:50,986201.4836,596606.3464,2837783.252,6899.451
2025-08-26T03:17:55,981000.9746,596135.8358,2871975.0074,6899.451
2025-08-26T04:24:51,978352.2569,626285.1711,3050077.6405,6899.451
2025-08-26T05:19:29,988356.1054,623232.0832,3051655.2172,6899.451
2025-08-26T06:19:39,964913.9917,611448.8772,3037466.7083,6899.451
2025-08-26T07:16:15,992326.6851,615265.4958,3145444.1369,6899.451
2025-08-26T08:37:21,1229792.7408,650110.4867,3707170.0804,13583.2806
2025-08-26T09:31:17,1409192.1805,708825.8008,3819725.0465,7210.481
2025-08-26T10:17:04,1560569.2493,764245.6925,3900241.7182,17010.481
2025-08-26T11:18:47,1548823.1615,735650.9958,3819049.3596,14383.481
2025-08-26T12:21:19,1632664.1496000001,777630.3886,3814957.9014,7210.481
2025-08-26T13:15:59,1510561.5286,764505.9576,3744653.9954,17562.481
2025-08-26T14:24:05,1511456.7323,784498.6638,3620370.8437,6979.845
2025-08-26T15:14:08,1496925.4577,800452.267,3543809.8241,6979.845
2025-08-26T16:19:21,1367396.8284,820751.6759,3500662.355,7210.451
2025-08-26T17:15:58,1329897.2816,848051.2685,3528006.8285,7210.451
2025-08-26T18:16:18,1258672.0461,809109.8146,3528835.4702,7210.451
2025-08-26T19:16:00,1294423.0659,796601.3939,3620105.2246,7210.451
2025-08-26T21:15:34,1217134.9278,707579.0205,3316254.7403,21930.451
2025-08-26T23:01:42,1231006.2877,676163.6542,3224208.525,7210.451
2025-08-26T23:39:00,1226503.4038,682781.6644,3240194.6092,7210.451
2025-08-27T00:21:05,1238561.2729,699731.1564,3214799.8578,7210.451
2025-08-27T01:17:00,1199230.9151,697855.2121,3220083.8458000002,7210.451
2025-08-27T02:24:44,1176373.9776,696717.5249,3206149.9097,7210.451
2025-08-27T03:17:17,1162692.9586,695794.8201,3258291.3343,7210.451
2025-08-27T04:22:41,1150272.3829,695288.8708,3389573.9427,7210.451
2025-08-27T05:18:42,1166671.3045,692421.0601,3442470.6875,7210.451
2025-08-27T06:18:07,1147436.2317,686635.9821,3441138.3762,7210.451
2025-08-27T07:14:45,1273070.8835,730659.0696,3566347.5656,7210.451
2025-08-27T08:34:42,1399390.2493,741687.2123,3928472.0525,29630.481
2025-08-27T09:27:08,1645591.7317,833683.8777,3920886.7167,29630.481
2025-08-27T10:17:09,1633130.768,817438.8851,4048129.8924,29630.481
2025-08-27T11:18:38,1640376.7319,816259.6855,4038605.1555,29630.481
2025-08-27T12:21:33,1611157.2818,833245.1364,4049904.4191,29319.481
2025-08-27T13:15:37,1595502.9708,814324.6064,4037438.6152,29319.481
2025-08-27T14:23:56,1524683.8146,795852.5755,3979773.9026,29319.451
2025-08-27T15:15:11,1413124.3547,796334.8486,3931229.0493,29319.451
2025-08-27T16:19:15,1539674.6863,834136.0351,3974039.178,29319.451
2025-08-27T17:16:07,1530701.3227,825583.6361,3947214.9165,29319.4335
2025-08-27T18:15:54,1456252.3877,837554.3785999999,3958204.6517,29319.451
2025-08-27T19:16:03,1406718.1538,833455.2859,3848932.2981,29319.451
2025-08-27T21:14:54,1245521.1688,773301.0752,3622446.5896,29319.451
2025-08-27T23:01:33,1181275.4374,752452.0059,3513187.4976,29319.451
2025-08-27T23:39:26,1203588.6022,746864.3348000001,3474341.8177,29319.451
2025-08-28T00:20:33,1209760.2918,758904.1140000001,3483823.8787,29319.451
2025-08-28T01:17:22,1185650.6986,756311.8139,3456739.1856,29319.451
2025-08-28T02:25:43,1166652.1988,755593.5773,3447506.1946,28132.191
2025-08-28T03:17:22,1199837.5973,755007.3465,3527228.2961999997,28132.191
2025-08-28T04:22:25,1187162.3176,753365.7375,3564989.6771,28132.191
2025-08-28T05:18:39,1184591.6832,773762.9204,3692384.9574,28132.191
2025-08-28T06:18:34,1188473.6509,767173.4524,3745061.7029,28132.191
2025-08-28T07:14:36,1270738.3732,776270.321,3844050.0626,28132.191
2025-08-28T08:34:28,1473930.891,790244.9716,4324761.4629,12630.481
2025-08-28T09:28:03,1813907.9975,822323.1722,4363735.2533,12630.451000000001
2025-08-28T10:17:46,1848850.0835,816925.7583999999,4371423.128,12630.451000000001
2025-08-28T11:17:51,1973948.8356,830253.8056,4281107.0487,12319.451000000001
2025-08-28T12:21:52,1756141.004,878460.1275000001,4305240.2613,12630.451000000001
2025-08-28T13:15:24,1637918.8958,910850.0251,4368627.7663,12630.451000000001
2025-08-28T14:24:11,1559521.423,870092.9548,4401453.7497,12630.451000000001
2025-08-28T15:14:44,1564015.5749,853030.4288999999,4381620.4456,12399.845000000001
2025-08-28T16:19:17,1519712.5167,870461.3156,4346211.3536,12630.451000000001
2025-08-28T17:15:56,1394633.5115,831115.6351,4284952.3815,29958.451
2025-08-28T18:16:10,1323849.0179,829240.6286,4191518.4149,26481.451
2025-08-28T19:16:28,1397194.6464,805981.0152,4073901.2872,23221.451
2025-08-28T21:15:08,1384065.8678,746909.8939,3951298.6786,12319.451000000001
2025-08-28T23:01:17,1345878.8343,767715.8972,3831381.9123,42319.451
2025-08-28T23:38:47,1341921.8695,793389.0819,3832607.0232,42319.451
2025-08-29T00:21:25,1354888.1237,805864.6084,3859522.8602,42319.451
2025-08-29T01:17:36,1358820.0334,802330.2996,3875493.4506,67350.207
2025-08-29T02:25:25,1335915.106,800926.9444,3872613.5078000003,59061.4274
2025-08-29T03:17:08,1326236.8179,800406.5573,3884847.3363,50264.9113
2025-08-29T04:22:13,1314995.8795,799088.8774,3994151.4021,27554.484
2025-08-29T05:18:45,1316369.5455,795940.682,4031020.6496,40603.406
2025-08-29T06:18:26,1337377.5533,787587.0339,4009784.3813,78282.24979999999
2025-08-29T07:14:44,1366052.6201,793008.0391,4050200.4841,53348.4799
2025-08-29T08:33:54,1571383.715,877792.8225,4306843.1529,30108.355199999998
2025-08-29T09:25:47,1712514.8347,863641.873,4529683.5523,10559.35
2025-08-29T10:16:27,1831575.205,857528.0222,4566241.8793,7967.6221000000005
2025-08-29T11:15:25,1830045.0775,856921.2136,4627786.722,7967.6221000000005
2025-08-29T12:21:04,1727064.4961,859008.3413,4625472.6695,7967.6221000000005
2025-08-29T13:15:07,1522939.6912,809957.8152,4553301.3501,7967.6221000000005
2025-08-29T14:22:42,1397809.1936,790614.3641,4482923.9425,27767.6221
2025-08-29T15:13:37,1418552.3762,852966.5785000001,4432209.68,27767.6221
2025-08-29T16:18:24,1376544.8402,864303.1465,4493156.4113,21656.502099999998
2025-08-29T17:15:31,1446918.765,948737.5877,4336139.0618,17752.4011
2025-08-29T18:16:19,1412422.4197,975120.845,4294257.2979,28657.4011
2025-08-29T19:15:53,1348399.3818,957919.4593999999,4308851.3437,23226.4011
2025-08-29T21:11:35,1238467.4065,881251.7297,4113148.8239,22414.4011
2025-08-29T22:55:32,1160343.3556,845600.5318,3974827.6846,21267.2661
2025-08-29T23:28:25,1167325.0847,870769.3036,3924674.9394,21267.2661
2025-08-30T00:19:45,1185767.8407,880403.8855,3913868.7136,21267.2661
2025-08-30T01:15:50,1167999.0966999999,885006.7829,3844875.1588,21267.2661
2025-08-30T02:22:05,1147385.1154,876838.5095,3844540.2435,21267.2661
2025-08-30T03:15:01,1167519.1626,873886.7209,3876097.2639,21267.2661
2025-08-30T04:20:04,1168846.1639,869437.8095,3917728.2459,21267.2661
2025-08-30T05:16:06,1161884.7329,889336.7842,3958361.9476,41067.2661
2025-08-30T06:16:28,1146099.5608,887329.7097,3987683.7458,50239.2361
2025-08-30T07:13:16,1231375.1299,882892.4089,4006997.323,49612.2361
2025-08-30T08:30:38,1941153.425,929446.8697,4366497.753,74789.23000000001
2025-08-30T09:21:15,2162945.9378,915961.6589,4395763.207,60137.163
2025-08-30T10:14:10,2110440.4291,956684.8833,4484375.775,67240.56700000001
2025-08-30T11:15:10,2220889.5039,1012276.258,4526780.7576,64928.76
2025-08-30T12:18:50,2172783.6479,1104353.327,4584358.0856,67095.278
2025-08-30T13:13:46,2054592.7215,1089802.2993,4496525.6603,52749.1802
2025-08-30T14:21:16,1872357.1815,1157267.5223,4531442.8792,41836.8283
2025-08-30T15:17:03,1616086.5849,950676.6684,3781731.0957,31465.233999999997
2025-08-30T16:17:12,1671378.7134,1096203.058,4292366.0094,31286.0376
2025-08-30T17:14:28,1598153.8878,1041700.7337,4153401.8241,25217.5004
2025-08-30T18:15:09,1530353.6855,997817.0996,4067156.8323,20647.8281
2025-08-30T19:15:33,1492851.0586,965590.1422,3876562.0167,20419.371
2025-08-30T21:19:41,1409431.2668,905277.2962,3617471.2628,20419.371
2025-08-30T23:05:59,1375000.5799,870483.6329,3528200.4112,20419.371
2025-08-31T00:19:56,1416882.9412,895968.0569,3607300.517,5719.371
2025-08-31T01:16:03,1397143.0713,907055.7117,3624288.7792,5949.977
2025-08-31T02:23:05,1343722.9168,931578.198,3645538.7959,5949.977
2025-08-31T03:15:43,1344246.1243,929590.7544,3669886.6241,5949.977
2025-08-31T04:20:14,1311961.976,941929.3977,3663193.1159,5949.977
2025-08-31T05:16:04,1324293.4705,935701.2572,3664723.7595,5949.977
2025-08-31T06:16:22,1341025.6465,887738.9896,3618716.6241,5949.977
2025-08-31T07:13:22,1327528.4146,897010.6072,3668761.2262,5949.977
2025-08-31T08:31:13,57949327.8738,87739272.65179999,3659789.9381,7028.0474
2025-08-31T09:22:27,57893108.5457,87763877.65249999,3628888.778,7028.0474
2025-08-31T10:14:24,57856864.2964,87703232.83659999,3498628.9088,7028.0474
2025-08-31T11:15:39,57898890.4973,87642748.5816,3417544.1896,7028.017400000001
2025-08-31T12:19:04,57829236.677099995,87588444.60649998,3285287.0521,7028.017400000001
2025-08-31T13:14:24,57756050.4277,87570891.06469999,3157057.2253,7028.017400000001
2025-08-31T14:21:26,57695440.1515,87569928.55519998,3044225.1499,7028.017400000001
2025-08-31T15:13:23,57665858.194800004,87540704.7394,2970253.0854,7028.017400000001
2025-08-31T16:17:49,57652623.9616,87501568.33049999,2859654.4158,7028.017400000001
2025-08-31T17:14:56,57648437.6726,87501716.9686,2739390.6185,7028.017400000001
2025-08-31T18:15:43,57610658.7348,87494773.92369999,2600128.1689999998,7028.017400000001
2025-08-31T19:15:46,57579441.959300004,87490299.831,2485400.9387,7028.017400000001
2025-08-31T21:26:36,57554268.703999996,87451459.1765,2291398.7646,7028.017400000001
2025-08-31T23:20:01,57569950.8599,87444964.1535,2200585.4837,7028.017400000001
2025-09-01T00:27:41,57571989.1352,87441978.2585,2207388.3786,7028.017400000001
2025-09-01T01:18:41,57571270.5466,87464029.7747,2207760.2051,7028.017400000001
2025-09-01T02:28:13,57591524.8568,87462659.3263,2195995.2239,7028.017400000001
2025-09-01T03:18:57,57589713.7385,87462337.8863,2189750.0999,7028.017400000001
2025-09-01T04:25:08,57584393.440799996,87461995.835,2180973.4992,7028.017400000001
2025-09-01T05:21:08,57631939.7187,87462517.55729999,2167186.4244,7028.017400000001
2025-09-01T06:19:56,57656379.9763,87466156.4453,2187200.8246,39510.3524
2025-09-01T07:15:21,57714797.8028,87463848.06019999,2205669.4654,35654.7194
2025-09-01T08:35:36,1399171.4392,656819.0687000001,2538217.3189,32079.972400000002
2025-09-01T09:27:41,1751632.4054999999,631719.4075,2744970.5914,27647.455
2025-09-01T10:17:06,1794993.1569,629913.4175,2660148.8714,24125.255
2025-09-01T11:17:32,2069551.3508000001,647268.4334,2858819.5029,21232.28
2025-09-01T12:20:26,2096947.6513,701089.0253,2960201.8718,86624.357
2025-09-01T13:14:43,2024841.3532,674824.8711,2959510.95,76482.484
2025-09-01T14:23:01,1895456.5605,628310.6545,2939559.0561,62606.212
2025-09-01T15:13:46,1963227.5385,728111.2909,2904362.5091,54752.495
2025-09-01T16:17:50,1860137.0827,733783.5837,2942654.0169,30281.101000000002
2025-09-01T17:14:53,1865396.1002,743749.6329,2958132.508,26993.071
2025-09-01T18:16:26,1748705.9063,763340.596,2978195.7835,8282.071
2025-09-01T19:15:35,1748849.1785,782092.3173999999,2958657.8689,8282.071
2025-09-01T21:16:12,1602938.1039,688030.2812,2821494.1955,8282.071
2025-09-01T23:05:15,1543796.7629,664621.2473,2792036.0718,28282.071
2025-09-02T00:20:41,1577186.3894,676376.7988,2685206.5963,24995.399
2025-09-02T01:18:00,1561935.8739,681960.3814,2725734.9408,21322.6462
2025-09-02T02:26:42,1541916.8028,680865.463,2709467.2032,17005.8478
2025-09-02T03:17:26,1522975.5878,680292.5617,2702611.2251,34208.5414
2025-09-02T04:23:21,1498777.9553,679218.2775,2851630.7314,28532.3963
2025-09-02T05:18:56,1526458.3188,677021.606,2896793.604,24577.3963
2025-09-02T06:19:10,1483283.0864,675190.6105,2882633.5891,19882.3963
2025-09-02T07:15:15,1511948.91,746021.9251,3039907.1669,9288.3963
2025-09-02T08:35:12,1901598.1793,728391.3968,3472365.159,29181.4627
2025-09-02T09:28:38,2094192.4938,777216.6391,3922360.7556,44988.8229
2025-09-02T10:18:03,2194567.9015,752911.4082,3842515.5724,42537.8229
2025-09-02T11:18:59,2153797.0587,791059.3075,3768368.5452,39185.8229
2025-09-02T12:21:32,2041390.4134,764140.8578,3753580.8253,35997.8229
2025-09-02T13:15:33,1909476.3479,712659.9383,3766521.6242,32360.8229
2025-09-02T14:22:08,1803801.5413,719038.7235,3628958.9978,29143.8229
2025-09-02T15:13:45,1785525.6815,723162.0931,3459177.8771,29083.8229
2025-09-02T16:19:06,1744228.8207,746581.3076000001,3427535.3666,42786.2239
2025-09-02T17:14:54,1633695.1576,781534.342,3314960.668,39211.069899999995
2025-09-02T18:14:51,1641858.7526,786245.5057,3311865.2119,34313.7339
2025-09-02T19:14:40,1589326.0762,758228.8991,3244383.0014,29186.512
2025-09-02T21:12:11,1411718.0233,689934.4554,3060508.9941,29186.512
2025-09-02T22:53:59,1395660.3445000001,671120.9026,3054968.9918,29186.512
2025-09-02T23:25:54,1435162.2303,679610.3076,3022988.858,29186.512
2025-09-03T00:20:06,1422876.5843,711466.2434,3029610.2287,29186.512
2025-09-03T01:16:02,1400843.5661,707235.1308,3006186.2969,29186.512
2025-09-03T02:24:03,1385984.0475,706128.0617,3003564.2851,29186.512
2025-09-03T03:16:58,1399519.6754,705262.1557,3017519.3945999998,29186.512
2025-09-03T04:22:36,1389279.4056,704252.1149,3028304.1704,29186.512
2025-09-03T05:17:57,1382858.5136,713069.123,3187081.8495,47447.511999999995
2025-09-03T06:17:24,1336201.8132,704800.5635,3292525.6073,73824.512
2025-09-03T07:14:43,1384272.7216,721379.5231,3386282.927,66893.512
2025-09-03T08:33:38,1636896.7969,698489.0655,3673900.8238,29147.512000000002
2025-09-03T09:26:05,1726016.7606,679389.8774,3929722.5629000003,26524.542
2025-09-03T10:17:34,1812412.0857,689888.6734,3904599.7249,23478.542
2025-09-03T11:18:10,1898537.5197,706107.4264,3966915.1991,17817.542
2025-09-03T12:20:56,1764135.7945,701835.1385,3933749.1476,17158.542
2025-09-03T13:15:15,1697850.0513,675128.7318000001,3806913.6314,13698.542000000001
2025-09-03T14:23:21,1561743.4638,646760.4084,3818995.1557,10572.542000000001
2025-09-03T15:14:25,1554298.1266,673340.3749,3811411.7086,10572.542000000001
2025-09-03T16:18:55,1535700.6371,691796.8095,3728258.0204,10572.524500000001
2025-09-03T17:14:54,1432689.9655,699545.7072,3757237.5728,10572.542000000001
2025-09-03T18:15:54,1320759.963,673530.3861,3752374.28,10572.542000000001
2025-09-03T19:15:03,1329548.9592,650350.8397,3733613.0878,10572.542000000001
2025-09-03T21:11:48,1186471.2279,622978.0019,3572081.3935,10572.542000000001
2025-09-03T22:54:55,1184279.1466,623024.3415,3588524.9891,10572.512
2025-09-03T23:26:43,1241852.3088,634011.1619,3575986.7775,10572.512
2025-09-04T00:19:48,1271563.9616,632804.5545,3551798.8551,10572.512
2025-09-04T01:16:08,1287442.829,631423.8534,3570508.1524,10572.512
2025-09-04T02:24:50,1247583.4008,630074.9249,3549463.2888,10572.512
2025-09-04T03:16:21,1231411.3488,628255.5282000001,3538952.3348,10572.512
2025-09-04T04:22:03,1227344.8988,627594.7635,3528095.1282,10572.512
2025-09-04T05:17:57,1243528.9658000001,626484.1855,3547222.0137,10572.512
2025-09-04T06:18:11,1289965.3972,605800.1852000001,3673654.72,10572.512
2025-09-04T07:14:34,1393812.8564,691243.1343,3787579.2214,10572.512
2025-09-04T08:33:06,1575510.4093,745430.6054,4200721.2083,7497.512000000001
2025-09-04T09:25:57,2001323.9854,759626.6035,4345824.8956,7497.542
2025-09-04T10:17:17,2005358.8484,783832.6565,4273438.6391,7497.542
2025-09-04T11:19:45,1952846.3847999999,786606.2904,4254158.1712,7497.542
2025-09-04T12:21:22,1807842.5632,791682.3236,4303671.7034,7497.542
2025-09-04T13:15:18,1613332.2764,756625.3939,4257653.9702,7497.542
2025-09-04T14:22:58,1495435.3901,701317.0629,4197580.7121,7497.542
2025-09-04T15:13:52,1446485.4861,751603.7797,4255286.8463,7497.542
2025-09-04T16:18:32,1435695.3792,758876.3057,4289250.5411,7397.542
2025-09-04T17:15:46,1370463.3892,755077.3307,4305217.7888,7397.542
2025-09-04T18:16:13,1363834.1931,772825.0955,4211587.4501,7397.542
2025-09-04T19:16:15,1393092.1627,740709.553,4149857.0682,7186.542
2025-09-04T21:13:23,1263641.5113,692805.1878,3973169.6684,7186.542
2025-09-04T22:57:52,1223378.6053,687939.5419,3874306.614,7186.542
2025-09-04T23:31:13,1211883.1714,699767.4823,3855719.8714,7186.542
2025-09-05T00:20:38,1225816.3812,720290.7027,3767904.32,7186.542
2025-09-05T01:17:22,1194820.9993,718672.5522,3770264.3521,7186.542
2025-09-05T02:24:58,1187286.1301,716127.252,3762973.2938,7186.542
2025-09-05T03:16:51,1173896.7321,715656.0137,3757728.1375,7186.542
2025-09-05T04:21:53,1161702.8464,712760.9661,3769105.6972,7186.542
2025-09-05T05:18:11,1152903.8905,711303.5076,3875241.8291,7186.542
2025-09-05T06:18:12,1144548.2722,713623.7879,3967729.2819,7186.542
2025-09-05T07:14:15,1128454.0361,701353.5737,4049226.9369,7186.542
2025-09-05T08:33:03,1588683.0514,788478.3143,4473296.6592,7186.542
2025-09-05T09:25:24,1743268.4644,790924.7663,4777496.9235,31497.541999999998
2025-09-05T10:16:21,1875404.0108,800191.7615,4862701.4949,51497.512
2025-09-05T11:17:51,1920063.2985,800432.9813,4800571.4452,50288.3898
2025-09-05T12:20:28,1834560.9143,776163.8642,4738227.004,45998.2044
2025-09-05T13:15:44,1812308.6362,802929.8058,4786484.2701,105950.9517
2025-09-05T14:22:31,1645309.1924,779568.672,4545899.5445,81092.84760000001
2025-09-05T15:14:04,1600980.2634,818474.1464,4520403.596,34229.6514
2025-09-05T16:18:42,1550958.8837,837658.242,4354462.7308,22875.947
2025-09-05T17:14:57,1617575.163,864839.2008,4368965.482,19247.947
2025-09-05T18:15:48,1538105.6913,826681.4857,4336785.3779,14590.947
2025-09-05T19:16:00,1519606.373,824600.0249,4191402.8495,11413.947
2025-09-05T21:11:25,1317284.197,783581.2057,3991949.9849,8675.947
2025-09-05T22:53:09,1320095.7165,786995.3459,3818038.7208,8675.947
2025-09-05T23:25:33,1299809.2834,779118.897,3827472.679,8675.947
2025-09-06T00:18:52,1309055.2519,775865.3919,3822137.3164,8675.947
2025-09-06T01:15:34,1338214.6749,785635.2641,3818836.3698,8675.947
2025-09-06T02:22:02,1334981.1579,782344.6538,3798031.5461999997,8675.947
2025-09-06T03:14:47,1332110.3092,780386.6998,3791184.4797,8675.947
2025-09-06T04:19:47,1325416.5659999999,790146.1957,3772002.4927,8675.947
2025-09-06T05:15:30,1316909.7086,788019.9388,3783537.0725,8675.947
2025-09-06T06:15:46,1376007.6671,784951.0399,3953048.9328,8675.947
2025-09-06T07:12:56,1359806.6869,800484.6173,3887593.294,8675.947
2025-09-06T08:29:34,1693391.4384,816437.3484,4087622.2616,7813.476000000001
2025-09-06T09:19:46,1908304.3239,922265.9613,4384879.8645,7813.476000000001
2025-09-06T10:14:23,1812481.4758,909580.6046,4403185.9473,7813.476000000001
2025-09-06T11:14:46,1871570.3757,913476.2903,4368105.342,7502.476000000001
2025-09-06T12:18:45,1835051.975,937520.5585,4393976.639,7813.476000000001
2025-09-06T13:13:34,1984615.1965,947248.5439,4327412.4801,7813.476000000001
2025-09-06T14:20:53,1908510.9270000001,911274.2263,4336444.9368,7813.476000000001
2025-09-06T15:12:14,1809705.9752,870357.762,4237400.9212,7813.476000000001
2025-09-06T16:16:40,1695138.0255,847927.7069999999,4031237.629,7813.476000000001
2025-09-06T17:14:21,1563994.1492,831967.4855,3864130.9519,21425.216
2025-09-06T18:14:42,1542340.0775,794888.1863,3693699.2659,18359.216
2025-09-06T19:14:29,1469365.7571,748758.8549,3564654.0034,15507.216
2025-09-06T21:18:15,1384217.2376,699149.1275000001,3257579.1530999998,6626.216
2025-09-06T23:01:32,1367284.5859,684148.8826,3114919.1487,6315.216
2025-09-06T23:38:12,1385566.465,692038.1232,3117870.7797,6315.216
2025-09-07T00:19:40,1343467.8472,708835.8556,3051778.1413000003,21114.216
2025-09-07T01:15:37,1312516.1895,717818.9872,3016347.8913,19180.216
2025-09-07T02:22:07,1209980.1905,714340.6335,2999186.9758,14668.215999999999
2025-09-07T03:14:58,1211149.5785,712598.7841,2997482.2769,10475.216
2025-09-07T04:19:45,1201174.0804,712122.5967,3004223.8882,6315.216
2025-09-07T05:15:57,1185921.352,710496.414,2990680.7456,6315.216
2025-09-07T06:15:34,1178695.6513,741597.0902,2941621.4344,6315.216
2025-09-07T07:13:13,1243090.0818,765919.8891,2940527.4879,16005.215999999999
2025-09-07T08:29:57,1286979.7015,787039.6825,3146123.506,17503.476
2025-09-07T09:19:54,1335791.4602,805775.3147999999,3271898.9892,21109.285
2025-09-07T10:14:20,1311996.6194,786100.9552,3221716.1073,21109.285
2025-09-07T11:14:58,1279176.409,776600.7331,3160252.742,21109.285
2025-09-07T12:18:36,1272452.8154,758443.5271,3181973.6642,21109.285
2025-09-07T13:13:29,1242542.2337,745947.475,3137141.8488,21109.285
2025-09-07T14:21:00,1234936.9862,733309.5755,3117175.6755,29410.285
2025-09-07T15:12:40,1227346.6958,726423.5891,3067039.3788,21109.285
2025-09-07T16:16:40,1221933.2262,718937.1697,3019472.9967,21109.285
2025-09-07T17:14:28,1199925.2848,711896.1083,2944754.2079,21109.285
2025-09-07T18:15:07,1184418.8833,696472.7849,2840411.134,21109.285
2025-09-07T19:14:56,1164978.1939,663370.8909,2707002.4684,21109.285
2025-09-07T21:17:17,1150841.3263,608586.9361,2546860.1826,21109.285
2025-09-07T23:05:29,1149184.3909,587268.9207,2448610.6897,21109.285
2025-09-08T00:21:06,1147287.574,583911.2727,2410143.2723,21109.285
2025-09-08T01:17:27,1146413.5517,583770.5795,2412898.9433,21109.285
2025-09-08T02:27:01,1138163.8239,581171.6621,2399980.0182,21109.285
2025-09-08T03:18:34,1136082.5839,580676.4402,2393691.8137,21109.285
2025-09-08T04:24:36,1130168.2824,576744.6666,2384734.9514,21109.285
2025-09-08T05:20:15,1123634.8159,575593.8747,2376984.0932,21109.285
2025-09-08T06:18:53,1124946.3122,573639.8109,2466887.2496,30909.285
2025-09-08T07:15:22,1242131.1815,568065.4033,2575952.6765,17665.285
2025-09-08T08:35:55,1544271.7232,590503.2114,2752452.8073,31394.255
2025-09-08T09:29:14,1795102.4533,566482.8015000001,2903437.2036,42864.285
2025-09-08T10:18:14,1747153.5877,564765.1884,2844564.8268,36656.285
2025-09-08T11:17:25,1649958.8261,562220.7917,2931508.2116,28654.992
2025-09-08T12:20:04,1616901.8825,550604.7504,3001754.797,21384.992
2025-09-08T13:16:09,1493027.0282,559312.1176,2894228.4128,14669.962
2025-09-08T14:24:47,1436525.8164,599920.4434,2977521.4608,12152.962
2025-09-08T15:14:42,1502708.0185,627028.0877,2989029.7574,39651.962
2025-09-08T16:19:03,1478771.6668,735721.1743,3017012.3251,37565.183
2025-09-08T17:15:40,1416084.4645,743104.7151,3036961.1315,37565.1655
2025-09-08T18:16:39,1412488.5032,736097.4286,2994315.7613,37565.183
2025-09-08T19:16:14,1469210.3608,707182.1668,2999873.6168,41188.183
2025-09-08T21:14:50,1221914.2928,693288.3003,2830952.1919,50480.183
2025-09-08T23:00:48,1121396.7806,644450.401,2883428.293,37565.183
2025-09-08T23:37:34,1090510.3958,651427.6879,2945447.503,37565.183
2025-09-09T00:20:23,1103317.9573,659261.7124,2969337.5369,37565.183
2025-09-09T01:17:36,1096250.6325,655121.2073,2932557.8979,37565.183
2025-09-09T02:25:45,1085935.2372,650776.0619,3015215.6431,37565.183
2025-09-09T03:17:31,1079414.3379,649246.7898,3000322.261,37565.183
2025-09-09T04:23:37,1114099.7383,645513.088,3031159.9952,37565.183
2025-09-09T05:19:11,1112031.6971,648313.6141,3038035.7703,37565.153
2025-09-09T06:18:43,1094081.2237,642374.045,2969801.2402,98195.153
2025-09-09T07:15:39,1289432.1132,629667.3509,3035737.6507,88264.153
2025-09-09T08:36:26,1710317.1202,807523.7021,3215565.945,50441.476
2025-09-09T09:29:54,1923409.5361,801495.7587,3380111.147,43964.445999999996
2025-09-09T10:16:03,2013638.1895,818133.742,3326352.9287,25917.446
2025-09-09T11:19:37,1861813.1333,789681.4079,3389819.0237,22541.446
2025-09-09T12:22:09,1904158.0587,830880.6275,3336384.9369,18721.446
2025-09-09T13:15:09,1730409.5709,800936.0943,3196980.1041,13947.446
2025-09-09T14:21:44,1621708.0701,799934.1968,3222241.7428,10412.446
2025-09-09T15:14:07,1603369.8563,817858.5497,3244161.2681,7813.446
2025-09-09T16:18:31,1573294.5691,854527.0002,3270553.2995,7813.446
2025-09-09T17:15:07,1505200.211,873051.0815,3244048.3047,7813.446
2025-09-09T18:15:24,1459956.1569,855226.1755,3249136.4758,7813.446
2025-09-09T19:15:16,1432353.4972,836204.4299,3168295.8736,7813.446
2025-09-09T21:13:29,1530351.5154,781035.7605,3001420.6205,7813.446
2025-09-09T22:54:50,1435299.1922,751216.8815,2942824.0598,7813.446
2025-09-09T23:26:09,1427468.4501,758505.6157,2923113.8085,7813.446
2025-09-10T00:19:43,1428449.5572,767362.7964,2887903.485,7813.446
2025-09-10T01:16:37,1434914.3376,766555.0678,2927952.4266,35074.186
2025-09-10T02:25:06,1386571.1269,759817.1781,2988754.8506,27492.186
2025-09-10T03:17:14,1374896.0914999999,774121.2816,3012519.8324,12275.186
2025-09-10T04:22:45,1363364.7959999999,771915.4528,2997078.7799,8481.186
2025-09-10T05:18:37,1370219.3669999999,768892.5602,3022454.923,40166.186
2025-09-10T06:17:47,1396862.3631,755976.8726,3159266.041,35586.186
2025-09-10T07:14:12,1597911.7662,815652.2472999999,3254309.2326,34588.446
2025-09-10T08:33:23,1963951.2122,833506.423,3824101.6603,30463.446000000004
2025-09-10T09:25:23,2059796.2379,858590.442,4075050.3557,31289.476000000002
2025-09-10T10:16:28,2002924.7087,833780.1415,3903353.2872,11408.476
2025-09-10T11:17:55,1964255.9666,851502.5467,3830887.2721,11408.476
2025-09-10T12:20:56,1875286.4199,878550.3567,3767478.6101,11408.476
2025-09-10T13:15:07,1742866.146,843475.8315,3635256.6102,11408.476
2025-09-10T14:23:59,1736254.975,851067.2351,3538763.9884,11308.476
2025-09-10T15:14:29,1760793.5426,863628.0073,3568801.4657,11097.4585
2025-09-10T16:18:45,1732552.8036,850196.1768,3711295.1561,11097.476
2025-09-10T17:15:29,1698431.4945,842243.926,3762749.1407,11122.476
2025-09-10T18:15:43,1668078.4898,835926.9778,3733711.0656,11122.476
2025-09-10T19:15:23,1645906.7952,820342.5733,3727237.0123,11122.476
2025-09-10T21:14:10,1427025.2615,774061.8595,3443599.48,11122.476
2025-09-10T22:59:12,1386818.8832999999,753356.0808,3409896.5299,11122.476
2025-09-10T23:34:33,1377547.1669,764841.7017,3430997.0419,11122.476
2025-09-11T00:20:17,1404391.2406,783652.2287,3389297.9034,11122.476
2025-09-11T01:16:56,1370758.6452,799277.7168,3449505.0938,11122.476
2025-09-11T02:25:04,1455731.7149,795888.9782,3503220.3797,40931.476
2025-09-11T03:17:09,1424615.182,794721.7112,3526540.4012,36733.476
2025-09-11T04:22:28,1389652.755,793961.7482,3525286.7566,33964.476
2025-09-11T05:18:12,1362248.8739,800056.5667,3565132.089,29853.476000000002
2025-09-11T06:17:21,1366355.5051,791392.5605,3540774.5172,25922.476000000002
2025-09-11T07:14:05,1469265.8662999999,792028.2085,3699104.2642,38991.87
2025-09-11T08:32:55,2075515.0631,832656.0982,3998126.1165,54068.476
2025-09-11T09:22:50,2308538.8965,874825.1403,4305395.1906,122504.109
2025-09-11T10:17:38,2336025.0338,852924.1446,4184579.4811,107429.109
2025-09-11T11:16:53,2199592.0758,850176.5184,4210050.7059,86254.109
2025-09-11T12:21:33,2105021.1539,842739.9637,4179349.5271,53070.109
2025-09-11T13:14:33,1961768.0572,813583.1872,4060033.0456,49517.079
2025-09-11T14:21:39,1836488.497,786510.7102,4020831.9859,46024.079
2025-09-11T15:13:29,1840275.6182,860840.1034,4043775.4326,42582.079
2025-09-11T16:16:08,1745492.5549,931317.8462,4073463.2636,38589.079
2025-09-11T17:15:01,1688247.4986999999,969569.5743,4087051.0485,34636.079
2025-09-11T18:15:59,1679386.9402,931584.3984000001,4053529.4787,30584.109
2025-09-11T19:15:40,1630519.037,922764.9335,3960721.0708,25405.849000000002
2025-09-11T21:11:26,1656695.8784,871628.4053,3667827.0041,22400.446
2025-09-11T22:53:50,1506008.4375,830764.7776,3490314.0372,22400.446
2025-09-11T23:25:55,1451956.9891,823521.1595,3475585.6626,22400.446
2025-09-12T00:19:26,1409918.5815,875508.706,3504842.8974,22400.446
2025-09-12T01:16:40,1348986.6652,878455.2671,3456654.5189,22400.446
2025-09-12T02:25:22,1317996.2662,875502.7196,3504316.7743,22400.446
2025-09-12T03:16:43,1286973.876,874454.6285,3522610.8115,22400.446
2025-09-12T04:21:56,1255396.7426,870172.9854,3542418.7405,22400.446
2025-09-12T05:17:56,1227320.2928,868657.192,3524686.8186,30984.446
2025-09-12T06:18:21,1180278.7935,851633.6118,3530969.6423,59523.446
2025-09-12T07:14:26,1288415.8076,881026.2932,3561722.9645000002,102589.446
2025-09-12T08:32:35,1649576.196,957819.01,3986363.487,76996.446
2025-09-12T09:24:38,1867514.9334,963676.7773,3964731.7329,81030.476
2025-09-12T10:16:35,1828924.6298,999480.5642,3971889.7216,79172.476
2025-09-12T11:17:31,1874689.9699,956541.7283,3934158.7247,71960.476
2025-09-12T12:18:17,1748244.8275,936458.8347,3869224.9361,66682.476
2025-09-12T13:14:16,1731651.2866,889338.6332,3913755.1628,38547.476
2025-09-12T14:20:28,1585221.6226,839009.1691,3768787.0403,34896.476
2025-09-12T15:14:01,1646109.8585,892678.6099,3709260.7969,30679.446
2025-09-12T16:17:52,1682331.0557,963097.1421,3632787.8662,30679.446
2025-09-12T17:14:47,1723203.9537,947651.1413,3707759.2537,30679.446
2025-09-12T18:15:26,1778765.6238,1018486.0493,3726071.5522,30679.446
2025-09-12T19:14:48,1806706.4533,1036652.6967,3743209.8468,30679.446
2025-09-12T21:08:17,1592072.7859,979019.6166,3354691.0571,30679.446
2025-09-12T22:44:30,1534787.8747,969667.2903,3277994.3811,30679.446
2025-09-12T23:19:55,1518417.6591999999,993441.1196,3240759.0482,30679.446
2025-09-13T00:19:23,1556605.1297,1011132.4817,3286509.5858,30679.446
2025-09-13T01:15:23,1526848.4702,1019045.539,3256303.2718,30679.446
2025-09-13T02:22:33,1479511.1909999999,1011650.9172,3213733.6935,30679.446
2025-09-13T03:14:24,1425288.5856,993962.8267,3196821.4291,30679.446
2025-09-13T04:19:31,1412974.7908,1003599.8899,3194164.6614,30679.446
2025-09-13T05:15:33,1379558.7994,1000034.9474,3168848.1125,30679.446
2025-09-13T06:15:44,1353894.3932999999,999963.7011,3121647.8488,63324.445999999996
2025-09-13T07:12:44,1399256.7477,1033746.4373,3057783.4698,58022.186
2025-09-13T08:29:34,1809363.9652,1181815.9827,3437021.8019,117395.216
2025-09-13T09:19:31,2066410.5149,1236521.2552,3572807.0784,86859.216
2025-09-13T10:13:24,2054727.5328,1261536.0913,3474525.6844,50772.216
2025-09-13T11:14:15,2110332.7438,1227572.8812,3437097.8482,29285.216
2025-09-13T12:17:48,2199479.1635,1250787.3327,3500572.6901000002,25731.216
2025-09-13T13:13:02,2063014.6648,1207140.683,3568893.5535,6626.216
2025-09-13T14:20:04,1980147.3734,1151486.7944,3580107.239,6626.216
2025-09-13T15:12:06,1923920.9029,1172755.8169,3624226.2786,6626.216
2025-09-13T16:16:38,1850299.1509,1168279.4843000001,3483412.3772,30626.216
2025-09-13T17:13:50,1768726.9442,1107382.1904,3659807.4342,30626.216
2025-09-13T18:14:42,1670984.2984,1117757.1217,3538050.4489,30626.216
2025-09-13T19:14:56,1662141.355,1068816.4246,3492084.7899,30626.216
2025-09-13T21:17:45,1563728.0997,1019689.3899000001,3387958.4358,53681.58
2025-09-13T23:01:51,1569264.0861,1046403.4327,3451503.9426,46777.58
2025-09-13T23:37:47,1554351.4638,1082943.1432,3457968.3942,45084.58
2025-09-14T00:19:37,1526511.4108,1119710.3163,3469423.3732,45315.186
2025-09-14T01:15:21,1561345.3203,1122994.983,3472811.1377,45315.186
2025-09-14T02:22:21,1521968.0677,1092787.6467,3468078.3685,45315.216
2025-09-14T03:15:02,1465002.2005,1092622.5399,3470610.8832,45315.216
2025-09-14T04:19:42,1442918.0612,1087537.3484,3401999.0464,45315.216
2025-09-14T05:15:58,1408463.0524,1073632.5093,3322869.7503,45315.216
2025-09-14T06:15:39,1420934.2624,1085503.4809,3361718.536,45315.216
2025-09-14T07:12:41,1470388.0394,1029467.9259,3562568.8307,46834.216
2025-09-14T08:29:18,1438428.0998,1106546.8254,3748601.9254,48332.476
2025-09-14T09:18:45,1423936.6582,1068206.1106,3862090.6248,33332.476
2025-09-14T10:14:15,1341500.4839,1004383.1591,3707194.4493,33332.476
2025-09-14T11:14:42,1338950.2469,938286.6491,3581408.2862,33332.476
2025-09-14T12:17:56,1291073.5464,852070.4372,3323434.4538000003,33332.476
2025-09-14T13:13:18,1279930.8284,827971.0849,3413724.1164,58132.476
2025-09-14T14:20:45,1256923.6293,823510.2223,3266263.117,56458.445999999996
2025-09-14T15:12:22,1202739.1706,810431.4048,3175685.6306,66682.446
2025-09-14T16:17:01,1140726.4184,770370.7884,3038591.1771,62033.445999999996
2025-09-14T17:14:22,1100398.4243,737936.4594,2911465.9413,54773.445999999996
2025-09-14T18:14:59,1080062.216,698938.5073,2769772.9143,33332.445999999996
2025-09-14T19:15:09,1047691.2854,671506.6252,2656837.3045,33332.445999999996
2025-09-14T21:18:11,1010394.0907,634309.4388,2421199.7933,33332.445999999996
2025-09-14T23:06:32,996142.9876999999,621491.8159,2344983.9448,33332.445999999996
2025-09-15T00:21:13,967652.767,618140.3315,2201990.9205,33332.445999999996
2025-09-15T01:17:53,964572.0202,615837.8063,2225456.854,33332.445999999996
2025-09-15T02:27:19,988408.744,622799.2811,2270704.1838,101361.446
2025-09-15T03:17:50,988096.408,622217.2828,2300174.6156,97642.446
2025-09-15T04:23:22,1006829.8593,621483.0882,2288962.1883,60883.445999999996
2025-09-15T05:20:25,1002064.8966,620584.5618,2302843.624,82241.446
2025-09-15T06:18:56,1061731.8457,619089.7356,2364426.7695,53777.445999999996
2025-09-15T07:14:35,1325869.76,557835.5406,2540158.3809,27095.446000000004
2025-09-15T08:34:47,1976125.1161,749637.6471,2863191.876,34273.4285
2025-09-15T09:26:32,2185390.2968,834559.546,3252625.8577,17960.476000000002
2025-09-15T10:18:57,2111859.8296,815172.2773,3306952.9753,15195.476
2025-09-15T11:18:56,2257134.4486,859893.9798,3271157.2809,11560.476
2025-09-15T12:21:15,2176766.6896,871137.7822,3285129.4275,7813.476000000001
2025-09-15T13:15:14,1974484.6967,814808.8606,3237076.9513,7683.476000000001
2025-09-15T14:23:46,1806868.0533,781270.6663,3177693.2391,7502.476000000001
2025-09-15T15:14:20,1802736.2777,804845.8888,3367803.6032,7502.476000000001
2025-09-15T16:18:12,1727705.6972999999,846544.9262,3391310.7758,7502.476000000001
2025-09-15T17:15:12,1777812.0257,896554.323,3306864.3388,7502.476000000001
2025-09-15T18:15:18,1708015.4466,854759.6461,3229649.274,7502.446
2025-09-15T19:15:19,1714718.9465,825183.5883,3147106.8217,7502.446
2025-09-15T21:12:29,1645609.9373,738114.8553,2850785.8437,7502.446
2025-09-15T22:55:41,1576902.1486,708730.3362,2761396.265,7502.446
2025-09-15T23:28:36,1555866.7011,710947.7516,2726576.5316,7502.446
2025-09-16T00:20:29,1550114.0218,711183.0257,2727600.4563,7502.446
2025-09-16T01:16:58,1526200.1872,720261.5458,2712213.0097,7502.446
2025-09-16T02:25:38,1521317.5914,719060.0032,2694007.3679,7502.446
2025-09-16T03:17:50,1495969.1572,718071.9597,2684887.3374,7502.446
2025-09-16T04:23:09,1473999.8547,716707.7711,2718690.5132,41502.445999999996
2025-09-16T05:19:11,1502435.5887,765910.1416,2712117.8857,38986.445999999996
2025-09-16T06:18:03,1550916.7843,770399.8239,2728746.228,51976.446
2025-09-16T07:14:58,1623774.9235,847955.2942,2763935.6168,46477.445999999996
2025-09-16T08:34:13,1949697.0409,996683.5856999999,3269825.4403,18027.476000000002
2025-09-16T09:27:44,2149268.6054,1062271.2172,3385411.9992,32389.476000000002
2025-09-16T10:17:32,2278268.0117,1018019.5267,3327984.4818,28150.446
2025-09-16T11:19:03,2130019.3627,1025763.5655,3317898.8324,20194.4285
2025-09-16T12:21:28,2023507.3704000001,954460.2767,3346560.5711,14150.186000000002
2025-09-16T13:15:18,1824779.5512,929394.469,3342115.3179,10345.186000000002
2025-09-16T14:24:32,1649870.241,904251.7225,3316570.4767,6626.186000000001
2025-09-16T15:14:41,1704735.1152000001,1015753.9183,3251983.3956999998,6626.186000000001
2025-09-16T16:18:42,1836005.3951,976211.7622,3264322.0302,6626.186000000001
2025-09-16T17:15:31,1855656.2931,1011732.0699,3286219.8235,6626.186000000001
2025-09-16T18:15:20,1741908.4454,963730.4035,3250611.3973,6626.216
2025-09-16T19:13:24,1711450.0497,924892.2838,3298234.067,6626.216
2025-09-16T21:12:08,1477306.6847,861576.7388,3034446.6152,17075.216
2025-09-16T22:54:42,1371047.676,839727.9777,2995610.9589,23810.216
2025-09-16T23:26:59,1383889.7586,841035.3916,3024134.6123,20744.216
2025-09-17T00:19:45,1381178.7103,844597.8166,3118214.0236,18274.216
2025-09-17T01:16:42,1398440.6183,844891.1865,3082326.5995,15094.215999999999
2025-09-17T02:25:47,1371407.4855,843086.0157,3061647.8025,10059.216
2025-09-17T03:16:51,1378940.4918,841832.8314,3050247.9232,6924.216
2025-09-17T04:22:39,1453603.7393,841784.95,3053741.929,73754.216
2025-09-17T05:18:44,1454346.547,839238.0051,3034017.4953,67346.216
2025-09-17T06:17:22,1451806.9569,825486.4913999999,3118301.3438,77966.186
2025-09-17T07:14:23,1493368.3555,845492.8831,3280897.2216,67103.186
2025-09-17T08:34:43,2047385.2264,822233.9206,3791394.7685000002,25982.664
2025-09-17T09:26:12,2299123.2658,810443.151,3939931.416,37246.664000000004
2025-09-17T10:16:56,2569462.641,805020.5213,3969280.6299,23213.446
2025-09-17T11:18:35,2527795.5687,770505.4345,3926197.7686,19709.446
2025-09-17T12:24:30,2344720.3102,771044.8633,3932812.2495,17200.446
2025-09-17T13:15:36,2113713.2566,748898.1961,3926507.3615,13338.446
2025-09-17T14:23:48,2031880.6951,732158.3438,4012089.6714,22257.634
2025-09-17T15:14:16,2043020.3489,758828.8877,4073031.5384,20472.634000000002
2025-09-17T16:18:28,1936485.0156,817085.7713,4168091.2891,19087.634000000002
2025-09-17T17:15:18,1816435.5667,857149.125,4043893.6386,19087.634000000002
2025-09-17T18:15:24,1767771.1247,854636.2953,3950950.0046,19087.634000000002
2025-09-17T19:16:42,1643419.2624,805062.6741,3922695.8503,19087.634000000002
2025-09-17T21:11:59,1538494.0679,747716.8985,3666660.8144,6315.186000000001
2025-09-17T22:56:20,1452794.5052,712555.8942,3546390.8268,6315.186000000001
2025-09-17T23:29:47,1436004.6566,722845.5426,3526956.4353,6315.186000000001
2025-09-18T00:20:25,1482661.9245,739461.809,3524057.2304,6315.186000000001
2025-09-18T01:16:13,1466545.6457,760986.9985,3485263.1406,6315.186000000001
2025-09-18T02:25:10,1439620.7805,760308.4859,3456108.6876,6315.186000000001
2025-09-18T03:16:52,1429444.0461,759617.5622,3474810.4913,6315.186000000001
2025-09-18T04:21:58,1423626.3064,758384.0037,3521436.5776,39030.186
2025-09-18T05:19:05,1426454.157,755974.6672,3608616.7146,55570.186
2025-09-18T06:17:57,1435646.3166,746721.5099,3667117.6227,77311.374
2025-09-18T07:14:04,1535431.8293,788434.3688,3744213.173,54039.404
2025-09-18T08:33:38,1984515.1687,818501.3852,4077324.0204,56309.64
2025-09-18T09:26:23,2310010.6015,915601.3997,4198343.9563,51623.476
2025-09-18T10:18:08,2508806.6896,944230.5584,4174331.5287,44107.9
2025-09-18T11:18:21,2286278.3346,999025.2631,4229898.0232,36696.87
2025-09-18T12:21:04,2302898.2584,1006548.2251,4192695.6223999998,14301.87
2025-09-18T13:16:07,2190822.3229,995069.4316,4308207.1212,12539.87
2025-09-18T14:24:22,2051112.9036,943649.6275,4387783.8412,9267.87
2025-09-18T15:14:46,1993960.263,953827.6633,4356465.6689,9267.87
2025-09-18T16:18:38,1837158.2134,990123.1337,4312618.3925,9267.87
2025-09-18T17:15:58,1746041.6174,962044.7819,4203266.3995,9267.9
2025-09-18T18:14:21,1718437.1134,921015.5827,4094619.147,9267.9
2025-09-18T19:15:42,1629449.4617,889208.9161,3970900.277,9137.9
2025-09-18T21:14:36,1508492.0029,829297.7487,3893390.4025,9137.9
2025-09-18T22:59:54,1427452.623,811389.9875,3777647.7133,7502.476000000001
2025-09-18T23:35:54,1428002.5832,817312.7601,3771169.467,7502.476000000001
2025-09-19T00:20:41,1399964.1821,836693.2163,3719583.5144,7502.476000000001
2025-09-19T01:16:46,1381414.452,846811.1126,3665326.7645,7502.476000000001
2025-09-19T02:25:36,1414568.9363,845370.1358,3663390.9087,7502.476000000001
2025-09-19T03:17:33,1401833.3925,844513.2601,3667877.1231,7502.476000000001
2025-09-19T04:22:17,1399205.7568,843223.4645,3750445.7166999998,37249.446
2025-09-19T05:19:28,1369235.1606,829118.0199,3742606.9479,79003.446
2025-09-19T06:19:49,1300432.0256,828637.6034,3852821.751,52733.446
2025-09-19T07:14:41,1397169.3914,840402.068,3956554.1536,47402.87
2025-09-19T08:34:04,2118900.9814,927570.4266,4428474.1092,24823.9
2025-09-19T09:26:11,2386713.057,888851.6721,4639093.9663,19050.4585
2025-09-19T10:17:14,2414297.1833,888934.7153,4678977.4858,16801.446
2025-09-19T11:17:39,2333685.5189,870111.4762,4643615.4376,17903.446
2025-09-19T12:20:41,2146595.3331,874475.0615,4597709.122,15355.446
2025-09-19T13:15:10,1927621.2272,841258.2193,4601862.3382,7813.446
2025-09-19T14:23:06,1785781.45,793896.1806,4431518.5391,7813.446
2025-09-19T15:14:14,1709213.765,840219.2699,4323572.3638,7813.446
2025-09-19T16:18:32,1720208.0876,911734.664,4328748.9748,7813.446
2025-09-19T17:15:13,1753151.8557,972103.6076,4278794.6263,7813.446
2025-09-19T18:15:43,1721877.8808,995648.4892000001,4287883.6284,7813.476000000001
2025-09-19T19:15:11,1726081.215,991686.8549,4148356.4908,7813.476000000001
2025-09-19T21:10:47,1630350.9958,870682.2237,3830153.227,7813.476000000001
2025-09-19T22:53:11,1594480.8757,866143.9456,3716365.5993,7813.476000000001
2025-09-19T23:26:20,1601266.6127,894685.6209,3663092.1165,7813.476000000001
2025-09-20T00:20:09,1539883.4964,928864.5756,3590530.3947,7813.476000000001
2025-09-20T01:16:00,1517162.5915,949819.1744,3612536.5858,7813.476000000001
2025-09-20T02:22:59,1489842.974,946451.7444,3575077.0603,7813.476000000001
2025-09-20T03:15:22,1531718.3392,945227.6274,3576761.7178,31426.216
2025-09-20T04:20:36,1503225.4636,942921.8496,3623041.4439,63451.216
2025-09-20T05:16:38,1454490.1935,935183.3961,3617445.2529,58396.186
2025-09-20T06:16:37,1483621.8687,919511.4258,3733357.2622,87137.186
2025-09-20T07:13:40,1653875.1433,925425.6659,3709881.2114,97630.186
2025-09-20T08:31:15,2118248.1273,1094351.9122,4062343.3186,87607.476
2025-09-20T09:21:21,2419825.6805,1160594.9848,4356130.8883,27813.476
2025-09-20T10:14:34,2419720.8493,1179822.915,4338286.6811,27813.446
2025-09-20T11:15:13,2576192.1251,1186053.2173,4378313.4543,27813.446
2025-09-20T12:18:44,2452460.9218,1242857.3703,4324919.6514,27813.446
2025-09-20T13:13:04,2469675.8777,1215131.5925,4264099.931,27502.446
2025-09-20T14:21:09,2238675.4740999998,1203938.1753,4232693.811,27502.446
2025-09-20T15:11:52,2156879.7501,1241485.669,4158979.6727,27502.446
2025-09-20T16:16:53,2019124.9732000001,1228768.693,4090153.528,27502.446
2025-09-20T17:14:23,1882264.5375,1217674.5389,4004096.6224,27613.446
2025-09-20T18:15:04,1738806.5127,1155178.4699,3919566.5783,27502.446
2025-09-20T19:15:14,1693996.8927,1111609.1787,3775124.137,27502.446
2025-09-20T21:19:59,1541142.5775,1050406.0335,3583082.4655,27271.84
2025-09-20T23:06:46,1527496.0718,1027038.3211000001,3445854.314,27271.84
2025-09-21T00:19:51,1534384.2153,1024980.0982,3552359.2001,27271.84
2025-09-21T01:16:38,1549871.3242,1040508.9206,3555539.2351,27271.84
2025-09-21T02:23:36,1566873.7855,1056986.3962,3571327.9987,27502.446
2025-09-21T03:14:46,1558557.3279,1055087.0896,3544067.5886,27502.446
2025-09-21T04:19:22,1552786.9098,1065275.8676,3541919.6052,27502.446
2025-09-21T05:15:48,1558215.1193,1075598.3501,3512544.9126,27502.446
2025-09-21T06:16:30,1533752.5642,1054412.9753,3474829.3111,27502.446
2025-09-21T07:13:06,1465490.7521,1085483.4348,3418347.6054000002,38702.476
2025-09-21T08:31:12,1417749.2751,1050368.2665,3439528.828,57095.476
2025-09-21T09:21:01,1412760.0114,1009469.0751,3507367.049,37095.476
2025-09-21T10:14:11,1373064.4538,965945.0456,3351715.671,37095.476
2025-09-21T11:15:22,1286101.5675000001,948232.7835,3197468.2879,37095.445999999996
2025-09-21T12:18:38,1208826.8151,888021.3875,3113081.3378,37095.445999999996
2025-09-21T13:13:52,1208828.5167,847880.1708,3008288.29,37095.445999999996
2025-09-21T14:21:40,1162727.6879,807545.0826,2976909.6844,56095.445999999996
2025-09-21T15:12:54,1140000.5159,802000.8813,2907889.5388,51381.445999999996
2025-09-21T16:17:53,1141576.9612,770415.5449,2794688.1125,47960.445999999996
2025-09-21T17:14:53,1117409.9838,744869.0316999999,2650679.9043,37095.445999999996
2025-09-21T18:15:15,1095655.1435,716823.5198,2516160.5658,37095.445999999996
2025-09-21T19:15:20,1065897.9869,710751.8957,2387450.1368,37095.445999999996
2025-09-21T21:19:07,1025124.213,664734.0621,2194645.796,37095.445999999996
2025-09-21T23:06:22,1023252.7709,648640.939,2086924.5971,37095.445999999996
2025-09-22T00:20:56,1022166.2554,669045.9143,2041450.2167,37095.445999999996
2025-09-22T01:17:34,1021091.828,668582.9505,2039208.0154,18702.446
2025-09-22T02:26:52,1034979.4613,667843.7864,2052279.7688,18702.446
2025-09-22T03:18:37,1098251.226,667249.5723,2080034.6476,52702.445999999996
2025-09-22T04:24:14,1091983.3384,666978.1765,2124388.1207,69989.446
2025-09-22T05:21:15,1108324.8953,667097.3714,2147972.9555,60812.446
2025-09-22T06:19:33,1182440.0926,662735.608,2226024.4533,44798.446
2025-09-22T07:15:30,1329466.5675,659956.4359,2373761.4203,30198.446000000004
2025-09-22T08:34:59,1848398.3142,641470.4033,2792668.6991,42160.668
2025-09-22T09:27:53,2004383.5953,682912.2682,3040343.8055,39166.446
2025-09-22T10:18:23,2221021.941,658912.6648,3153279.5287,34088.445999999996
2025-09-22T11:19:19,2252843.0568,672475.8813,3313895.9566,14934.446
2025-09-22T12:21:43,2209707.0112,770187.2407,3390733.4715,29236.446
2025-09-22T13:15:14,2035424.185,766409.1612,3400712.8108,20495.446
2025-09-22T14:23:42,1875696.965,753209.1976,3408763.3684,13469.84
2025-09-22T15:14:26,1858411.9791,805729.9478,3489433.1872,9160.84
2025-09-22T16:18:43,1783924.7353,841818.0932,3433853.1102,7328.84
2025-09-22T17:15:18,1656916.0362,870825.3976,3375331.3237,7328.84
2025-09-22T18:16:12,1602326.1418,834883.6371,3262414.2329,7328.84
2025-09-22T19:15:49,1603772.1083,815359.2954,3273622.6856,7328.84
2025-09-22T21:12:39,1468316.4863,741597.2693,3067009.9481,7328.84
2025-09-22T22:56:51,1366829.2573,701326.3806,3029979.1062,7328.84
2025-09-22T23:30:04,1351154.8337,712160.6318,2996673.7143,7328.84
2025-09-23T00:20:46,1403206.2876,713305.0708,2992291.3231,7328.84
2025-09-23T01:17:11,1381291.1187,723855.2608,2993438.9546,7271.84
2025-09-23T02:25:48,1351231.3046,722968.7043,2992503.3169,7271.84
2025-09-23T03:18:00,1340870.649,722644.6889000001,2983767.0817,7271.84
2025-09-23T04:22:31,1350018.0411,721595.4797,3010856.6027,7271.84
2025-09-23T05:18:59,1332214.5037,719456.951,3078164.7147,62727.840000000004
2025-09-23T06:18:27,1413392.0708,709635.6185,3135633.6042,56571.840000000004
2025-09-23T07:14:43,1542329.2083,808725.7946,3210770.9813,50236.840000000004
2025-09-23T08:33:57,1995042.6967,869554.7604,3712126.6291,47415.4585
2025-09-23T09:27:15,2130204.4351,939157.3311,4066254.9115,34643.636
2025-09-23T10:17:37,2153080.3509,918816.6712,4118832.156,32053.636
2025-09-23T11:18:02,2324042.2471,916307.7296,3985261.4789,27881.636
2025-09-23T12:21:34,2037757.2822,873179.7864,3869266.3087,24769.636
2025-09-23T13:13:42,1891986.1707,863528.1703,3925892.2995,40670.636
2025-09-23T14:25:06,1892880.7068,840256.7479,4090969.3454,31437.636
2025-09-23T15:14:18,1772039.9735,934033.1644,4031101.3012,54402.636
2025-09-23T16:18:51,1814599.8025,949359.8368,4148242.6144,56099.636
2025-09-23T17:15:28,1648718.7046,965898.1075,4004281.45,49920.636
2025-09-23T18:15:45,1559627.6261,958483.4384,3929282.8035,49547.636
2025-09-23T19:15:23,1527088.676,937522.0895,3780619.4814,49547.636
2025-09-23T21:13:41,1485544.8423,864164.3953,3550594.9959,19547.636
2025-09-23T22:58:04,1443979.2327,831030.2162,3436045.887,13383.03
2025-09-23T23:32:29,1465747.7967,825685.7992,3490368.6284,13383.03
2025-09-24T00:19:55,1504739.229,855454.8967,3479640.5817,13383.03
2025-09-24T01:17:05,1504560.6989,854071.7469,3437485.5098,13424.03
2025-09-24T02:25:25,1476643.2779,852623.9693,3425178.6416,13340.03
2025-09-24T03:17:27,1466150.9257,851974.056,3409384.8914,13340.03
2025-09-24T04:23:21,1439157.3867,850950.0380000001,3436938.4569,13570.636
2025-09-24T05:19:03,1441177.7553,841311.2295,3522882.2063,41345.606
2025-09-24T06:18:02,1470945.2749,831726.2846,3567438.4099,38337.606
2025-09-24T07:14:57,1609821.2449999999,903096.2464,3715857.7886,74851.606
2025-09-24T08:35:12,1848011.3071,974160.4177,4152761.8634,48412.636
2025-09-24T09:27:31,1836047.9433,984194.1149,4184222.7756,68000.636
2025-09-24T10:15:59,1868242.3504,991413.8315,4318039.4628,39959.606
2025-09-24T11:18:10,1802858.8264,952098.6257,4210308.2243,40270.606
2025-09-24T12:22:12,1725654.6166,909347.2023,4262194.2007,65647.606
2025-09-24T13:16:03,1727124.4427,857738.8763,4298788.2321,40270.606
2025-09-24T14:23:22,1769313.8417,808123.1129,4248772.251,39959.606
2025-09-24T15:14:34,1853360.7989,912948.0314,4213784.8587,39959.606
2025-09-24T16:19:21,1823796.6365,895531.1218,4205679.7204,39959.606
2025-09-24T17:15:35,1777916.3673,957494.8397,4133390.2528,39959.606
2025-09-24T18:16:38,1718416.5063,943384.3178,4192394.7307,39959.606
2025-09-24T19:16:27,1624193.8739,915746.4379,4107130.2115,39959.606
2025-09-24T21:14:14,1397558.1999,875727.0281,4002536.2146,39959.606
2025-09-24T23:00:23,1388494.8545,866181.8982,3896373.5166,39959.606
2025-09-24T23:37:54,1368934.6344,862646.5133,3897646.2961,39959.606
2025-09-25T00:20:57,1326614.5905,915545.6274,3911003.1889,39959.606
2025-09-25T01:17:28,1279065.9384,914154.0838,3883054.9167,39959.606
2025-09-25T02:25:59,1279279.0168,913903.4647,3864724.1586,39959.606
2025-09-25T03:18:00,1258521.5452999999,912511.4489,3854558.9609,38772.346
2025-09-25T04:23:11,1243178.0713,911166.35,3953680.9363,38772.346
2025-09-25T05:18:31,1230217.1198,909605.7084,4005219.716,38772.346
2025-09-25T06:18:38,1320911.7371,932815.2646999999,4100219.5913,76455.376
2025-09-25T07:15:45,1307089.038,930730.6338,4024161.1987,72443.376
2025-09-25T08:35:37,2057285.8577,980644.3733,4357013.0031,34847.636
2025-09-25T09:28:39,2405236.1595,985775.104,4581168.5894,59013.476
2025-09-25T10:18:20,2555160.0385,979976.9984,4571277.6197,51852.445999999996
2025-09-25T11:18:45,2419012.0858,972415.5897,4613728.1651,42247.445999999996
2025-09-25T12:21:12,2247127.8564,934122.5371,4591282.4135,31595.446
2025-09-25T13:15:46,2048295.0846,914530.8966,4576355.3036,19074.446
2025-09-25T14:25:47,1880283.6113,904224.4717,4517108.7509,13771.84
2025-09-25T15:15:23,1995843.3023,947419.5016,4589192.0338,12502.446
2025-09-25T16:20:37,1875513.9937,953692.8049,4549498.3142,12502.446
2025-09-25T17:15:31,1804735.3676,970585.4342,4510510.5864,12502.446
2025-09-25T18:14:36,1666862.8274,985599.2119,4318512.2252,12502.446
2025-09-25T19:15:23,1620628.955,937812.4555,4266701.6961,12502.446
2025-09-25T21:14:01,1460423.3058,887758.3458,4042916.5062,12502.446
2025-09-25T22:58:31,1466185.2629,853965.1109,3919478.422,12502.446
2025-09-25T23:33:29,1450793.2708,856989.0981000001,3911861.4159,12502.446
2025-09-26T00:20:42,1449745.7406,874295.6924,3903463.5907,12502.446
2025-09-26T01:17:10,1452060.2669,895738.5623,3870450.1932,12502.446
2025-09-26T02:25:16,1458195.0859,894866.1122,3895402.2972,12502.446
2025-09-26T03:17:26,1455000.6196,894165.3768,3882149.5465,12502.446
2025-09-26T04:23:30,1437229.3977,892908.9015,3886648.9918,12502.446
2025-09-26T05:19:26,1404006.4065999999,890320.4809,3896672.0854,12502.446
2025-09-26T06:18:32,1417511.6024,902130.3656,4042030.967,12502.446
2025-09-26T07:14:40,1459850.2152,976721.1202,4174923.0828,32302.476000000002
2025-09-26T08:35:05,1893072.4998,1056105.6063,4540268.6274,50315.203
2025-09-26T09:26:15,1940773.0303,1099079.6697,4773834.673,47319.173
2025-09-26T10:16:20,2083762.7293,1085110.532,4821351.4649,35095.173
2025-09-26T11:18:14,2181098.2031,1071186.9681,4773737.8064,35095.173
2025-09-26T12:20:57,2055319.1378,1125172.9206,4713667.3807,35095.173
2025-09-26T13:15:13,1904066.7688,1112239.7212,4635631.3362,34675.173
2025-09-26T14:22:39,1822253.0877,1098337.2823,4711893.8436,58675.173
2025-09-26T15:14:02,1795338.3457,1122893.0904,4746559.1891,55298.173
2025-09-26T16:18:24,1720392.8409,1145040.1355,4716280.1658,51974.173
2025-09-26T17:14:53,1838342.4582,1150934.1409,4689195.0852,49043.173
2025-09-26T18:16:02,1738623.7803,1136486.8613,4609426.0472,45463.173
2025-09-26T19:15:37,1747966.859,1121285.4235,4505912.6684,41457.173
2025-09-26T21:10:37,1592776.2865,1026939.0232,4213841.7978,34925.173
2025-09-26T22:53:16,1555614.0953,993777.648,4130277.1728,34675.173
2025-09-26T23:26:38,1553527.4871,995344.7467,4110314.7853,34675.173
2025-09-27T00:19:51,1519428.455,1030138.3106,4064088.6774,34675.173
2025-09-27T01:16:27,1492789.6601,1027492.1281,4044764.7409,34675.173
2025-09-27T02:21:55,1474210.9478,1029021.4863,4011078.3751,33487.913
2025-09-27T03:14:28,1473189.8205,1039397.048,3992581.4104999998,33487.913
2025-09-27T04:19:50,1441594.8611,1034478.1388,3947336.9078,33487.913
2025-09-27T05:16:15,1411776.651,1029571.9812,3962394.6747,33487.913
2025-09-27T06:16:05,1420687.6286,1039610.3643,4038528.3533,70245.913
2025-09-27T07:13:04,1633636.2504,1091153.3904,4058389.7974,46331.476
2025-09-27T08:30:03,1946641.5414,1144766.5483,4186811.4638,39816.476
2025-09-27T09:20:37,2172083.8145,1153484.8472,4388533.7005,34371.445999999996
2025-09-27T10:14:59,2205168.3204,1183439.9875,4454351.0247,26069.446
2025-09-27T11:15:05,2195728.961,1256597.8902,4374399.3424,12005.446
2025-09-27T12:18:47,2270013.8099,1202096.9882,4411875.4098,8787.446
2025-09-27T13:14:18,2228956.0999,1231059.8164,4390462.9971,7502.446
2025-09-27T14:21:26,2184371.9013,1221137.6349,4381328.2134,25809.446
2025-09-27T15:12:52,2116754.863,1217107.3747,4173457.1201,22891.476
2025-09-27T16:17:14,2018597.2619,1198838.8695,4239217.7518,18979.476
2025-09-27T17:14:40,1916470.7272,1160193.042,4363880.2328,7502.476000000001
2025-09-27T18:15:04,1786088.3209,1184573.5223,4428319.8231,7502.476000000001
2025-09-27T19:15:13,1652903.609,1204153.2004,4295510.9341,7502.476000000001
2025-09-27T21:21:05,1525544.5225,1168021.8531,4149811.6018,7502.476000000001
2025-09-27T23:07:19,1578230.1363,1125407.0492,4110257.5657,7502.476000000001
2025-09-28T00:20:05,1490667.2329,1134836.2219,4117318.4595,7502.476000000001
2025-09-28T01:16:15,1376171.7473,1154271.3191,4105200.658,7502.476000000001
2025-09-28T02:23:33,1450462.3995,1150657.0212,4105560.6106,7502.476000000001
2025-09-28T03:15:10,1468104.8792,1130328.4638,4092999.6044,7502.476000000001
2025-09-28T04:19:34,1452107.576,1127122.1994,4125087.0278,7502.476000000001
2025-09-28T05:16:11,1441262.7593,1123797.2825,4102883.9699,7502.476000000001
2025-09-28T06:16:20,1379826.217,1111861.7166,4092255.1305,7502.476000000001
2025-09-28T07:13:17,1436259.6342,1160685.5304,4061654.6214,7813.476000000001
2025-09-28T08:30:52,1510741.0152,1166315.177,4343721.893,7813.476000000001
2025-09-28T09:21:02,1416426.7025,1138123.7237,4253897.8054,7813.476000000001
2025-09-28T10:13:52,1326734.6648,1079590.6498,4143849.3231,7813.476000000001
2025-09-28T11:15:13,1276475.3215,1016436.3008,4005402.5912,7813.476000000001
2025-09-28T12:18:09,1271300.7882,954667.8381,3855655.5603,27613.476000000002
2025-09-28T13:13:33,1228319.0945,912254.4856,3729485.8457,45802.446
2025-09-28T14:21:06,1184918.7927,879067.7394,3619692.7313,38293.445999999996
2025-09-28T15:12:41,1144505.5348,846504.9717,3478937.2244,31216.446
2025-09-28T16:17:25,1112912.1033,803644.5408,3344434.8528,7813.446
2025-09-28T17:14:28,1070314.2031,772064.683,3222139.2794,7813.446
2025-09-28T18:15:10,1062731.4832,749866.7505,3083991.2003,7813.446
2025-09-28T19:15:12,1047872.0298,719689.8418,2964841.8886,7813.446
2025-09-28T21:15:49,1000115.3237,673188.6437,2775055.9673,7813.446
2025-09-28T23:03:26,976026.5762,668989.7969,2774713.4545,7813.446
2025-09-29T00:21:25,981276.2233,664741.4219,2671813.9367,7813.446
2025-09-29T01:18:31,1035975.223,660710.7339999999,2674552.8081,7813.446
2025-09-29T02:27:37,1033731.7063,658078.6225,2659983.4984,7813.446
2025-09-29T03:18:10,1048946.4843,655825.1772,2653407.5191,7813.446
2025-09-29T04:24:48,1092180.3185999999,654773.8726,2658539.7884,7813.446
2025-09-29T05:20:36,1074193.8995,653466.0036,2655505.142,7813.446
2025-09-29T06:19:44,1215875.6461,644978.3353,2852864.8503,56613.445999999996
2025-09-29T07:15:05,1501400.0544,666645.7843,3012916.1106,72393.446
2025-09-29T08:36:17,2073599.4017,682907.7575,3288549.8475,82189.476
2025-09-29T09:28:09,2222908.9791,679791.5321,3457230.9836,49507.445999999996
2025-09-29T10:18:02,2233778.471,661040.8672,3539723.2657,40509.445999999996
2025-09-29T11:18:15,2093676.475,641383.0078,3521441.6073,30326.446
2025-09-29T12:18:20,2013970.6772,643857.5046,3570289.3164,21790.446
2025-09-29T13:16:31,1898205.6159,646955.6867,3741919.4698,17959.446
2025-09-29T14:25:18,1777754.8042,634732.7816,3642784.1711,14388.446
2025-09-29T15:15:27,1087252.9719,625601.6658,3632670.7123,10201.84
2025-09-29T16:18:23,1585170.2648,708478.2085,3540962.453,9126.446
2025-09-29T17:15:36,1531404.1375,726404.6416,3555362.9585,9126.446
2025-09-29T18:15:15,1474869.7079999999,698822.7768,3530944.363,9126.446
2025-09-29T19:15:43,1527715.9017,738426.4629,3492201.9204,9126.446
2025-09-29T21:14:49,1363960.8019,720041.1718,3201205.4811,9126.446
2025-09-29T22:57:41,1298466.2601,794623.2655,3143060.5623,9126.446
2025-09-29T23:31:30,1294935.0608,807680.1398,3141015.7801,9126.446
2025-09-30T00:21:28,1285381.7226,842223.0038,3129744.814,9126.446
2025-09-30T01:17:17,1285197.0333,832586.8248,3120961.2842,9126.446
2025-09-30T02:26:20,1267530.5358,830410.2091,3131083.3584,9126.446
2025-09-30T03:18:18,1253443.2113,829218.2138,3123134.0096,9126.446
2025-09-30T04:23:51,1268208.3098,839615.1979,3129074.5143,56428.446
2025-09-30T05:19:38,1258987.6116,836940.7586,3183956.8929,94440.446
2025-09-30T06:18:53,1189378.3736,835733.5697999999,3188629.573,49611.445999999996
2025-09-30T07:15:32,1335682.5846,925447.5592,3383042.3945,68587.446
2025-09-30T08:36:00,1911208.2472,1119573.3081,3751446.7968,42367.476
2025-09-30T09:28:13,2316884.1822,1114657.2773,4107469.846,35161.476
2025-09-30T10:18:28,2285802.2074,1151300.0514,4176699.0376,19798.446
2025-09-30T11:17:01,2166213.7754,1082509.8297000001,4344437.8050999995,16595.446
2025-09-30T12:21:45,2012413.6614,1051494.0463,4344631.5751,12803.186000000002
2025-09-30T13:16:23,1873370.5635,1060798.8512,4473370.0538,7582.84
2025-09-30T14:22:53,1766733.6905,1109609.514,4371255.0741,7582.84
2025-09-30T15:14:15,1756163.0473,1150207.6709,4340963.437,7813.446
2025-09-30T16:18:57,1669642.3982,1159970.6772,4393837.0509,7813.446
2025-09-30T17:15:34,1644954.2442,1256007.4961,4348605.014,7813.446
2025-09-30T18:16:01,1549265.1458,1255538.7668,4280354.5511,7813.476000000001
2025-09-30T19:15:26,1521811.8874,1232682.6985,4227106.2946,7813.476000000001
2025-09-30T21:22:07,1347684.6526,1154394.2929,4017763.5543,7813.476000000001
2025-09-30T23:10:06,1400803.3672,1163544.1404,3885470.9296,7813.476000000001
2025-10-01T00:19:59,1432703.8202,1169005.3002,3868616.6074,7813.476000000001
2025-10-01T01:17:44,1445068.3551,1176723.9765,3897252.5439,7813.476000000001
2025-10-01T02:26:08,1456099.3976,1173418.1979,3799827.5901,7813.476000000001
2025-10-01T03:17:34,1447731.2756,1161957.2347,3792057.8521,7813.476000000001
2025-10-01T04:23:40,1413170.9763,1173098.9342,3757167.4641,7813.476000000001
2025-10-01T05:19:23,1402203.3089,1163298.1771,3782941.8868,7813.476000000001
2025-10-01T06:18:41,1463032.3008,1147140.8912,3759555.7267,7813.446
2025-10-01T07:15:08,1564190.5549,1155706.2423,3792224.713,7813.476000000001
2025-10-01T08:36:53,1986772.7191,1131186.2303,4073878.4544,12813.476
2025-10-01T09:28:06,2181472.6627,1135733.9249,4010630.0647,12813.476
2025-10-01T10:18:32,2324626.7702,1125643.0088,4040888.3325,12502.446
2025-10-01T11:17:58,2154899.225,1095789.2282,4173154.3782,7502.446
2025-10-01T12:21:36,1973612.2522,1145249.7146,4159965.0085,7502.446
2025-10-01T13:16:14,1860876.4467,1120437.8594,4054498.1998,20010.446
2025-10-01T14:24:40,1658924.4048,1153984.1639,4063925.1908,25392.446000000004
2025-10-01T15:14:15,1589421.9917,1185009.999,4095639.7166999998,22191.446
2025-10-01T16:19:43,1517580.2557,1164646.1209,4176290.0894,7502.446
2025-10-01T17:16:03,1574303.6759,1207544.5338,4117485.1955,7502.446
2025-10-01T18:16:28,1564501.3666,1254714.368,4178275.848,7813.476000000001
2025-10-01T19:15:12,1555470.7537,1234129.5095,4172284.79,7813.476000000001
2025-10-01T21:12:23,1472818.6036,1168459.1262,3971010.015,63404.86
2025-10-01T22:56:25,1586368.5085,1131432.1782,3812000.3199,75796.98329999999
2025-10-01T23:29:09,1559011.661,1130444.7118,3817422.0842,69313.3488
2025-10-02T00:20:13,1566425.6825,1160859.6937,3801156.6738,59350.0002
2025-10-02T01:16:18,1530602.1987,1166786.8627,3797698.2755,30291.7216
2025-10-02T02:25:14,1497155.7883,1174806.3469,3780501.423,21078.5715
2025-10-02T03:16:43,1478833.5715,1173506.6805,3829291.5651,13568.6261
2025-10-02T04:22:04,1533601.0148,1170983.8786,3808325.6907,8565.5617
2025-10-02T05:18:24,1494534.7783,1175680.9258,3931847.0603,90165.932
2025-10-02T06:17:41,1497352.1778,1174122.2648,4045270.7754,76559.947
2025-10-02T07:14:13,1700854.4238,1188505.4712,4151992.7637,24679.207000000002
2025-10-02T08:33:23,2303606.0124,1202983.2084,4607160.2224,27149.013
2025-10-02T09:25:46,2573384.5396,1197759.4799,4799693.7433,57351.765
2025-10-02T10:16:51,2803925.2457,1170169.5312,4769054.1935,49525.779
2025-10-02T11:18:01,2616886.4244,1149278.514,4771007.1255,40652.312
2025-10-02T12:21:21,2430206.9214,1110665.1459000001,4756738.9226,30732.1
2025-10-02T13:13:45,2189587.5708,1073601.9695,4711794.6537,23724.537
2025-10-02T14:24:06,1950740.5666,1027901.3243,4677705.3087,16811.383
2025-10-02T15:14:45,1871729.3949,1077385.8152,4601972.361,12235.55
2025-10-02T16:18:54,1954309.0832,1084893.9954,4502441.509,9009.958
2025-10-02T17:15:08,1866649.4111,1107436.5354,4420472.7253,8609.958
2025-10-02T18:16:23,1857717.5025,1165091.0864,4370456.4602,8609.958
2025-10-02T19:15:30,1802090.4031,1206128.8283,4205733.8804,8609.958
2025-10-02T21:12:35,1611416.7539,1193060.3923,3984163.8657,8609.958
2025-10-02T22:55:44,1540084.4594,1192406.8361,3863458.0956,8609.958
2025-10-02T23:28:10,1530150.2286,1184466.5078,3855801.2848,8409.958
2025-10-03T00:20:06,1536750.2032,1198204.4386,3811017.4725,8409.958
2025-10-03T01:16:40,1489176.1144,1202521.2392,3794486.9172,8409.958
2025-10-03T02:25:03,1519638.1525,1207168.1534,3795710.1047,8409.958
2025-10-03T03:17:03,1553948.0434,1206005.6449,3827943.6313,37409.958
2025-10-03T04:22:03,1530822.367,1203322.7361,3864504.3562,79038.958
2025-10-03T05:17:52,1498661.4535,1200976.3708,3960945.8075,70207.958
2025-10-03T06:18:09,1536145.5774,1213024.5138,4021810.2634,66683.958
2025-10-03T07:14:30,1690769.804,1203285.621,4105116.026,57694.928
2025-10-03T08:33:35,2196270.021,1247114.6486,4552231.7872,74998.958
2025-10-03T09:25:57,2519096.5328,1219139.9659,4585298.0891,27480.958
2025-10-03T10:16:14,2684906.8759,1218035.7226,4742619.6537,20110.958
2025-10-03T11:17:33,2527629.6839,1206489.5204,4713864.6774,15846.267
2025-10-03T12:20:36,2358804.8123,1252390.5576,4608108.4156,11691.237000000001
2025-10-03T13:15:15,2120855.5784,1197494.942,4605211.9937,8459.237000000001
2025-10-03T14:23:41,1909081.2135,1198783.5828,4623668.6084,31312.156000000003
2025-10-03T15:14:07,1915420.9841,1239501.8795,4597194.7488,54723.326199999996
2025-10-03T16:18:47,1827721.6599,1279416.3945,4462118.6949000005,47213.4258
2025-10-03T17:15:08,1794802.708,1348080.1535,4416189.2047,40416.9373
2025-10-03T18:15:48,1630448.2428,1306084.6639,4467266.7306,32301.716699999997
2025-10-03T19:17:00,1658423.2973,1294686.3845,4509767.2753,25458.508
2025-10-03T21:09:57,1527502.2447,1248954.9254,4344644.6369,12257.3995
2025-10-03T22:49:08,1499005.1525,1186022.7678,4224102.4437,8116.3969
2025-10-03T23:23:14,1505403.5136,1185118.6365,4170328.1052,7229.101000000001
2025-10-04T00:19:42,1519171.5343,1208599.2509,4133917.2896,7229.101000000001
2025-10-04T01:16:11,1504943.7495,1203402.1735,4106173.5127,7229.101000000001
2025-10-04T02:23:00,1532854.9805,1216873.4631,4070806.0217,7229.101000000001
2025-10-04T03:14:42,1510511.7796,1193657.9163,4054556.3568,7229.101000000001
2025-10-04T04:19:52,1426981.101,1190385.612,4053156.6699,41229.101
2025-10-04T05:15:54,1448144.9743000001,1184292.0341,4133895.3746,37210.101
2025-10-04T06:16:15,1476544.8328,1176948.7447,4176319.3923,33792.101
2025-10-04T07:13:09,1528876.9815,1232892.3418999999,3964134.1445999998,46448.100999999995
2025-10-04T08:30:35,2171354.0432,1438858.4362,4225093.7233,45618.771
2025-10-04T09:20:19,2384367.7565,1444368.9952,4296847.2022,30053.771
2025-10-04T10:14:36,2468294.3338,1472469.5425,4333144.5939,18474.101000000002
2025-10-04T11:14:48,2430247.6507,1448966.8121,4319472.9286,14049.101
2025-10-04T12:18:58,2512626.4783,1423396.3547,4315299.0525,41341.341499999995
2025-10-04T13:13:48,2485642.3614,1390737.2337,4296271.9223,33922.381499999996
2025-10-04T14:21:41,2741350.367,1390737.2337,4376165.1628,48922.399000000005
2025-10-04T15:12:38,2655888.3338,1397330.6712,4169660.0492,33922.399
2025-10-04T16:16:59,2961222.4745,1433643.2076,4130289.6156,31351.439
2025-10-04T17:14:22,2851632.4979,1374346.5451,4041630.616,28196.851
2025-10-04T18:15:22,2606960.1358,1299722.6187,3954558.4458,26448.399999999998
2025-10-04T19:15:38,2547592.357,1286478.9327,3882918.3586,24659.438
2025-10-04T21:20:17,2544794.3198,1190709.7014,3774414.5151,35999.426
2025-10-04T23:06:33,2539480.4694,1161459.3536,3772166.9025,13896.170999999998
2025-10-05T00:19:55,2631254.883,1214817.6251,3718748.0877,10600.24
2025-10-05T01:15:46,2445649.9175,1202858.2404,3746990.7871,13537.261
2025-10-05T02:23:12,2345508.4819,1224374.5646,3742264.3575999998,10862.261
2025-10-05T03:14:51,2316664.9726,1221332.2597999999,3717442.1349,8939.261
2025-10-05T04:19:27,2309133.1931,1217217.6503,3730844.2979,8939.261
2025-10-05T05:15:53,2293436.6745,1218414.754,3726516.8331,8939.261
2025-10-05T06:16:21,2260463.5085,1273020.8276,3780589.6576,8939.261
2025-10-05T07:13:17,1995646.7653,1278250.9077,3735788.2967,23939.261
2025-10-05T08:30:35,1837304.9569,1263395.1476,3828569.861,21553.6921
2025-10-05T09:20:28,1697709.7791,1262001.3319,3747317.9104999998,22740.952100000002
2025-10-05T10:14:28,1679615.4553,1189085.8962,3582428.5088,22740.952100000002
2025-10-05T11:15:08,1626416.3415,1103507.1685,3437243.6452,22740.952100000002
2025-10-05T12:18:34,1569600.8991,1029299.9069,3214532.911,22740.952100000002
2025-10-05T13:13:47,1496995.099,978590.3025999999,3062978.4854,21826.2071
2025-10-05T14:22:01,1427784.7181,927393.2559,2901460.2348,35826.2071
2025-10-05T15:12:56,1378988.0409,892780.1056,2832244.0567,33263.2071
2025-10-05T16:17:23,1335993.3394,850409.9139,2700327.4269,21826.2071
2025-10-05T17:14:25,1284920.2891,847584.6134,2624232.1606,21826.2071
2025-10-05T18:15:37,1242016.6653,810499.5016,2492751.6715,21826.2071
2025-10-05T19:14:26,1238804.0721,835912.438,2409147.23,21826.2071
2025-10-05T21:14:58,1190536.1546,775708.0872,2246411.9908,21826.2071
2025-10-05T23:01:04,1170238.6373,751731.1115,2172693.4014,22556.343100000002
2025-10-05T23:38:04,1166310.4666,748247.1357,2155501.7808,22556.343100000002
2025-10-06T00:20:30,1164769.2567,761652.4057,2151278.0128,22556.343100000002
2025-10-06T01:17:31,1157023.4113,769511.1242,2128847.4296,22556.343100000002
2025-10-06T02:26:34,1180279.0463,768730.3865,2106098.9615,22556.343100000002
2025-10-06T03:18:44,1195661.2123,766884.3685,2187892.6003,55256.3431
2025-10-06T04:23:21,1188634.4871,764902.5332,2218420.1897,50258.943100000004
2025-10-06T05:21:14,1176909.4479,761597.2457,2225953.0654,21826.2071
2025-10-06T06:19:16,1235531.3003,763306.5326,2342027.5962,68054.6761
2025-10-06T07:15:32,1415441.125,785003.0459,2537847.7087,50004.1901
2025-10-06T08:35:23,1958790.2717,797461.4786,3007622.9724,53193.4011
2025-10-06T09:28:03,2195740.0128,757082.0085,3158428.2803,31811.6671
2025-10-06T10:18:02,2309647.4492,765289.9242,3214982.4715,26015.7111
2025-10-06T11:18:07,2397643.747,773757.8803,3274135.5997,17388.2661
2025-10-06T12:21:35,2224767.0871,798335.1644,3301928.9535,12086.698100000001
2025-10-06T13:16:16,2028740.3241,789669.1709,3266031.5155,37901.5421
2025-10-06T14:25:21,1862573.5998,779686.6453,3301594.023,34517.8299
2025-10-06T15:24:55,1873229.316,863635.4891,3230760.4396,31575.2869
2025-10-06T16:19:28,1795236.8551999999,934819.558,3195121.1552,26507.9643
2025-10-06T17:15:37,1650471.2262,945169.0597,3119135.9993,22988.8219
2025-10-06T18:15:38,1658925.0085,1019502.8152,3019882.2056,20647.5557
2025-10-06T19:15:46,1556970.4195,1032591.4134,2914834.8697,14743.709
2025-10-06T21:13:28,1387191.4843,1008182.8527,2693123.0263,10557.7064
2025-10-06T22:56:45,1316504.4374,993396.8430999999,2627497.1315,10337.6661
2025-10-06T23:30:31,1365178.5219999999,988348.4016,2639928.1164,10337.6661
2025-10-07T00:21:04,1356444.853,970383.8771,2625636.6231,10337.6661
2025-10-07T01:16:56,1342240.0219,1017817.785,2622498.0546,10337.6661
2025-10-07T02:25:59,1363435.504,1020002.6633,2601553.2283,10337.6661
2025-10-07T03:17:29,1358368.8378,1018196.6835,2601957.1684,10337.6661
2025-10-07T04:23:37,1346628.2071,1015618.8994,2663522.1502,10337.6661
2025-10-07T05:19:03,1329816.6422000001,1023534.0708,2734339.873,35174.6361
2025-10-07T06:18:31,1407830.3724,1011242.5619,2701818.1179,49232.6361
2025-10-07T07:15:11,1510388.0476,1075126.0827,2815829.6689,43832.6661
2025-10-07T08:35:28,2046365.4035,1061927.1222,3297033.6728,32222.971100000002
2025-10-07T09:28:48,2339373.0952,1121922.1567,3446194.4688,16313.2071
2025-10-07T10:18:22,2304329.0303,1101712.0322,3496890.6111,13429.2071
2025-10-07T11:19:27,2123586.2475,1073439.886,3500478.3013999998,11228.2071
2025-10-07T12:21:28,1979262.6707000001,1023023.1278,3450010.3252,7608.2371
2025-10-07T13:15:43,1791962.8689000001,992622.2657,3363698.9186,7137.2371
2025-10-07T14:25:21,1715823.6771,1026980.8234,3340249.8004,17586.454100000003
2025-10-07T15:14:22,1722527.7958,1052522.0189,3222573.9526,15004.2311
2025-10-07T16:19:10,1722968.693,1044943.0751,3100659.0237000003,12209.037100000001
2025-10-07T17:15:17,1664857.979,1044789.2879,2987367.1981,10037.678100000001
2025-10-07T18:16:30,1711098.6737,1043353.6817,2944077.614,8877.1251
2025-10-07T19:15:55,1644065.9095,1057007.385,2864659.7314,8877.1251
2025-10-07T21:13:07,1596795.5157,972913.5597,2510085.7613,7689.8651
2025-10-07T22:57:03,1515239.9693,971861.0066,2279774.4034,22689.865100000003
2025-10-07T23:29:49,1521537.8303,958473.2363,2242475.4215,22689.865100000003
2025-10-08T00:20:59,1568972.4336,987998.1525,2234589.6875,22689.865100000003
2025-10-08T01:17:15,1522339.3776,979711.2495,2191321.5446,22689.865100000003
2025-10-08T02:25:52,1481284.1696,978464.556,2138852.5478,22459.2591
2025-10-08T03:17:55,1453932.007,589090.1709,1473119.233,22459.2591
2025-10-08T04:23:46,1451463.8773,975305.36,2234090.519,69877.2291
2025-10-08T05:19:13,1466398.1856,971587.3061,2249827.7678,52522.1571
2025-10-08T06:18:30,1456065.251,1002493.259,2198339.975,109304.5461
2025-10-08T07:15:14,1542681.8926,987392.8754,2079511.0435,98374.8701
2025-10-08T08:35:30,2121708.636,1027513.2154999999,2542916.0873000002,83964.9011
2025-10-08T09:28:59,2302223.2776,1017780.2646,2667906.5747,84109.8245
2025-10-08T10:18:07,2354818.7673,968946.1065,2567778.0228,65962.6051
2025-10-08T11:18:52,2391205.2654,960441.4543,2468806.1284,58767.630099999995
2025-10-08T12:24:06,2392956.7752,924534.5241,2400247.3837,50920.6971
2025-10-08T13:15:59,2259068.3537,884287.376,2380626.4221,44440.9571
2025-10-08T14:25:42,2039028.312,832365.5037,2226099.8296,36400.221099999995
2025-10-08T15:14:11,1907972.7143,859378.8046,2159263.7935,13610.377100000002
2025-10-08T16:19:41,1813384.0038,871300.5924,2070469.9988,41037.496100000004
2025-10-08T17:16:22,1687890.6667,981840.9667,1950216.6672,38124.8671
2025-10-08T18:16:37,1529923.3038,975089.9895,1931821.1354,34787.4343
2025-10-08T19:15:55,1407493.7142,938217.7618,1901295.6266,29911.8832
2025-10-08T21:13:58,1258199.4739,863416.1584000001,1658331.2632,21706.017400000004
2025-10-08T22:59:39,1375920.6671,838297.9687,1616259.682,13742.0421
2025-10-08T23:34:46,1368261.6417,815715.3756,1600573.7957,11343.388900000002
2025-10-09T00:20:53,1394525.1472,800838.8912,1581092.1563,11123.388900000002
2025-10-09T01:18:03,1379881.6799,797072.0795999999,1571299.8988,11123.388900000002
2025-10-09T02:26:45,1363291.5264,793050.0683,1549922.9296,11123.388900000002
2025-10-09T03:17:09,1379698.2677,788269.5187,1539992.5699,11037.4961
2025-10-09T04:23:26,1374522.2819,784910.5514,1549827.8581,11037.4961
2025-10-09T05:18:54,1366404.9132,788743.3934,1566496.9533,11037.4961
2025-10-09T06:19:21,1439804.721,763878.3476,1585307.3534,9356.5681
2025-10-09T07:15:27,1590617.8090000001,846925.4484,1688001.8692,6833.9331
2025-10-09T08:35:02,1893195.4242,888707.9112,1889640.4748,35629.197100000005
2025-10-09T09:29:26,2026844.3926,863272.5715,1967484.6282,66548.7381
2025-10-09T10:18:17,2092976.2704,865653.9065,1967473.6489,61875.144100000005
2025-10-09T11:30:42,2070216.6416,778224.0439,1960877.72,55844.2601
2025-10-09T12:23:09,1962911.7463,743264.9158,1968891.6254,55844.2601
2025-10-09T13:16:37,1772658.6079,708870.5538,1858842.6211,55844.2601
2025-10-09T14:24:55,1704713.821,691239.7376,1741523.3527,55544.2601
2025-10-09T15:15:21,1705397.3899,701423.3519,1707233.2552,70333.2601
2025-10-09T16:19:57,1584838.4882,658854.4601,1682474.0056,66290.2601
2025-10-09T17:15:58,1641533.9422,715647.0786,1638342.7111,61446.000100000005
2025-10-09T18:16:25,1532530.0835,672071.597,1709056.2698,82384.0001
2025-10-09T19:15:52,1514421.061,669639.7481,1640142.3119,79383.0001
2025-10-09T21:14:09,1454316.1135,614770.6064,1536517.6669,107063.2601
2025-10-09T22:59:53,1384320.5303,605435.5644,1449567.4654,102283.6541
2025-10-09T23:35:45,1383623.005,611870.4644,1449354.9252,100410.6541
2025-10-10T00:20:37,1373469.3556,629168.1683,1430272.7512,96625.6541
2025-10-10T01:17:59,1364767.3553,640186.3313,1432779.5742,96223.6541
2025-10-10T02:26:12,1359334.6126,637583.4717,1452175.1616,79302.6541
2025-10-10T03:17:07,1375592.7102,637544.8032,1442608.8639,79302.6541
2025-10-10T04:23:08,1361917.8117,635504.3004,1434312.8763000001,79302.6541
2025-10-10T05:19:53,1350871.612,631150.7024,1423954.0761,79302.6541
2025-10-10T06:18:52,1383956.6486,610371.5408,1483128.9845,112473.6541
2025-10-10T07:16:17,1526296.614,616275.8483,1564668.3388,79302.6541
2025-10-10T08:35:19,1963093.8099,669400.1275,1607304.1046,32771.3231
2025-10-10T09:27:02,2022246.385,671881.728,1687509.6495,62994.6471
2025-10-10T10:17:58,1967099.1129,638068.6661,1709000.9758,60625.6471
2025-10-10T11:17:43,2101647.1934,642198.0063,1751946.4745,56718.6471
2025-10-10T12:21:46,1964438.8188,658999.0181,1744691.7792,54499.6471
2025-10-10T13:15:59,1863870.6784,652099.8937,1647003.6728,51027.6471
2025-10-10T14:24:40,1776905.1619,645215.5293,1587634.5094,46481.5311
2025-10-10T15:14:17,1729726.3436,690214.4159,1491202.5911,43002.5311
2025-10-10T16:19:03,1558408.6147999999,697980.0167,1413497.0096,41403.5311
2025-10-10T17:15:02,1592920.9801999999,677593.2611,1372004.7731,38223.5311
2025-10-10T18:15:57,1609582.9275,750999.8217,1342910.6614,79105.54209999999
2025-10-10T19:16:03,1491360.9527,733980.841,1331226.7874,57452.3611
2025-10-10T21:11:26,1342706.3547,667440.3997,1204388.7228,46976.8391
2025-10-10T22:53:16,1339158.9371,653073.019,1134101.8951,43863.4111
2025-10-10T23:26:00,1362524.2669,645537.6313,1140588.328,44346.7351
2025-10-11T00:19:43,1418883.2347,688991.3518000001,1121935.7978,44346.7351
2025-10-11T01:16:14,1399672.3423,688568.7089,1123780.911,20346.735099999998
2025-10-11T02:23:02,1400909.5060999999,683995.735,1100224.8225,20346.735099999998
2025-10-11T03:15:01,1381299.057,682069.1579,1109719.5448,20346.735099999998
2025-10-11T04:20:01,1363725.6176,679345.8361,1184629.5018,20346.735099999998
2025-10-11T05:16:11,1367702.4444,675413.4433,1211822.8912,13743.735100000002
2025-10-11T06:16:26,1427376.2707,667436.9167000001,1164627.7431,42577.985100000005
2025-10-11T07:13:55,1586725.5296,700625.1357,1164474.8503,38539.6911
2025-10-11T08:30:46,1765187.2341,724799.0816,1333817.8299,64602.8211
2025-10-11T09:20:53,2013051.6016,720693.3346,1449832.4077,62914.425
2025-10-11T10:14:24,2163882.226,692623.4563,1480107.7903,50574.872
2025-10-11T11:14:43,2240756.2393,709178.9190999999,1702126.4723,28484.589
2025-10-11T12:18:42,2178706.5317,770332.7116,1739598.6267,24937.304
2025-10-11T13:14:11,2033845.7637,748869.6965,1746050.3809,22759.217
2025-10-11T14:20:29,1841837.5543,703804.4726,1784589.9744,19560.929
2025-10-11T15:13:10,1773502.2767,696457.4834,1728527.4536000001,17215.569
2025-10-11T16:16:58,1687283.6436,663891.5203,1619831.0211,13896.569
2025-10-11T17:14:39,1596427.9097,663881.1923999999,1507057.4911,9609.569
2025-10-11T18:15:17,1548385.6773,653367.3493,1358034.3366,7424.5689999999995
2025-10-11T19:15:34,1469684.1022,606246.1125,1341439.5936,7424.5689999999995
2025-10-11T21:17:16,1380629.3383,536279.2305,1238941.5694,7735.569000000001
2025-10-11T23:01:38,1430829.7658,512290.0883,1168832.7974,7535.569000000001
2025-10-11T23:38:14,1447610.5102,506981.6115,1128705.6357,7424.5689999999995
2025-10-12T02:22:52,1476045.2922,503247.9255,1099670.5714,7424.5689999999995
2025-10-12T03:15:53,1480688.6972,499063.46520000004,1070607.222,7424.5689999999995
2025-10-12T04:20:37,1448179.1512,500295.7308,1044765.8079,7424.5689999999995
2025-10-12T05:16:18,1427286.9389,540491.575,1042542.4522,7424.5689999999995
2025-10-12T06:16:12,1412822.6186,533208.8929,1017318.3036,7424.5689999999995
2025-10-12T07:13:19,1402428.4454,568029.5148,929708.8988,6941.245000000001
2025-10-12T08:31:22,1453495.7698,601243.2158,994921.5927,7252.245000000001
2025-10-12T09:21:20,1397657.1522,569486.0242,929263.991,13463.245
2025-10-12T10:14:52,1320926.0218,526340.9753,886929.9091,13463.245
2025-10-12T11:15:49,1258129.9058,485394.51279999997,853797.319,13463.245
2025-10-12T12:19:10,1177287.3011,450722.546,846265.8207,13463.245
2025-10-12T13:14:05,1135836.5208,428007.6502,818685.4351,13463.245
2025-10-12T14:22:08,1090376.047,404243.03010000003,787727.1098,13463.245
2025-10-12T15:13:28,1062590.6291,389492.3917,762474.1967,13463.245
2025-10-12T16:17:43,1044223.9053,371249.0423,746234.7601,13463.245
2025-10-12T17:15:03,1022166.714,355014.7215,721516.7825,13463.245
2025-10-12T18:15:16,1016900.2562,336922.4391,711114.0501,13463.245
2025-10-12T19:15:13,990065.3935,319510.3515,695496.6291,13463.245
2025-10-12T21:18:59,980039.949,293772.6242,664541.1427,13463.245
2025-10-12T23:08:41,963795.6052,284603.0975,678528.4264,13463.245
2025-10-13T00:21:04,982187.1656,281658.2605,677017.1886,13463.245
2025-10-13T01:18:25,980517.0814,280138.1268,673718.5858,13463.245
2025-10-13T02:28:09,979941.1958,279835.6846,669420.1245,13463.245
2025-10-13T03:18:53,1003646.4696,279389.6444,679670.762,13463.245
2025-10-13T04:25:03,1001175.4887,278350.3487,676551.4819,13463.245
2025-10-13T05:21:22,999959.9534,277527.0085,673466.1242,13463.245
2025-10-13T06:21:22,1046435.8304,273230.8613,725734.2665,14650.505000000001
2025-10-13T07:15:51,1059591.2436,266126.4666,879862.4359,14650.505000000001
2025-10-13T08:35:48,1372742.933,317108.9566,1185899.0343,14650.505000000001
2025-10-13T09:29:12,1634673.7863,420343.1995,1344235.8904,8439.505000000001
2025-10-13T10:18:54,1694101.4951,433002.9936,1363782.8205,8339.505000000001
2025-10-13T11:17:58,1611008.458,476090.3559,1425446.159,8339.505000000001
2025-10-13T12:21:21,1570405.9534,491116.1519,1407917.4683,8339.505000000001
2025-10-13T13:16:07,1640256.83,470727.5625,1401687.9812,28339.504999999997
2025-10-13T14:24:03,1528170.9671,420441.92,1352489.4219,25609.604
2025-10-13T15:14:18,1487407.4388,440092.697,1417879.2434,23508.394
2025-10-13T16:20:03,1440008.3867,424932.5763,1474615.6699,20133.453
2025-10-13T17:15:37,1330747.5342,490184.2986,1446362.3273,17769.342
2025-10-13T18:16:27,1359739.1072,526853.8618,1544395.8802,14783.877
2025-10-13T19:15:53,1303810.4984,571665.8393,1500153.985,11704.508000000002
2025-10-13T21:14:20,1161778.3266,535956.4874,1492502.1448,8435.435000000001
2025-10-13T23:00:23,1101392.1935999999,477665.8618,1277988.1097,8435.435000000001
2025-10-13T23:36:37,1124445.635,468162.434,1238402.5501,8435.435000000001
2025-10-14T00:21:25,1122939.8391,498446.5735,1208500.3835,8435.435000000001
2025-10-14T01:17:27,1227320.6646,488441.4583,1143615.053,8435.435000000001
2025-10-14T02:26:36,1217723.0898,480992.9625,1123873.1994,8435.435000000001
2025-10-14T03:18:38,1230332.4291,477158.02270000003,1180672.0433,8435.435000000001
2025-10-14T04:21:55,1244647.1382,474117.4324,1225514.5603,8435.435000000001
2025-10-14T05:19:37,1264144.0974,471161.4645,1213233.6524,8435.435000000001
2025-10-14T06:19:07,1298084.2565,459233.08,1253772.9347,8746.435000000001
2025-10-14T07:15:42,1427029.1101,505775.6885,1248014.3889,8746.435000000001
2025-10-14T08:37:28,1537447.1911,518197.9271,1850104.0194,8746.435000000001
2025-10-14T09:29:56,1614587.5963,610199.5442,1908816.2639,8746.435000000001
2025-10-14T10:18:43,1694024.8582,582917.1758,2021685.1056,8746.435000000001
2025-10-14T11:20:07,1645008.5208,560907.4714,2029672.8561,8746.435000000001
2025-10-14T12:22:33,1532952.3693,534232.3454,1912654.885,8746.435000000001
2025-10-14T13:15:54,1475305.8166,512698.4586,1801637.2414,8746.435000000001
2025-10-14T14:25:49,1455879.6114,519944.4925,1743281.3956,8746.435000000001
2025-10-14T15:14:42,1507736.1638,519360.1171,1710124.3663,8746.435000000001
2025-10-14T16:19:20,1513992.9685,571342.2760000001,1634251.8979,8746.435000000001
2025-10-14T17:15:44,1499218.9939,599345.9525,1721345.2503,8746.435000000001
2025-10-14T18:16:56,1517553.0715,633288.2945,1605822.5044,8746.435000000001
2025-10-14T19:15:50,1437480.6966,635419.5565,1520134.7147,8746.435000000001
2025-10-14T21:16:19,1302891.052,554885.0577,1486757.0206,26106.722700000002
2025-10-14T23:03:51,1244032.1473,518020.8485,1379521.8482,38041.3009
2025-10-15T00:20:54,1096446.9577,520245.2403,1307596.1301,27284.766
2025-10-15T01:17:53,1112125.6655,515960.989,1345416.1537,20779.1478
2025-10-15T02:26:08,1085606.1365,513595.70759999997,1352259.6546,8695.354
2025-10-15T03:18:11,1080295.6083,512029.0347,1318806.3585,7137.207
2025-10-15T04:24:24,1115792.3628,510160.9997,1320031.4187,7137.207
2025-10-15T05:19:35,1122994.2904,507960.55079999997,1350230.3564,32165.207000000002
2025-10-15T06:19:47,1116491.4704,499653.4863,1417012.1782,7137.207
2025-10-15T07:16:10,1174765.2119,515022.6338,1606507.4372,37929.442
2025-10-15T08:37:07,1495054.6238,538468.9894,2099502.5753,53084.637
2025-10-15T09:31:14,1598695.9659,578696.8775,2114510.72,42131.755000000005
2025-10-15T10:19:22,1550767.5103,588572.6672,2137417.2088,34973.927
2025-10-15T11:18:11,1486758.6099999999,595728.8086,2095083.0986000001,31968.927
2025-10-15T12:19:23,1490395.9892,593723.5726,1971056.0896,28701.927
2025-10-15T13:16:26,1356951.8521,540647.4008,1866424.2536,28562.927
2025-10-15T14:25:57,1338608.5763,517788.3669,1768918.344,28562.927
2025-10-15T15:14:42,1337666.9658,638927.1692,1629157.3498,28562.927
2025-10-15T16:20:33,1407933.6594,642079.1766,1510189.738,28562.927
2025-10-15T17:16:12,1438487.0963,624220.6851,1480073.0491,28562.927
2025-10-15T18:15:13,1353513.3619,586497.717,1374991.3754,28562.927
2025-10-15T19:16:07,1375216.2324,577288.2338,1382756.0502,28562.927
2025-10-15T21:15:22,1232355.5126,505615.6658,1263337.9794,28562.927
2025-10-15T23:02:32,1170021.6561,517267.8493,1199481.6063,28562.927
2025-10-16T00:20:51,1152341.2617,523415.7903,1235126.3736,28562.927
2025-10-16T01:17:57,1130429.1231,520735.7044,1264368.9343,28562.927
2025-10-16T02:26:02,1137506.4155,517355.872,1248728.5326,28562.927
2025-10-16T03:18:14,1150151.2105,516868.6571,1265666.679,28562.927
2025-10-16T04:24:41,1137694.7536,515741.8176,1338946.7124,28562.927
2025-10-16T05:19:50,1153304.0856,513565.9203,1364242.4947,51308.926999999996
2025-10-16T06:20:15,1196824.0628,511752.5136,1432304.3058,46435.927
2025-10-16T07:15:58,1368330.4378,503265.3037,1560911.6496,39586.9272
2025-10-16T08:37:27,1790485.7668,544995.3531,1973856.2149,19302.927200000002
2025-10-16T09:30:00,1854205.3445000001,619415.8875,2295015.0095,18443.9272
2025-10-16T10:19:07,1845259.3278,631991.4102,2287073.7322,15427.9272
2025-10-16T11:19:22,1693939.557,602552.5227,2346977.5953,12477.9272
2025-10-16T12:23:00,1566865.22,622673.7509999999,2294350.1579,8656.9272
2025-10-16T13:16:14,1438614.6385,592082.7888,2096013.6584,7137.207200000001
2025-10-16T14:24:51,1376363.9071,567653.7623,2081596.0813,6937.207200000001
2025-10-16T15:14:03,1346371.4648,561668.8897,1994970.3918,6826.207200000001
2025-10-16T16:20:03,1423455.5889,543090.3053,1956283.1313,6826.207200000001
2025-10-16T17:16:00,1355033.1344,581913.3772,1861461.1487,6826.207200000001
2025-10-16T18:14:40,1335300.4435,562510.9004,1792475.6631,6826.207200000001
2025-10-16T19:15:41,1251080.4573,625997.903,1657959.0849,6826.207200000001
2025-10-16T21:15:03,1140540.3262,616237.9899,1437339.3239,8319.2792
2025-10-16T23:01:26,1132970.9579,580473.0337,1311377.4046,8319.2792
2025-10-16T23:38:33,1132334.5634,573850.9461,1389670.3351,8319.2792
2025-10-17T00:21:15,1128673.5745,616855.5618,1361801.5694,8319.2792
2025-10-17T01:17:16,1123941.4851,616163.3878,1319246.7031,8319.2792
2025-10-17T02:26:14,1094185.2056,613638.1585,1292412.0074,8319.2792
2025-10-17T03:18:05,1078527.2464,613676.7678,1350702.2941,8319.2792
2025-10-17T04:23:39,1121605.5943,612018.149,1371561.7867,8319.2792
2025-10-17T05:19:50,1123768.0927,609146.0727,1428133.2898,23119.2792
2025-10-17T06:19:12,1100025.5591,633941.9732,1397915.1802,40023.278999999995
2025-10-17T07:15:31,1238601.7221,694264.4224,1465706.6675,49697.279
2025-10-17T08:35:22,1612447.1538,706907.9127,1781878.4856,26736.279000000002
2025-10-17T09:27:22,1789087.4006,812280.2028,1979908.5945,29926.279000000002
2025-10-17T10:18:08,1700226.172,789089.3574,2040448.8835,24145.279000000002
2025-10-17T11:18:40,1744857.5388,742625.4114,2172172.2322,37192.279
2025-10-17T12:21:25,1743793.1222,750020.0054,1965538.9832,29443.9941
2025-10-17T13:15:36,1595155.8554,759077.4737,1880184.4985,22629.0183
2025-10-17T14:22:17,1438011.9242,738991.6714,1895650.6281,30247.047899999998
2025-10-17T15:14:33,1401176.0385,746968.7831,1867342.7367,24229.735099999998
2025-10-17T16:19:37,1307982.6492,746780.8879,1777136.8403,21418.1741
2025-10-17T17:16:02,1413023.4833,782750.9502,1702990.9091999999,16836.4651
2025-10-17T18:16:14,1443824.5862,788921.2938,1670774.5131,11954.920100000001
2025-10-17T19:15:45,1387729.8373,787352.714,1635122.8413,11954.920100000001
2025-10-17T21:11:37,1255519.2457,764487.4478,1452371.3249,10604.5977
2025-10-17T22:54:10,1214102.89,748522.2533,1294277.0872,9658.7859
2025-10-17T23:27:45,1237291.5792,759153.9234,1276242.0157,9658.7859
2025-10-18T00:19:49,1198421.2838,811492.7871,1291269.8204,9658.7859
2025-10-18T01:16:47,1176294.9087,826207.6581,1281678.4622,9658.7859
2025-10-18T02:23:34,1145962.112,821000.7296,1235985.2045,9658.7859
2025-10-18T03:15:33,1138562.7731,817512.8275,1263675.7464,9658.7859
2025-10-18T04:21:17,1148810.5464,815181.6161,1350293.4096,29458.7859
2025-10-18T05:16:56,1175240.8753,827973.1979,1367324.3171,52534.7859
2025-10-18T06:16:54,1208621.6108,812939.2655,1408208.1067000001,45315.7859
2025-10-18T07:14:01,1223102.1556,902803.8889,1405216.5701,39610.7859
2025-10-18T08:31:35,1566296.1534,1000498.8548,1566103.1076,21864.989999999998
2025-10-18T09:22:04,1789122.0595,1086557.5426,1662956.3274,19158.989999999998
2025-10-18T10:14:51,1921465.2292,1135708.875,1729672.2281,15828.99
2025-10-18T11:15:32,1920411.8774,1286809.4744,1821866.3729,11499.99
2025-10-18T12:19:52,1921833.4718,1287796.2623,1893287.2744,8803.99
2025-10-18T13:13:53,1943301.737,1259888.3421,1860147.02,7947.527
2025-10-18T14:21:42,1783887.9254,1262312.59,1801528.044,14098.117
2025-10-18T15:13:26,1589229.9973,1183769.9808,1751362.3785,11686.946
2025-10-18T16:17:41,1419737.6371,1164706.583,1668547.2133,8460.130000000001
2025-10-18T17:14:43,1287501.0865,1105020.6589,1599458.9841,8458.1
2025-10-18T18:15:27,1193318.0731,1044894.4073,1487887.8093,8458.1
2025-10-18T19:15:42,1215092.4912,973795.0951,1358736.4775,8458.1
2025-10-18T21:23:35,1263304.8113,869288.699,1225021.5177,8458.1
2025-10-18T23:15:08,1236189.9174,802142.0277,1308235.8503999999,8458.1
2025-10-19T00:21:31,1241318.4336,811388.3158,1243333.3321,8458.1
2025-10-19T01:17:08,1184327.4799,800066.0251,1233604.265,8458.1
2025-10-19T02:24:36,1181786.0004,797109.3793,1230068.9224999999,8458.1
2025-10-19T03:15:53,1165619.0924,796663.983,1224259.5004,8458.1
2025-10-19T04:20:07,1164107.1693,796350.7396,1219662.3776,8458.1
2025-10-19T05:16:29,1163292.6608,786249.3183,1217723.8773,8458.1
2025-10-19T06:16:53,1266716.8702,802368.7052,1212102.3307999999,8458.1
2025-10-19T07:13:47,1292775.7646,807770.843,1216445.6073,8458.1
2025-10-19T08:32:09,1204327.9673,843570.1041,1189880.0159,8211.1
2025-10-19T09:22:27,1249662.582,944247.4975,1186865.5722,33712.1
2025-10-19T10:15:05,1249324.8562,939862.5739,1173241.4738,33712.1
2025-10-19T11:16:05,1248211.8434,935293.7553,1158864.0268,33712.1
2025-10-19T12:19:26,1248095.5453,930842.2489,1144841.9594999999,33712.1
2025-10-19T13:14:46,1247436.9735,927409.1661,1135131.4197,33712.1
2025-10-19T14:22:24,1242593.1678,924672.9675,1125071.5657,33712.1
2025-10-19T15:13:53,1242593.1678,922677.8391,1117549.5493,33712.1
2025-10-19T16:18:34,1241974.4015,919060.4866,1099307.6811,33712.1
2025-10-19T17:15:16,1240379.4026,915358.8892,1092513.6865,33712.1
2025-10-19T19:15:51,1221119.9759,906037.1706,1072346.2686,33712.1
2025-10-19T21:20:46,1177229.4162,829798.1332,988411.5838,33712.1
2025-10-19T23:14:27,1145227.5537,789328.0629,943139.0909,33712.1
2025-10-20T00:24:20,1142949.1612,776659.2686,927370.3929,33712.1
2025-10-20T01:18:41,1271870.3981,778161.8763,1003101.252,33712.1
2025-10-20T02:27:38,1257114.9102,772174.2759,907265.7653,33712.1
2025-10-20T03:18:35,1247071.6705,769300.6942,897696.0927,33712.1
2025-10-20T04:24:14,1239986.935,766631.9794,886496.1204,33712.1
2025-10-20T05:21:00,1233674.7651,762957.666,945420.801,33712.1
2025-10-20T06:20:29,1239473.4287,747691.6688,1030874.0244,33712.1
2025-10-20T07:15:59,1208264.5972,774866.9426000001,1099616.6979,33712.1
2025-10-20T08:36:49,1463498.998,739449.257,1323897.6469,8522.1
2025-10-20T09:28:33,1607151.5477,740708.0424,1431517.8822,8522.1
2025-10-20T10:17:32,1738249.5446,670182.3635,1464841.2493,8522.0825
2025-10-20T11:18:30,1793451.0008,644749.9564,1410145.7082,22522.1
2025-10-20T12:22:30,1688293.2081,629573.5698,1385326.7844,18681.1
2025-10-20T13:15:53,1620838.2617,650484.38,1338857.681,14479.1
2025-10-20T14:26:10,1588269.4958,650048.0288,1319415.1634,8348.1
2025-10-20T15:15:20,1514056.6026,704073.291,1333616.4906,6836.207
2025-10-20T16:20:56,1485439.2929,754315.0343,1359126.2744,6826.207
2025-10-20T18:16:34,1609425.4584000001,822609.3354,1592211.2027,19817.207000000002
2025-10-20T19:16:21,1530531.785,785067.3752,1530476.3838,14209.947
2025-10-20T21:17:24,1405903.9629,787918.2969,1343953.0445,5638.947
2025-10-20T23:05:20,1412703.5058,768176.6256,1261027.5367,5638.947
2025-10-21T00:21:19,1415037.9332,783887.6392,1267792.5384,32006.947
2025-10-21T01:17:55,1272409.1919,780314.6150999999,1261543.0907,29568.947
2025-10-21T02:26:59,1267119.1177,779070.7767,1320835.0482,25057.947
2025-10-21T03:18:51,1264347.7355,777838.4944,1319093.1691,22186.947
2025-10-21T04:25:01,1258260.4449,776505.5746,1289366.2873,19744.947
2025-10-21T05:19:49,1250058.4378,774285.7731999999,1304837.9822,5638.947
2025-10-21T06:19:32,1135771.7257,687603.6512,1291847.6148,5638.947
2025-10-21T07:15:40,1280761.1159,697056.1846,1414484.6998,17466.207000000002
2025-10-21T08:37:04,1510022.6298,733895.9754,1733969.5046,18967.557
2025-10-21T09:32:59,1490232.9247,774094.5565,1757754.8524,18967.557
2025-10-21T10:17:06,1475283.3216,750940.5795,1656799.4395,18967.557
2025-10-21T11:19:09,1477319.4464,769062.9712,1681035.9214,18967.557
2025-10-21T12:22:59,1469292.3684,790592.8265,1712406.7119,18967.557
2025-10-21T13:17:21,1416111.309,795798.0012,1625486.6396,18967.557
2025-10-21T14:24:31,1283047.268,754022.7726,1608796.9739,18967.557
2025-10-21T15:15:49,1180695.2825,710319.2686,1631682.807,18967.557
2025-10-21T16:21:03,1126301.5532,748239.6843,1785184.0463,18967.557
2025-10-21T17:16:40,1106898.8605,773973.0366,1718528.5534,52967.557
2025-10-21T18:17:03,1098144.8723,788766.0642,1659834.3212,49586.557
2025-10-21T19:17:25,1106561.8225,759995.7106,1627856.1162999999,18967.557
2025-10-21T21:18:30,1110836.1754,702936.5286,1510838.2051,25040.951
2025-10-21T23:10:09,1102534.6202,664597.5395,1450820.4648,18736.951
2025-10-22T00:21:25,1112245.1131,670674.7657,1456580.5718,18967.557
2025-10-22T01:18:30,1086067.8411,668726.4829,1439536.5737,18967.557
2025-10-22T02:27:10,1076877.4816,666913.5102,1412099.9361999999,18967.557
2025-10-22T03:18:06,1079622.9682,658300.2527,1383631.5827,18967.557
2025-10-22T04:26:09,1067286.626,660464.1182,1374091.5763,18967.557
2025-10-22T05:20:48,1049283.9015,653763.6282,1374836.4015,18967.557
2025-10-22T06:20:22,1093314.8889,652758.11,1526706.9435,18967.557
2025-10-22T07:16:16,1165765.8189,666421.7343,1629681.4435,7140.2970000000005
2025-10-22T08:37:21,1390535.5336,668380.0684,2008521.1354,7140.2970000000005
2025-10-22T09:33:13,1486396.698,655680.3472,2040045.8371000001,8588.809
2025-10-22T10:19:38,1557201.9943,653662.8392,2102023.2056,7734.674
2025-10-22T11:18:42,1462590.8143,737367.3798,2186112.7471,7398.459
2025-10-22T12:23:44,1402365.9621000001,726934.135,2157811.5129,7398.459
2025-10-22T13:17:18,1345243.6486,693372.6796,2071257.6463,8550.151
2025-10-22T14:27:28,1231268.002,700919.9983,1921420.7125,25056.150999999998
2025-10-22T15:14:20,1168502.3507,737360.6731,2158398.7526000002,34387.151
2025-10-22T16:21:37,1169886.8263,753298.9579,2030171.7498,28805.2774
2025-10-22T17:14:08,1128345.8694,774215.7642,1949043.0667,11116.7048
2025-10-22T18:14:54,1066500.3485,736201.4517,1996180.1654,8350.151
2025-10-22T19:15:33,1035636.3664,742750.2485,2049721.8257,8239.151
2025-10-22T21:17:06,948648.6593,707144.0671,1856646.4495,40559.151
2025-10-22T23:03:10,930426.9794,678521.5291,1809076.3294,34871.151
2025-10-23T00:21:18,913413.4522,683386.9720000001,1796766.2869,8239.151
2025-10-23T01:18:06,915887.6331,682014.5187,1752713.9977,8239.151
2025-10-23T02:26:28,930059.9069000001,678007.018,1712023.253,8239.151
2025-10-23T03:17:54,925720.5165,682057.4912,1709651.8526,8239.151
2025-10-23T04:24:16,910276.4466,681212.5739,1728538.8654,8239.151
2025-10-23T05:19:56,908585.6909,687206.4,1703608.1245,8239.151
2025-10-23T06:19:56,952715.4475,675332.8119,1826871.2709,9426.411
2025-10-23T07:16:29,1012489.7707,725945.6876,1879196.4336,9426.411
2025-10-23T08:37:13,1205563.8856,773593.446,2141276.56,9426.411
2025-10-23T09:31:10,1285427.6287,761820.8875,2195929.3683,10123.899000000001
2025-10-23T10:19:08,1286696.5787,752294.3671,2220265.3765,7977.899
2025-10-23T11:19:16,1203795.1626,720319.2139,2347440.5148,7977.899
2025-10-23T12:22:25,1106716.5245,672046.8119,2206564.9193,7977.899
2025-10-23T13:16:15,1118383.056,673669.7471,2077021.1876,7977.899
2025-10-23T14:25:35,1135681.8516,715644.4511,1980745.2701,7977.899
2025-10-23T15:14:51,1127919.6589,773563.2009,1934510.5108,7977.899
2025-10-23T16:19:16,1130323.7317000001,824518.2743,1904502.0386,6790.639
2025-10-23T17:15:56,1162560.1748,857213.3327,2059922.1807,6790.639
2025-10-23T18:16:54,1246803.4537,874845.3679,2064790.4774,6790.639
2025-10-23T19:16:16,1219194.4902,860645.7007,2071181.5475,6790.639
2025-10-23T21:13:19,1374258.7103,804141.9164,1882861.6624,7977.899
2025-10-23T22:59:46,1272384.2937,763702.6097,1778755.5078,39971.207
2025-10-23T23:36:39,1282749.1873,770353.2014,1743910.6656,38272.207
2025-10-24T00:21:17,1255473.1084,795529.7937,1712049.3388,91690.757
2025-10-24T01:17:41,1170665.9836,792094.7127,1690086.099,81035.59
2025-10-24T02:25:32,1097564.0697,789420.3085,1653821.3762,63573.826
2025-10-24T03:17:21,1055126.3893,788276.6692,1635343.8479,54526.144
2025-10-24T04:23:53,1031019.4129,785687.9012,1617735.748,26596.489
2025-10-24T05:20:00,1000500.6006,781641.8836,1592153.4774,22040.489
2025-10-24T06:20:02,1022989.6092,793704.969,1648578.2877,7807.4890000000005
2025-10-24T07:16:12,1068468.6195,821891.0004,1667675.4757,7807.4890000000005
2025-10-24T08:37:37,1317811.4201,817591.8152,2057666.327,8038.095
2025-10-24T09:29:45,1500373.815,871031.5499,2011552.2519,15016.095000000001
2025-10-24T10:18:34,1513025.3723,857273.5241,2014763.7537,40539.206999999995
2025-10-24T11:19:11,1455765.1347,834573.0763,2057183.8775,64738.148
2025-10-24T12:21:41,1468596.1392,819156.0219,1969510.4083,58693.797999999995
2025-10-24T13:16:19,1378014.8888,792310.6066,1986850.6595,52666.307
2025-10-24T14:24:51,1377837.7719,789488.1703,1939540.7754,47365.182
2025-10-24T15:15:04,1329158.014,785120.8418,1901966.4207,43115.504
2025-10-24T16:20:02,1290364.85,822898.5781,1762302.5716,38321.873999999996
2025-10-24T17:16:19,1378624.7344,813898.6836,1771223.3198,38321.873999999996
2025-10-24T18:17:05,1293961.5106,775624.9235,1685592.9016,38321.873999999996
2025-10-24T19:16:52,1220343.805,812286.6195,1715768.0296,38321.873999999996
2025-10-24T21:14:20,1142047.035,775663.4461,1662487.5968,81614.874
2025-10-24T23:01:31,1045651.6011,744791.1512,1667681.6112,86241.874
2025-10-24T23:39:16,1022728.5153,738621.4448,1685719.6368,76287.1778
2025-10-25T00:20:26,1053774.2954,722980.1188,1729899.1402,61877.269199999995
2025-10-25T01:16:40,1071154.1724,720704.1673,1684134.3592,42175.9681
2025-10-25T02:23:29,1048905.5515,717684.8996,1637913.4981,38321.873999999996
2025-10-25T03:16:57,1062846.5883,721426.2757,1616536.386,38321.873999999996
2025-10-25T04:20:33,1044559.657,719478.9614,1624916.6972999999,38321.873999999996
2025-10-25T05:16:17,1029608.3606,717104.496,1622181.2313,38321.873999999996
2025-10-25T06:17:01,1135957.6208,707368.8316,1677940.1499,26354.874000000003
2025-10-25T07:13:34,1209093.1306,735479.0746,1719763.6927,56468.874
2025-10-25T08:31:12,1677470.5565,741719.6143,2191425.9792,28409.614
2025-10-25T09:22:18,1865138.8837,824600.0708,2485508.8848,7445.6140000000005
2025-10-25T10:15:05,1919963.2277,888052.7708,2523626.9167,23232.614
2025-10-25T11:16:11,1779203.8062,929720.8508,2515085.5853999997,19854.947
2025-10-25T12:19:53,1744964.5874,903796.3688,2720932.4274999998,5949.947
2025-10-25T13:14:30,1682482.636,849614.8808,2692330.3905,47490.947
2025-10-25T14:22:25,1605133.5853,812472.3061,2676082.9475000002,64069.388
2025-10-25T15:13:42,1517270.748,804255.3268,2688939.9109,58104.704
2025-10-25T16:18:27,1419599.7486,812753.1449,2600010.1276,48946.744
2025-10-25T17:15:21,1391332.7529,814224.0258000001,2470838.6801,43443.563
2025-10-25T18:15:51,1436725.4277,796210.2079,2367105.6766,36820.426999999996
2025-10-25T19:15:33,1408585.5656,756790.8449,2339393.7063,28297.727
2025-10-25T21:21:38,1349811.3165,685373.7101,2110092.391,6784.803000000001
2025-10-25T23:09:12,1260046.5693,705241.161,2036469.3847,6784.803000000001
2025-10-26T00:20:13,1207881.4802,755233.9493,1938765.9385,6684.803000000001
2025-10-26T01:17:06,1141472.6302,746600.9743,1920637.9892,6684.803000000001
2025-10-26T02:24:24,1143803.7582,742312.2432,1915025.6502,6684.803000000001
2025-10-26T03:16:13,1134546.7284,741987.5531,1910622.3475,6684.803000000001
2025-10-26T04:21:12,1103913.3859,739751.6696,1909901.3031,6684.803000000001
2025-10-26T05:16:29,1107229.8156,758386.2667,1910407.7568,6684.803000000001
2025-10-26T06:17:24,1079985.9333,778059.5624,1954491.208,6684.803000000001
2025-10-26T07:13:48,1084216.2741,825916.3741,1880681.6044,6784.803000000001
2025-10-26T08:32:28,1014711.6559,842006.2017,1754548.2345,6884.803000000001
2025-10-26T09:22:48,975960.5094,814641.8896999999,1668576.1645,10630.063
2025-10-26T10:15:15,940488.0531,772360.377,1580252.0296,10630.063
2025-10-26T11:16:54,898090.1044,723272.7779,1476499.9538,10630.063
2025-10-26T12:20:07,828900.4537,680371.2465,1355499.2988,10630.063
2025-10-26T13:14:42,778693.3352,651143.7767,1292826.9279,20329.063000000002
2025-10-26T14:23:01,743902.1971,617601.5696,1210121.9569,16843.063000000002
2025-10-26T15:14:02,726344.9847,593422.7127,1156702.4411,10530.063
2025-10-26T16:18:56,716189.6968,562672.7087,1065764.9257,10530.063
2025-10-26T17:15:28,704893.6671,538858.3604,1043093.2779,10530.063
2025-10-26T18:16:58,715004.7042,512322.0568,1055694.7986,10530.063
2025-10-26T19:16:02,700379.8198,489277.2878,1057422.3023,10530.063
2025-10-26T21:23:22,684609.1032,446961.979,1016951.9434,10430.063
2025-10-26T23:18:52,672879.6052,446908.3405,956875.0265,5021.7395
2025-10-27T00:28:34,677003.4405,439766.3092,964617.0503,5021.7395
2025-10-27T01:19:41,676410.9105,444605.9091,955183.9824,5021.7395
2025-10-27T02:29:20,696861.0705,423335.0849,954057.6235,5021.7395
2025-10-27T03:18:43,696861.0705,422684.3786,950039.5905,5021.7395
2025-10-27T04:24:53,785566.4775,421870.6271,944907.594,5021.7395
2025-10-27T05:22:13,797746.4416,420411.3861,927536.0532,5021.7395
2025-10-27T06:21:26,895180.6683,436156.5784,1023216.2694,5021.7395
2025-10-27T07:16:48,1070470.9322,436425.1676,1181878.8581,57094.739499999996
2025-10-27T08:37:43,1608444.6833,483570.4479,1531676.8258,17270.7395
2025-10-27T09:31:06,1766643.7352,469603.0397,1782729.0871000001,40042.739499999996
2025-10-27T10:19:12,1635659.435,452526.34760000004,1758146.5635,34813.739499999996
2025-10-27T11:19:31,1520352.7029,490320.4678,1832274.1246,28341.7395
2025-10-27T12:23:26,1461745.8099,440260.71020000003,1786621.0862,20933.7395
2025-10-27T13:16:43,1420856.0251,430317.7059,1808171.5384,15401.7395
2025-10-27T14:26:01,1376082.1605,411068.4167,1803580.0387,11052.7395
2025-10-27T15:14:32,1398599.4607,443669.5266,1810955.1144,7474.1335
2025-10-27T16:17:49,1550321.4301,580510.1773,1801318.3549,4186.7395
2025-10-27T17:16:06,1611121.065,646930.8787,1889961.8199,2663.7395
2025-10-27T18:17:13,1492077.3734,647031.0974,1846665.7674,2663.7395
2025-10-27T19:16:39,1356054.4994,653215.9886,1760791.9224,17463.7395
2025-10-27T21:15:52,1197405.3899,600730.3623,1756091.9396,40991.739499999996
2025-10-27T23:06:30,1196443.855,562053.7233,1673026.1411000001,26135.7395
2025-10-28T00:20:59,1144981.1771,569117.3785,1643258.3729,23186.7395
2025-10-28T01:18:46,1144655.0977,579517.0041,1615900.0793,2352.7394999999997
2025-10-28T02:27:52,1127385.7811,576893.2204,1577058.0107,2352.7394999999997
2025-10-28T03:17:55,1116315.2552,574886.294,1556601.0991,2352.7394999999997
2025-10-28T04:24:29,1107558.2558,571920.668,1536980.926,2352.7394999999997
2025-10-28T05:20:11,1095474.6467,566959.0678,1532109.2585,2352.7394999999997
2025-10-28T06:20:14,1082507.1049,572237.3391,1483363.5253,2663.7395
2025-10-28T07:15:37,1087886.3435,621873.9066,1675914.0124,2663.7395
2025-10-28T08:36:00,1217236.0814,627816.4371,2224598.1345,2563.7395
2025-10-28T09:29:51,1297267.4563,688350.6056,2267035.776,2691.7395
2025-10-28T10:19:14,1359424.4131,766785.1932999999,2199734.6884,2691.7395
2025-10-28T11:20:42,1304213.6817,789509.7741,2278369.2001,2563.7395
2025-10-28T12:24:08,1273742.187,747094.5869,2304680.3646,2563.7395
2025-10-28T13:17:46,1250673.6625,695698.1505,2161746.1232,2563.7395
2025-10-28T14:27:29,1266779.7419,633218.9194,2241966.8949,2563.7395
2025-10-28T15:15:04,1177562.4945,608242.5265,2228913.0746,2563.7395
2025-10-28T16:20:53,1206509.3676,649258.81,2294096.5907,2563.4707
2025-10-28T17:16:37,1265957.3104,640879.1449000001,2217560.4505,2563.4707
2025-10-28T18:17:32,1290237.7295,711376.5442,2119141.6471,2563.4707
2025-10-28T19:16:52,1233472.5915,684716.5967,1995006.62,2563.4707
2025-10-28T21:20:50,1072566.6393,675327.9407,2081268.6266,2563.4707
2025-10-28T23:14:43,964182.2167,638801.0804,2090654.0152,2563.4386999999997
2025-10-29T00:24:49,961040.7848,641650.349,1997929.389,2563.4386999999997
2025-10-29T01:18:56,942597.6951,630601.5393000001,1965570.8025,2563.4386999999997
2025-10-29T02:28:03,916465.0397,628956.5882,1927361.0221,1728.6147
2025-10-29T03:18:25,906644.2567,610399.6541,1908203.6419,24013.9387
2025-10-29T04:25:04,895985.3793,609637.6414,1946906.3518,17933.148699999998
2025-10-29T05:19:00,886180.8698999999,607209.9102,2052919.963,12243.1847
2025-10-29T06:20:18,954181.5390999999,627787.4547,2132896.1121,7021.7657
2025-10-29T07:16:35,1010713.6963,673511.2259,2258491.9897,2479.7626999999998
2025-10-29T08:37:36,1233594.1363,712010.2229,2693910.6135,2479.9715
2025-10-29T09:32:42,1238278.6229,750235.174,3058196.1229,2479.9715
2025-10-29T10:19:22,1329754.5365,736269.2567,3164638.5277,2479.9715
2025-10-29T11:20:50,1272016.8348,699751.159,3065219.1486,2479.9715
2025-10-29T12:24:11,1199644.8414,700703.1846,3032457.5966,2479.9715
2025-10-29T13:18:16,1100017.5181,658009.9221,2957848.2438,2168.9715
2025-10-29T14:26:42,1087026.3638,644025.3101,2830515.0928,2168.9715
2025-10-29T15:14:43,1181618.5226,677164.1928,2826394.9802,35389.9715
2025-10-29T16:20:34,1229640.2725,672220.752,2760989.288,31221.9715
2025-10-29T17:16:48,1289529.9437,730406.8191,2855652.8631,28900.9715
2025-10-29T18:17:17,1292010.5895,711896.7307,2780435.7943,24505.9715
2025-10-29T19:17:25,1237487.8709,666334.8008,2715984.0629,22120.9715
2025-10-29T21:20:09,1153464.9101,655679.6513,2572870.7788,2479.9715
2025-10-29T23:10:22,1069598.6173,626240.1891,2510727.3431,2479.9715
2025-10-30T00:21:14,1113379.0353,625313.934,2501069.4803,2479.9715
2025-10-30T01:18:00,1124339.3614,623830.1162,2470055.7061,27673.2412
2025-10-30T02:26:12,1090837.8646,623164.3614,2431859.4284,24785.3312
2025-10-30T03:17:34,1097391.5726,619596.8977,2411820.9271,19586.031600000002
2025-10-30T04:23:55,1084044.5558,618676.2413,2389373.0522,14601.4238
2025-10-30T05:19:40,1063692.4514,616794.8579,2362997.4578,11280.956100000001
2025-10-30T06:19:52,1126641.8196,644078.8659,2370370.7574,7664.1630000000005
2025-10-30T07:16:13,1174116.6802,652513.5779,2419866.5429000002,6124.6108
2025-10-30T08:36:39,1406367.0359,676345.8636,2723027.3739,6571.354
2025-10-30T09:30:19,1743717.0253,677778.0963,2862923.4637,6571.354
2025-10-30T10:18:22,1713074.2656,677209.2346,2836499.7762,6571.354
2025-10-30T11:20:30,1725226.3857,734327.4746,2805792.7299,6571.354
2025-10-30T12:23:17,1762127.4675,717086.0336,2825421.6977,18036.354
2025-10-30T13:17:14,1671364.594,692624.0277,2820127.5762,6571.354
2025-10-30T14:25:38,1640162.9767,669120.7733,2749798.5076,6571.354
2025-10-30T15:14:59,1738475.8532,726364.7233,2732839.3618,21370.354
2025-10-30T16:20:31,1660168.864,743184.8345,2858615.4264,18172.354
2025-10-30T17:16:52,1599806.1228,725783.3764,2784370.3101,15321.354
2025-10-30T18:17:17,1557231.5681,694977.6248,2764985.213,7217.008000000001
2025-10-30T19:16:36,1529835.8196,740964.7261,2715709.7324,7217.008000000001
2025-10-30T21:17:53,1389801.6874,662144.9515,2551375.1616,34739.4245
2025-10-30T23:10:26,1444355.9155000001,635429.4410999999,2497752.0963,28141.4245
2025-10-31T00:21:57,1430539.2519,628475.2823,2514692.6354,12556.424500000001
2025-10-31T04:23:39,1449023.6634,622688.4308,2513753.9916,29963.4245
2025-10-31T05:20:05,1436495.3773,616978.4086,2477792.0461,20000.0175
2025-10-31T06:19:29,1427836.3708,634029.7514,2488559.5766,20000.0175
2025-10-31T07:15:34,1400381.8663,611321.1002,2436528.9851,0.0175
2025-10-31T08:36:38,1687262.7404,603362.9101,2904460.7202,13551.9295
2025-10-31T09:29:01,1799183.1512,625281.4754,3109873.7958,45368.207500000004
2025-10-31T10:18:20,1800813.8827,631281.219,3206093.5668,68852.34349999999
2025-10-31T11:17:20,1863496.3524,622862.9643,3197147.9394,82734.2475
2025-10-31T12:22:40,1832165.2241,652868.9321,3282148.5668,75777.4626
2025-10-31T13:17:39,1720221.1411,638167.6228,3217126.4896,68495.6588
2025-10-31T14:26:33,1575218.9677,607184.9333,3227837.2855,58702.0755
2025-10-31T15:13:14,1580536.4698,662676.074,3197997.8837,37789.312000000005
2025-10-31T16:21:08,1622126.1101,672916.4504,3189645.3157,48510.2745
2025-10-31T17:16:02,1570712.418,688810.2379,3153705.5401,44960.2475
2025-10-31T18:17:09,1615558.5549,722200.4437,3079742.4703,33059.2475
2025-10-31T19:16:35,1491516.9839,775259.8854,3007034.6722,33059.2475
2025-10-31T21:21:57,1428127.9069,741171.036,2803928.9677,29094.4775
2025-10-31T23:10:52,1512549.7355,741185.8272,2700571.9009,40627.9555
2025-11-01T00:19:17,1500218.4279,739033.3365,2650900.2527,35237.071500000005
2025-11-01T01:17:17,1486856.8447,735933.7891,2640621.4249,33029.8195
2025-11-01T02:23:51,1397129.1737,735681.2327,2633719.5578,42767.8195
2025-11-01T03:16:23,1369237.214,737084.1228,2606082.5062,33029.8195
2025-11-01T04:20:53,1432337.6183,731930.5,2580854.3411,33029.8195
2025-11-01T05:17:52,1434284.3762,724510.449,2605553.6321,33029.8195
2025-11-01T06:17:42,1517574.5261,714162.8552,2672185.7515,33029.8195
2025-11-01T07:13:54,1491375.9399,727477.6764,2675863.7374,52805.8195
2025-11-01T08:31:59,1666814.3817,721361.6136,2831328.0942,64546.8195
2025-11-01T09:22:56,1807574.5716,750933.8046,2941864.2056,33222.8195
2025-11-01T10:15:50,1772592.8607,758965.4844,2953147.7253,44467.8195
2025-11-01T11:16:00,1776204.6378,713731.4611,3022034.6165,38049.8195
2025-11-01T12:19:01,1882773.3765,692810.9018999999,3006430.732,31572.819499999998
2025-11-01T13:14:05,1754459.4323,691853.4196,3061668.6276,9023.8195
2025-11-01T14:22:27,1646421.4071,693327.0885,2952830.9479,3442.8835
2025-11-01T15:13:24,1628578.1979,661089.0351,3014859.4570999998,1728.8835
2025-11-01T16:17:56,1550588.1478,685888.8663999999,3003612.6692,44775.071500000005
2025-11-01T17:14:30,1464457.3475,646611.731,2964729.1196,44775.071500000005
2025-11-01T18:15:48,1439637.5476,656289.0625,2879130.668,40150.7815
2025-11-01T19:16:00,1539900.448,677468.1873,2874257.9518,35302.3615
2025-11-01T21:22:44,1538540.0568,695217.0234000001,2705481.8138,25885.4735
2025-11-01T23:15:02,1539740.4768,707287.9049,2609591.7995,48099.6555
2025-11-02T00:21:36,1490234.0229,748787.6502,2591661.9712,43383.2435
2025-11-02T01:17:57,1454375.9981,745601.0902,2590664.1103,40098.0765
2025-11-02T02:25:22,1351393.483,743814.6209,2562500.034,34957.3775
2025-11-02T03:16:19,1329199.55,742841.0076,2578077.5359,49907.885500000004
2025-11-02T04:20:32,1302681.266,741162.4147,2557238.0194,35013.4265
2025-11-02T05:16:20,1270877.6352,724636.4004,2535809.4594,27115.3355
2025-11-02T06:17:03,1250506.6494,770001.5113,2478014.5971,24630.9415
2025-11-02T07:14:02,1294034.1241,881333.1052,2670504.671,37494.9415
2025-11-02T08:31:39,1347860.007,840177.1192,2640456.077,19094.2015
2025-11-02T09:22:18,1287881.8512,827592.0571,2815017.3105,19128.8665
2025-11-02T10:15:07,1234948.6997,779702.1674,2673517.4087,19128.8665
2025-11-02T11:15:58,1144825.86,725086.8324,2525633.2524,19058.8665
2025-11-02T12:19:11,1075589.958,679738.1261,2401125.3722,17331.5485
2025-11-02T13:14:49,1089017.5381,684267.5601,2308462.0603,25554.5485
2025-11-02T14:21:28,1092566.5476,653348.9131,2267176.1439,17331.5485
2025-11-02T15:13:10,1070604.7823,631971.6612,2163762.1687,17331.5485
2025-11-02T16:18:11,1045210.9164,605433.6517,2059100.5561,37331.548500000004
2025-11-02T17:15:15,1062540.6453,586030.1324,1996444.1598,37331.548500000004
2025-11-02T18:16:07,1055985.6586,577330.6883,1899079.0122,37331.548500000004
2025-11-02T19:16:10,1028720.5784,556728.2758,1805156.4492,37331.548500000004
2025-11-02T21:21:24,955301.4153,527765.3319,1669002.8226,37331.548500000004
2025-11-02T23:16:40,954873.6576,519919.2459,1583395.5733,39750.6565
2025-11-03T00:27:31,937646.8132,487994.3489,1584847.0657,39750.6565
2025-11-03T01:19:16,963988.325,487489.8376,1599661.5715,39750.6565
2025-11-03T02:28:16,955252.0016,486910.1126,1597309.6395,39750.6565
2025-11-03T03:19:11,949646.3284,486646.78620000003,1587550.4521,39750.6565
2025-11-03T04:25:47,944972.8522,486279.2332,1577151.4734,39750.6565
2025-11-03T05:21:52,940439.0889,486879.022,1564014.7082,39750.6565
2025-11-03T06:21:28,967488.207,478326.622,1573452.9816,39749.6565
2025-11-03T07:15:52,1085880.6341,478605.102,1682336.7151,54214.991500000004
2025-11-03T08:37:24,40578469.862,476813.6139,71306278.7498,68235.9915
2025-11-03T09:29:51,40675713.5474,475670.4015,71365704.66770001,39735.991500000004
2025-11-03T10:18:37,40596958.2242,482018.91240000003,71344917.2358,39735.991500000004
2025-11-03T11:19:26,40533918.5154,440085.5829,71350711.0493,59374.6995
2025-11-03T12:21:47,40609091.0435,445967.4953,71410015.8216,52826.3815
2025-11-03T13:16:43,40663201.3972,452264.6985,71426840.94,45746.2165
2025-11-03T14:25:55,40523581.53789999,423433.6277,71257381.0331,23763.2645
2025-11-03T15:15:15,40490740.2659,419828.62,71201344.5471,23270.3895
2025-11-03T16:21:00,40436979.9092,387043.4246,71199860.4998,23270.3895
2025-11-03T17:16:56,40470646.9644,401026.0861,71248119.21130002,40460.7276
2025-11-03T18:17:49,40482453.905899994,409516.6019,71279822.6169,19584.8202
2025-11-03T19:16:48,40499529.3776,406553.277,71294253.5609,12281.970599999999
2025-11-03T21:18:15,40416628.0995,354273.9657,71152862.052,24006.4355
2025-11-03T23:09:30,40470150.7255,328811.5982,71409763.11950001,24006.4355
2025-11-04T00:21:12,40418827.5061,329424.2617,71388435.2954,24006.4355
2025-11-04T01:18:29,40418869.6581,316846.8478,71364196.119,24006.4355
2025-11-04T02:27:20,40384783.6802,315009.7644,71346808.7295,38003.4355
2025-11-04T03:18:32,40350103.74950001,314317.5945,71338039.89819999,34500.4355
2025-11-04T04:25:22,40339745.1777,314515.3445,71326555.40890001,24006.4355
2025-11-04T05:20:59,40320332.226900004,313221.8507,71354253.67909999,4006.4355000000005
2025-11-04T06:21:25,40342980.1558,321623.4299,71369069.365,2819.1755000000003
2025-11-04T07:16:53,40500492.1408,362279.6303,71475602.9805,4006.4355000000005
2025-11-04T08:38:37,1718427.4631,397237.48099999997,2784804.8581,2819.1755000000003
2025-11-04T09:33:29,1823645.3556,421898.4588,2889894.4124,1877.0905000000002
2025-11-04T10:19:06,1831964.5131,421228.8278,2935654.1468,1877.0905000000002
2025-11-04T11:20:28,1820481.2185,434815.9525,2902966.1218,1877.0905000000002
2025-11-04T12:22:52,1665618.3259,461097.7789,2934262.2706,1877.0905000000002
2025-11-04T13:14:58,1539620.4917,422815.4193,2896991.0975,1386.3895
2025-11-04T14:26:18,1557346.5927,403496.8494,2754675.8248,541.6235
2025-11-04T15:15:30,1555508.9434,485802.2304,2868594.1329,12085.1985
2025-11-04T16:21:02,1529997.8889,558890.1376,2919036.8361,7770.0885
2025-11-04T17:17:44,1513261.1105,562724.2692,2933950.9507,3426.2365
2025-11-04T18:17:08,1408771.9997,573472.7473,2942156.5803,1789.5915
2025-11-04T19:17:07,1397718.7064,570800.326,2954770.5593,1789.5915
2025-11-04T21:20:10,1223667.6709,515111.7937,2784051.0077,1789.5915
2025-11-04T23:10:40,1222172.9411,503805.2893,2795695.7267,1789.5915
2025-11-05T00:22:11,1175881.5975,506304.6626,2761271.7912,1789.5915
2025-11-05T01:18:44,1119339.3185,495321.9767,2757781.1023,1789.5915
2025-11-05T02:27:22,1089874.3371000001,493227.9138,2754434.0546,4674.6235
2025-11-05T03:18:08,1095411.7804,492146.8914,2708714.146,541.6235
2025-11-05T04:24:28,1073529.5262,488996.6837,2744917.0784,541.6235
2025-11-05T05:20:56,1039195.3635,483887.61819999997,2826423.0166,541.6235
2025-11-05T06:20:48,1072763.9004,474031.5634,2885954.3039,12221.2675
2025-11-05T07:16:36,1284671.3509,473167.7377,3027414.8778,8798.2765
2025-11-05T08:36:50,1693107.3531,507209.6157,3440522.9445,5886.9794999999995
2025-11-05T09:31:22,2041013.4346,549470.0865,3592649.0661,9069.2345
2025-11-05T10:18:58,2133923.0065,519510.6448,3673911.5417,8758.2345
2025-11-05T11:19:19,2211591.4209,533346.1133,3601004.8561,8758.2345
2025-11-05T12:23:36,1996387.5386,547256.5095,3628566.2229999998,8758.2345
2025-11-05T13:18:06,1937132.6051,495357.425,3552844.8279,28758.234500000002
2025-11-05T14:25:33,1880332.9455,524677.0376,3590016.3291,25475.530300000002
2025-11-05T15:15:08,1776135.5683,552048.7476,3610679.7809,35159.3044
2025-11-05T16:20:42,1615087.4481,584469.1045,3665279.0414,27234.4119
2025-11-05T17:17:39,1593102.8833,598710.0268999999,3605313.6382999998,15725.3339
2025-11-05T18:17:58,1521699.5276,600934.4513,3533028.6457,32758.2345
2025-11-05T19:17:39,1508800.2335,584276.864,3492615.2862,32733.6945
2025-11-05T21:20:14,1459367.5056,540574.6625,3354889.3608,24902.7435
2025-11-05T23:13:22,1405920.1136,517573.1165,3184823.0876,35971.2325
2025-11-06T00:24:41,1422538.8507,536881.9982,3113938.6498000002,28787.8115
2025-11-06T01:19:09,1411423.3644,532217.9963,3104801.7169,22746.9675
2025-11-06T02:27:15,1393513.3858,528752.2939,3083078.4838,6875.0455
2025-11-06T03:18:20,1384043.9092,526499.6385,3070437.4989,6352.4465
2025-11-06T04:25:06,1375653.4294,524870.4132,3074468.3276,6352.4465
2025-11-06T05:20:35,1379888.9102,528733.987,3082377.7431,6352.4465
2025-11-06T06:21:21,1402701.3164,509662.9065,3111402.5743,21152.4465
2025-11-06T07:16:47,1599730.9875999999,538017.3615,3186762.6309,52655.4465
2025-11-06T08:36:44,1878082.5631,558162.7541,3489686.1726,45869.2471
2025-11-06T09:31:20,2199543.0435,597639.2695,3436095.7546,34463.0471
2025-11-06T10:19:11,2247963.4112,628341.5418,3377361.6453,22667.5421
2025-11-06T11:20:22,2164234.2861,630596.2981,3536583.761,25089.273100000002
2025-11-06T12:23:53,1891040.707,565679.148,3510035.5116,21318.273100000002
2025-11-06T13:18:34,1703696.8118,553701.4853,3501990.54,20473.273100000002
2025-11-06T14:27:22,1597817.805,523936.9144,3489260.6341,28007.6571
2025-11-06T15:15:15,1577668.5727,547478.5552,3525236.4722,25651.0491
2025-11-06T16:20:34,1462074.4631,555337.6823,3443692.8495,25881.6551
2025-11-06T17:17:03,1426383.7299,624740.5301,3437201.3148,25881.6551
2025-11-06T18:17:44,1387024.0824,660338.0157,3365815.3696,25881.6551
2025-11-06T19:16:51,1383713.1378,645163.9673,3292288.6605,25881.6551
2025-11-06T21:19:19,1323751.8281,588546.4876,3034076.2685,27068.9151
2025-11-06T23:09:46,1289451.8438,554053.0345,2942621.9719000002,25881.6551
2025-11-07T00:20:53,1293105.4243,583972.2771,2924793.4191,25881.6551
2025-11-07T01:18:12,1290013.1553,613825.1756,2918590.6603,25881.6551
2025-11-07T02:27:07,1270506.4728,608917.7366,2951237.4126,25881.6551
2025-11-07T03:17:50,1263954.5472,606578.4772,2938999.5597,25881.6551
2025-11-07T04:24:43,1277444.8672,603972.33,2921787.7007,25881.6551
2025-11-07T05:19:11,1268765.7839,599540.6748,2996014.755,45681.6551
2025-11-07T06:20:38,1344566.3851,585533.4118,3042296.5685,71717.6551
2025-11-07T07:16:03,1480457.4893,586915.2715,3169663.7096,60582.2731
2025-11-07T08:35:43,1932826.1479,655315.3725,3289313.2976,4357.6835
2025-11-07T09:28:12,2105626.535,678050.4674,3445098.286,17324.8835
2025-11-07T10:18:19,2116923.3003,668064.5414999999,3506774.6097999997,15086.8835
2025-11-07T11:19:16,2097220.9675,689567.9032,3568761.7651,35251.1625
2025-11-07T12:19:43,1916334.8825,678743.1799,3632395.0966,24502.7035
2025-11-07T13:17:03,1741719.2804,670083.8501,3507182.9758,15983.4775
2025-11-07T14:25:21,1682176.8383,644221.8057,3535682.2701,25615.1575
2025-11-07T15:16:05,1598551.6613,661328.0083999999,3502383.4827,23570.0355
2025-11-07T16:18:56,1551474.8355,734076.5672,3439398.8695,23253.321600000003
2025-11-07T17:14:22,1482626.3986,787879.6993,3370260.8317,22878.531300000002
2025-11-07T18:17:02,1410608.0335,812011.2471,3383097.6039,18645.6792
2025-11-07T19:16:37,1370841.585,793261.281,3315989.5505,15321.663199999999
2025-11-07T21:15:10,1304788.0245,712495.8084,3101683.463,8198.5491
2025-11-07T23:01:44,1338623.5444,681270.2346,2972769.6942,3200.5362999999998
2025-11-07T23:40:29,1335520.9944,678764.914,2968206.3961,3200.5362999999998
2025-11-08T00:20:49,1333180.8957,696109.038,2917246.5813,3200.5362999999998
2025-11-08T01:17:08,1305100.0258,686386.0947,2929019.3388,3200.5362999999998
2025-11-08T02:24:28,1300304.8427,680092.6047,2966472.329,3200.5362999999998
2025-11-08T03:16:28,1305135.0191,689813.0025,2984783.9773,3200.5362999999998
2025-11-08T04:21:36,1269050.4942,686093.5528,3024833.4119,3200.5362999999998
2025-11-08T05:16:58,1291778.9356,679770.7688,3054073.1313,52276.5363
2025-11-08T06:17:08,1341123.1798999999,718742.9378,3179309.1927,47098.5363
2025-11-08T07:14:03,1691935.0255,743162.4576,3215949.1136,41414.7755
2025-11-08T08:31:56,2316622.2797,819671.9487,3489861.5005,64543.0355
2025-11-08T09:22:43,2550422.6965,815104.4168,3915055.58,57565.5415
2025-11-08T10:15:23,2391779.6496,837418.8767,3989779.2108,36330.370500000005
2025-11-08T11:16:19,2246116.0333,922606.3972,4110854.9477,28027.2665
2025-11-08T12:19:56,2117979.0439999998,1043767.8774,4205145.4615,18228.788500000002
2025-11-08T13:14:51,1908596.9002,1107227.0054,4161625.0016,8143.7744999999995
2025-11-08T14:23:10,1713777.9706,1089215.446,3966621.0779,3971.1014999999998
2025-11-08T15:13:56,1670578.0519,1068550.7938,3975033.8688,23460.1015
2025-11-08T16:17:52,1646286.926,1175538.6163,3854853.6979,22429.1015
2025-11-08T17:15:01,1659790.3501,1146372.1717,3696738.2762,17129.1015
2025-11-08T18:15:49,1623356.844,1149502.5337,3558445.4524,3267.6285
2025-11-08T19:16:20,1633169.2586,1098115.9654,3401912.2341,3267.6285
2025-11-08T21:22:25,1623274.557,1009055.8778,3159644.5809,3267.6285
2025-11-08T23:12:26,1589632.6414,989048.5531,3113016.6173,3267.6285
2025-11-09T00:20:49,1610430.0247,1024087.6973,3138696.792,3267.6285
2025-11-09T01:17:13,1626253.8727,1030456.6708,3183236.4214,3267.6285
2025-11-09T02:24:33,1584301.0382,1028195.6029,3177820.188,3267.6285
2025-11-09T03:16:38,1580567.5804,1026109.6432,3158284.2509,3267.6285
2025-11-09T04:20:24,1567451.8716,1023249.7831,3144549.4769,3267.6285
2025-11-09T05:17:01,1570780.2692,1017934.3608,3113599.0199,3267.6285
2025-11-09T06:16:45,1540745.2706,1028181.7416,3085771.6947,3267.6285
2025-11-09T07:13:49,1517046.8233,1052881.1353,3050566.4215,3267.6285
2025-11-09T08:32:17,1446153.9969,1017163.2547,3076670.8609,3578.6285
2025-11-09T09:23:11,1418134.1712,1059336.7832,3002255.645,3578.6285
2025-11-09T10:14:45,1301753.7809000001,993153.3877,2905163.022,3578.6285
2025-11-09T11:16:13,1352287.3942,916953.5952,2784677.4613,3578.6285
2025-11-09T12:19:37,1393558.1117,845291.7776,2701858.5287,3578.6285
2025-11-09T13:14:53,1321391.2889999999,795282.291,2621525.5778,3578.6285
2025-11-09T14:22:40,1232557.376,764854.1585,2562279.5709,16528.8835
2025-11-09T15:13:28,1179015.804,723773.895,2458835.6745,14738.8835
2025-11-09T16:18:21,1135533.3211,678264.6714,2370653.4758,1728.8835
2025-11-09T17:15:30,1122926.0163,641507.298,2242383.4164,1728.8835
2025-11-09T18:16:13,1103731.9101,605734.6279,2133711.8672,16728.8835
2025-11-09T19:16:29,1061951.6395,576532.6228,2025130.9857,16728.8835
2025-11-09T21:22:24,988053.0053,576211.0303,1854860.4639,16728.8835
2025-11-09T23:18:27,973001.2154,555483.7908,1814542.7813,18528.0105
2025-11-10T00:26:01,972500.5902,551380.523,1771884.6264,18528.0105
2025-11-10T01:19:44,969581.7568,553142.6805,1749095.7274,18528.0105
2025-11-10T02:29:45,1026102.3491,551523.9329,1804528.255,18528.0105
2025-11-10T03:18:49,1019515.0288,550645.2167,1813923.8482000001,33328.010500000004
2025-11-10T04:26:20,1007695.2133,549391.987,1834080.9179,67591.1185
2025-11-10T05:22:16,998818.5092,544525.2559,1866344.6486,59349.883499999996
2025-11-10T06:21:17,1041571.8746,566565.6078,1947391.8123,39327.735499999995
2025-11-10T07:16:24,1282276.46,552380.4199,2102599.7133,36242.9745
2025-11-10T08:37:27,1726823.1538,610554.5385,2718259.106,25354.9355
2025-11-10T09:30:53,1897392.4494,649618.1092,2893047.0551,20502.3695
2025-11-10T10:19:19,1899986.2249,645487.916,2934630.5114,12174.1335
2025-11-10T11:20:45,1736808.8968,670520.7565,3043276.5669,8379.1335
2025-11-10T12:23:29,1671662.1836,802469.9887,3061375.8789,4368.1335
2025-11-10T13:17:34,1622623.6492,748660.4837,3077892.3216999997,25572.2276
2025-11-10T14:26:06,1545389.9681,728991.6637,2937988.7824,20152.284
2025-11-10T15:15:19,1632150.0481,713414.0847,2887022.4874,15688.475
2025-11-10T16:21:47,1751915.6444,729229.6985,2979206.9766,11767.8326
2025-11-10T17:17:29,1831684.2132,717147.028,2935988.5609999998,8271.5476
2025-11-10T18:18:02,1703300.0052,760420.8081,2969109.5423,6052.1981
2025-11-10T19:17:32,1591251.0507,760564.4323,2981277.345,4428.8218
2025-11-10T21:19:37,1368532.3683,698096.8983,2746697.3809,4057.1335
2025-11-10T23:13:09,1247545.9237,680619.3634,2627894.1811,4057.1335
2025-11-11T00:23:00,1219053.036,691965.8006,2666926.2519,4057.1335
2025-11-11T01:19:14,1219860.079,688503.9981,2642462.0155,33857.133499999996
2025-11-11T02:27:45,1217401.2251,686339.6762,2668224.2132,25795.8675
2025-11-11T03:19:16,1198866.9818,686416.1864,2659576.5387,21935.6235
2025-11-11T04:24:13,1195211.9142,688647.009,2664828.2603,27003.6235
2025-11-11T05:21:15,1177038.5476,688540.8875,2686165.0325,6865.6235
2025-11-11T06:20:49,1159793.0147,647413.9869,2661999.3057,43888.2455
2025-11-11T07:16:47,1317140.2481,680861.7111,2873067.3771,33503.7765
2025-11-11T08:36:35,3119410.188,679695.7505,3098952.2828,33329.6735
2025-11-11T09:30:34,2111383.8299,795727.0721,3284755.9021,54347.6735
2025-11-11T10:18:51,2088306.6218,830367.5088,3362586.5646,53329.6735
2025-11-11T11:19:53,1947496.28,826980.1255,3308419.3456,53329.6735
2025-11-11T12:22:55,2023679.0216,823589.1665,3375858.1891,53329.6735
2025-11-11T13:16:46,1931047.8647999999,798286.6131,3267234.8901,53329.6735
2025-11-11T14:25:35,1785085.3839,852459.8314,3183454.8372,24499.0675
2025-11-11T15:15:21,1677309.7787,880343.0752,3235673.3177,24499.0675
2025-11-11T16:19:45,1723338.79,913166.7172,3405708.9533,24729.6735
2025-11-11T17:17:14,1756543.3694,868756.6167,3390773.9965,24729.6735
2025-11-11T18:17:37,1663169.5853,940032.6571000001,3385423.2354,50384.1035
2025-11-11T19:17:08,1517845.9703,880131.9909,3333610.3069,45766.883499999996
2025-11-11T21:19:32,1346466.6482,798088.9961,3127029.2595,40195.883499999996
2025-11-11T23:11:21,1360551.437,755223.8994999999,3077409.0989,22098.8835
2025-11-12T00:22:46,1391808.4043999999,768593.0105,3087881.3942,51897.883499999996
2025-11-12T01:19:31,1358935.9804,764568.1185,3051447.4302,48064.883499999996
2025-11-12T02:28:03,1387383.0298,761290.984,3038700.4757,48474.883499999996
2025-11-12T03:18:42,1380946.3369,759064.778,3022108.7571,44542.883499999996
2025-11-12T04:25:33,1370630.6958,757507.4096,3049507.58,86055.8835
2025-11-12T05:20:50,1402033.8781,766501.2577,3099173.8516,70200.8835
2025-11-12T06:21:27,1429552.2695,769939.6937,3138770.0313,59997.883499999996
2025-11-12T07:16:28,1668678.0171,780660.8858,3160125.2579,45257.7945
2025-11-12T08:37:37,2249838.4506,901048.5120999999,3419819.1172,80163.8475
2025-11-12T09:32:52,2494719.793,912462.7943,3718949.4229,63435.6745
2025-11-12T10:20:03,2335870.0091,911942.2096000001,3825928.6816,55841.5835
2025-11-12T11:21:04,2379598.5208,901863.2289,3930443.574,47692.4335
2025-11-12T12:24:46,2229716.1297,912530.9927,4042187.7608,67491.0573
2025-11-12T13:18:36,2087721.5211,922222.8594,4036211.0042,41205.9963
2025-11-12T14:26:31,1929839.3714,880154.9722,3985608.6243,30731.3621
2025-11-12T15:15:31,1933390.201,859591.8144,4019138.2261,23818.1687
2025-11-12T16:21:10,1865485.4536,902527.458,3923497.4591,17461.714399999997
2025-11-12T17:18:21,1861206.6628,948938.5687000001,3984176.3786,13097.9805
2025-11-12T18:18:08,1803479.3693,935240.5737,3890504.7417,9292.106899999999
2025-11-12T19:17:46,1726076.1784,881140.899,3822342.889,6622.0021
2025-11-12T21:20:03,1559592.309,845881.1535,3575577.4588,2925.1684999999998
2025-11-12T23:14:16,1546634.6444,807025.2660000001,3518802.3678,19633.1685
2025-11-13T00:24:16,1574537.9181,839390.3815,3506395.4797,14830.1685
2025-11-13T01:19:04,1627430.5130999999,885989.3729,3535416.8252,12718.1685
2025-11-13T02:27:59,1633767.1125999999,881252.0011,3513747.0785,9589.1685
2025-11-13T03:18:32,1623850.7553,879628.9868,3502774.3985,2925.1684999999998
2025-11-13T04:24:50,1630375.5082,875537.9479,3488873.3432,37725.1685
2025-11-13T05:21:10,1604772.4331,876658.6917,3468208.8602,59644.492
2025-11-13T06:21:09,1705219.2019,904039.3927,3572921.1499,52091.232
2025-11-13T07:17:29,1936466.3765,922254.4054,3775195.6354,55483.232
2025-11-13T08:38:33,2514361.7928,922350.2889,4247556.3724,27194.947
2025-11-13T09:32:46,2562778.8208,1023920.7208,4440563.5655,38816.947
2025-11-13T10:18:52,2400123.6773,1004863.8798,4401305.6466,31872.947
2025-11-13T11:20:53,2258783.3273,967592.7392,4448043.1997,27190.947
2025-11-13T12:23:24,2163217.9924,1028676.2358,4488040.5519,17084.6235
2025-11-13T13:18:41,2044175.3979,990464.9192,4409963.2264,11395.6235
2025-11-13T14:26:13,1882449.8238,930608.7178,4341278.9047,3914.6235
2025-11-13T15:15:46,1691613.3257,947679.8684,4265928.0726,1952.6235000000001
2025-11-13T16:21:20,1671148.4277,1023457.1197,4349525.151,704.6235
2025-11-13T17:17:50,1593814.721,1035300.1603999999,4285143.5036,541.6235
2025-11-13T18:18:48,1592533.8531,1038273.5043,4209085.2562,541.6235
2025-11-13T19:17:53,1672230.3625,999817.0385,4139582.5602,541.6235
2025-11-13T21:20:07,1536646.6,935623.6913,3919738.6808,541.6235
2025-11-13T23:12:44,1512464.1506,892666.5392,3772808.4572,441.6235
2025-11-14T00:22:24,1557279.7249,906063.396,3724067.0862,441.6235
2025-11-14T01:18:32,1542879.0911,906967.6631,3800112.326,441.6235
2025-11-14T02:27:51,1546972.5261000001,904807.0771,3795868.8418,441.6235
2025-11-14T03:18:39,1535823.4838,903224.5131,3782181.2254,441.6235
2025-11-14T05:20:11,1538173.3368,902595.7322,3886352.3834,441.6235
2025-11-14T06:20:48,1692186.2254,893385.2936,3849534.5885,52086.6235
2025-11-14T07:16:14,1780435.0208,860329.3467,4012781.6176,55369.2745
2025-11-14T08:36:26,2250778.0693,837766.0636,4375223.393,44813.975699999995
2025-11-14T09:29:20,2620211.2844000002,900298.2681,4548558.7014,37964.1465
2025-11-14T11:17:49,2577895.9016,946718.7007,4532212.7038,24500.3075
2025-11-14T12:23:10,2358878.2415,935578.3368,4436066.1424,15460.1305
2025-11-14T13:16:43,2114929.9646,890872.5624,4374926.5025,12419.1305
2025-11-14T14:25:59,1938664.8624,867310.5257,4330264.9089,8518.1305
2025-11-14T15:15:01,1911305.9734,958301.4171,4284634.018,6757.1305
2025-11-14T16:21:09,1875671.6076,1079516.7971,4199331.9169,15708.1305
2025-11-14T17:17:27,1839901.333,1065586.725,4114948.1353,11006.1305
2025-11-14T18:17:51,1760343.1788,1044086.7599,3949852.5704,6062.1305
2025-11-14T19:17:11,1761612.3008,1019918.9090999999,3882488.479,4909.1305
2025-11-14T21:17:28,1625477.4592,989298.1838,3703671.0426,31924.732700000004
2025-11-14T23:06:06,1569130.3718,990825.7407,3695144.4151,24164.066300000002
2025-11-15T00:20:59,1539533.9652,1024366.2465,3722645.7045,18612.975
2025-11-15T01:17:40,1598136.4218,1018613.3513999999,3703851.122,14088.090699999999
2025-11-15T02:25:08,1622804.9455,1016227.0836,3700278.7731,9627.045
2025-11-15T03:16:40,1612098.4974,1023306.4924999999,3691394.7819,6947.9483
2025-11-15T04:21:48,1594157.469,1019784.8722999999,3686427.8483,4389.7098000000005
2025-11-15T05:17:21,1583590.6864,1014200.8349,3687005.5035,3721.8705
2025-11-15T06:17:52,1576564.0221,1044007.5816,3688036.0012,2044.8705
2025-11-15T07:14:23,1678360.9383,1058731.765,3640628.7899,3232.1305
2025-11-15T08:32:28,1998578.9706,1005199.1273,4132882.2321,3032.1305
2025-11-15T09:24:02,2251077.4629,1095164.6528,4294807.8959,3032.1305
2025-11-15T10:15:16,2240045.3452,1171102.7675,4204272.0851,3032.1305
2025-11-15T11:16:49,2090507.0082,1275650.9328,4179230.1331,57295.1305
2025-11-15T12:19:42,2138860.9668,1271852.0954,4280465.1715,52674.1305
2025-11-15T13:14:46,2021044.444,1240258.7855,4232755.4872,43965.1305
2025-11-15T14:23:07,1984526.8953,1244769.3572,4234956.7528,36835.1305
2025-11-15T15:13:21,1856856.2645,1236617.9106,4362907.4983,29761.8993
2025-11-15T16:18:16,1846221.7395,1241865.3557,4202077.3888,24784.8993
2025-11-15T17:15:06,1824147.33,1215993.1207,4102444.4589,1448.6523
2025-11-15T18:14:18,1710077.0274,1160260.4501,3930278.1223,1448.6523
2025-11-15T19:16:52,1624364.3073,1119294.3289,3856586.4883,1448.6523
2025-11-15T21:23:57,1590348.7190999999,1067747.0139,3644401.0704,1448.6523
2025-11-15T23:17:32,1549575.2994,1095911.7954,3553451.3074,3785.9133
2025-11-16T00:24:38,1571633.312,1129587.7409,3549177.4756,3785.9133
2025-11-16T01:17:37,1585347.4911,1176861.6651,3580122.4765,3785.9133
2025-11-16T02:25:53,1594817.8268,1170829.6697,3598661.2938,3785.9133
2025-11-16T03:17:08,1563929.1687,1168231.4852,3587438.2988,33585.9133
2025-11-16T04:22:14,1555434.8558,1164313.5794,3542165.939,30455.9133
2025-11-16T05:17:51,1522938.2888,1171962.0945000001,3565637.4985,28299.9133
2025-11-16T06:18:33,1512262.8907,1194110.9521,3581645.0277,26319.9133
2025-11-16T07:14:07,1689728.5913,1230069.4633,3569601.964,48556.9133
2025-11-16T08:32:22,1642328.6798,1181961.6062,3704565.79,42291.331300000005
2025-11-16T09:23:29,1504679.2868000001,1132263.4985,3709079.9957,27069.5625
2025-11-16T10:16:12,1405441.3126,1093055.2382,3565011.8277,27069.5625
2025-11-16T11:16:53,1308458.2132,1038621.5239,3390173.6671,27069.545
2025-11-16T12:20:11,1280189.8529,996754.4817,3272995.8217,25928.8835
2025-11-16T13:15:38,1287381.7568,955663.6048,3198186.0039,25928.8835
2025-11-16T14:23:50,1315807.7838,909400.307,3025174.5869,25928.8835
2025-11-16T15:14:19,1271280.7287,877576.736,2901531.6514,25928.8835
2025-11-16T16:19:17,1208816.655,839545.0684,2795518.4613,25928.8835
2025-11-16T17:16:22,1188491.1705,815868.627,2672213.1464,25928.8835
2025-11-16T18:16:32,1151952.5299,780781.2992,2545522.2223,2812.6905
2025-11-16T19:16:46,1102562.0181,747160.8117,2400235.4656,2812.6905
2025-11-16T21:20:17,1088837.7516,688610.6375,2164565.7944,2812.6905
2025-11-16T23:15:39,1083741.8168,663361.7903,2042971.4163,2812.6905
2025-11-17T00:25:31,1085341.0105,658278.442,2085656.7853,2812.6905
2025-11-17T01:19:11,1082215.1904,657099.7404,2071882.931,2812.6905
2025-11-17T02:28:34,1074713.7757,655854.0733,2069607.0612,2812.6905
2025-11-17T03:19:00,1092876.3039,655111.8765,2061832.9397,2812.6905
2025-11-17T04:26:57,1124130.9994,653266.476,2135842.7245,2812.6905
2025-11-17T05:23:20,1126591.6791,651544.6173,2210839.3109,2812.6905
2025-11-17T06:21:28,1204830.9495,629231.0548,2215611.0905,37612.6905
2025-11-17T07:17:11,1368663.0172000001,628654.7623,2488334.9673,37612.6905
2025-11-17T08:37:19,1996190.1993,579598.1175,2902043.377,49441.8244
2025-11-17T09:31:30,2101359.3093,571086.0305999999,3114668.8419,68600.74100000001
2025-11-17T10:19:14,2152358.9939,641936.5062,3126497.4625,60143.112
2025-11-17T11:21:27,2025542.7802,651092.5491,3113801.5431,49998.6334
2025-11-17T12:25:06,1895288.9026,695449.109,3148094.5254,35764.9964
2025-11-17T13:18:20,1880816.3802,687433.1881,3064375.2398,32287.5045
2025-11-17T14:26:18,1739071.2799,678435.3501,2989233.2596,25329.5261
2025-11-17T15:15:02,1735461.8191,707198.7257,2947765.2238,20159.0234
2025-11-17T16:21:21,1835516.1869,782651.2202,3040366.1359,12028.1927
2025-11-17T17:17:34,1786405.9326,762768.0903,2969108.0246,7492.7733
2025-11-17T18:18:18,1711080.401,767794.7632,2998330.0337,3503.0690000000004
2025-11-17T19:17:11,1629435.5684,774634.0657,2945495.2174,3503.0690000000004
2025-11-17T21:19:32,1483672.6464,684498.5988,2832740.9024,3503.0690000000004
2025-11-17T23:11:57,1503193.7744,679699.0333,2897297.2538,3203.069
2025-11-18T00:22:35,1502688.1,705152.0316,2960376.4342,33002.069
2025-11-18T01:19:14,1466924.2403,728474.2812,2998573.2471,30408.069
2025-11-18T02:27:28,1450252.2325,727075.0327,2989047.7227,28206.069
2025-11-18T03:18:29,1445184.4854,726391.4542,2980740.7817,25094.069
2025-11-18T04:24:42,1440547.5902,724545.9118,2968528.4373,23285.069
2025-11-18T05:20:59,1416254.7907,719278.6552,3093594.8746,20250.069
2025-11-18T06:21:47,1451877.3161,710587.2937,3154911.6119,3203.069
2025-11-18T07:18:18,1622123.0033,754703.2938,3312411.6968,29854.907
2025-11-18T08:37:34,2075525.2322,851257.4064,3833705.3099,25033.8835
2025-11-18T09:31:46,2431084.5457,948553.2411,3978447.0211,26700.8835
2025-11-18T10:19:04,2380914.32,971145.6553,3985560.4273,21702.8835
2025-11-18T11:21:24,2335393.1373,952752.5589000001,4005925.0990999998,16278.8835
2025-11-18T12:24:55,2270305.1376,907810.4082,4073042.3479999998,12746.8835
2025-11-18T13:18:45,2108932.1556,877243.2993,3983516.556,9188.8835
2025-11-18T14:27:23,1898932.6107,867515.1202,3894154.1681,37313.883499999996
2025-11-18T15:16:10,2032082.2193,915577.7620999999,3819093.1564,35523.883499999996
2025-11-18T16:21:57,2046464.8974,915060.3173,3800881.343,31861.8835
2025-11-18T18:19:19,2006176.7233,988420.8454,3686474.9201,25146.8835
2025-11-18T19:17:13,1922062.9821,966752.9726,3439925.5618,7728.8835
2025-11-18T21:19:24,1813768.5559,910516.006,3278705.3952,7728.8835
2025-11-18T23:11:31,1699711.6135,870094.8546,3224573.4839,7728.8835
2025-11-19T00:22:48,1689091.8357,896404.4769,3205875.8769,7728.8835
2025-11-19T01:19:28,1712908.0021,894846.2577,3193795.8091,7728.8835
2025-11-19T02:27:45,1705765.4768,905746.293,3174363.6469,7728.8835
2025-11-19T03:18:23,1697355.1605,905105.7517,3164877.7005,7728.8835
2025-11-19T04:24:36,1700760.0526,904101.182,3121495.724,41372.883499999996
2025-11-19T05:21:00,1694217.1766,922037.2044,3141947.2196,25915.8835
2025-11-19T06:20:51,1823318.8817,910537.5593,3162433.0024,21248.8835
2025-11-19T07:17:09,1992286.7243,946513.643,3435571.4619,10905.8835
2025-11-19T08:38:06,2453001.6663,1007527.3996,3900154.6554,12037.8835
2025-11-19T09:31:48,2541691.8886,1024895.6105,4059885.8178,44633.3729
2025-11-19T10:19:27,2623653.4272,1025972.1269,4254546.373,31951.372900000002
2025-11-19T11:20:30,2443128.2374,1038533.1579999999,4301151.3231,58740.73850000001
2025-11-19T12:25:18,2239393.2242,986107.7197,4182776.3736,53446.7331
2025-11-19T13:17:54,2048385.3540999999,984737.178,4246158.8804,46336.448300000004
2025-11-19T14:26:52,1946561.4123,997262.6667000001,4247569.1526,39258.7277
2025-11-19T15:15:50,1908352.542,1095333.9957,4324024.1612,32348.2116
2025-11-19T16:18:33,1772159.0149,1160110.1787999999,4137267.3532,28521.7788
2025-11-19T17:14:57,1642115.0039,1103729.6517,4030894.069,25646.9858
2025-11-19T18:17:44,1585776.0219999999,1101505.9404,4020022.0384,8354.770499999999
2025-11-19T19:18:04,1521816.5246,1045715.6098,3864878.1229,5428.2141
2025-11-19T21:17:44,1539166.273,954106.4815999999,3569231.8997,4018.2409
2025-11-19T23:09:21,1465270.9962,910832.7649,3452717.5031,21100.136000000002
2025-11-20T00:21:25,1522801.9241,916603.9519,3401329.5352,17931.0489
2025-11-20T01:19:20,1506088.0626,913190.2709,3430203.9086,14748.8985
2025-11-20T02:26:57,1513276.5881999999,910124.7993,3411328.9581,10773.7964
2025-11-20T03:18:24,1505699.3182,908880.9828,3441098.4419,7289.1164
2025-11-20T04:25:49,1513487.4986,915188.3548,3471046.3776,37258.1621
2025-11-20T05:19:54,1517164.6358,925222.7963,3515229.9018,80476.1621
2025-11-20T06:20:40,1586215.3281,887862.9495999999,3591239.1517,70930.9021
2025-11-20T07:17:51,1805857.7186,889370.8941,3578577.3306,96754.3915
2025-11-20T08:37:02,2425546.6893,945680.4217,4109094.7609,91779.4044
2025-11-20T09:30:06,2690963.1113,974752.2226,4381061.1453,72941.1259
2025-11-20T10:19:03,2756974.8477,1019078.1965,4481401.4682,63168.6319
2025-11-20T11:20:25,2663713.8239,1040586.2201,4446668.4489,51220.0559
2025-11-20T12:24:16,2577357.4122,1068936.068,4525586.5995,40139.9749
2025-11-20T13:15:55,2462090.875,1082972.1061,4534080.5269,30766.3249
2025-11-20T14:26:21,2191241.7599,1069785.9561,4591441.67,19452.9659
2025-11-20T15:15:54,2121663.178,1073469.7901,4584677.9958,16800.9659
2025-11-20T16:21:23,2023274.8642,1166394.2166,4550694.14,16800.9659
2025-11-20T17:17:26,2029740.1576,1192471.4562,4520249.3082,16800.9659
2025-11-20T18:17:39,1985460.923,1213846.8024,4458996.4973,16800.9659
2025-11-20T19:17:37,1819122.812,1153131.1149,4267076.2193,16570.3599
2025-11-20T21:18:45,1670489.439,1071927.5481,3937842.0076,16570.3599
2025-11-20T23:10:03,1611430.4196,1027493.1418,3717532.2359,16570.3599
2025-11-21T00:21:53,1595235.2055,1042008.2019,3715507.2989,29570.3599
2025-11-21T01:19:08,1594001.7435,1038049.6286,3715154.9072,29570.3599
2025-11-21T02:28:35,1592097.8214,1034797.6986,3695214.7807,29570.3599
2025-11-21T03:19:23,1567528.1779,1033478.4078,3679096.2469,29570.3599
2025-11-21T04:25:56,1596898.6926,1030896.2725,3720957.1511,29570.3599
2025-11-21T05:19:52,1593913.2482,1026788.7496,3758270.2266,29570.3599
2025-11-21T06:19:45,1789660.3494,1046064.7503,3827004.1929,98632.3599
2025-11-21T07:16:19,1865458.9949,1050308.6509,4075072.3357,78289.8705
2025-11-21T08:35:59,2234699.2939,1016423.6355,4369785.7528,58348.883499999996
2025-11-21T09:28:04,2522914.0781,1081576.3117,4720950.4309,34173.883499999996
2025-11-21T10:18:40,2505873.0378,1083460.2829,4764225.2679,31712.8835
2025-11-21T11:17:36,2515977.1457,1114381.3793,4828476.9277,45628.8835
2025-11-21T12:23:34,2364106.4597,1137058.8534,4766120.0605,41560.7034
2025-11-21T13:17:23,2176549.0844,1162533.5504,4671530.0451,34001.2061
2025-11-21T14:24:45,1927992.6703,1165692.9813,4615550.7309,31406.3885
2025-11-21T15:16:25,1863638.3026,1195435.0065,4513095.0104,25546.676100000004
2025-11-21T16:20:40,1774784.2819,1155730.1539,4525405.1127,20485.2675
2025-11-21T17:17:13,1748556.7255,1182620.3413,4469006.0305,17187.523
2025-11-21T18:18:54,1718416.1891,1194226.8307,4442898.8739,14693.885999999999
2025-11-21T19:17:12,1624142.1499,1173124.8115,4297495.0335,13265.0285
2025-11-21T21:15:53,1556854.0289,1092062.0797,3986390.0482,8910.9586
2025-11-21T23:03:30,1539973.0722999999,1040186.5109,3847115.9111,35629.3376
2025-11-22T00:21:12,1599054.6735,1038414.8647,3819805.4472,31907.3376
2025-11-22T01:17:37,1642222.6882,1065062.7898,3871302.4451,29365.3376
2025-11-22T02:29:10,1610015.9764,1017890.101,3848605.6656,25134.3376
2025-11-22T03:17:04,1617233.3118,1071034.707,3907123.0476,22788.3376
2025-11-22T04:22:18,1605705.7488,1067818.4796,4020301.6824,5830.337600000001
2025-11-22T05:17:50,1604748.7005,1062357.2689,4033796.1229,25630.3376
2025-11-22T06:18:08,1625703.6339,1074512.7914,4044926.2039,23117.3376
2025-11-22T07:14:15,1870820.7923,1095270.2786,4344126.1125,25630.3376
2025-11-22T08:32:07,2685649.5253,1204856.5121,4830052.8353,24949.8835
2025-11-22T09:23:16,3061284.9314,1257626.6664,5138649.235,15689.8835
2025-11-22T10:16:09,3117486.1047,1288480.7618,5158529.2798,12020.8835
2025-11-22T11:16:41,3145723.0504,1332470.1634,5232110.4448,7774.8835
2025-11-22T12:20:52,3024778.7448,1399742.4165999999,5150323.0108,8365.6475
2025-11-22T13:15:31,2847171.8819,1377064.1059,5152112.4949,4173.7175
2025-11-22T14:23:32,2630139.4575,1421334.4745,5089636.8711,3526.7174999999997
2025-11-22T15:14:04,2436318.5163,1375909.3303,5073550.5936,31710.7175
2025-11-22T16:19:30,2320637.0129,1364854.7587000001,5050250.8179,30200.7175
2025-11-22T17:16:23,2179957.1728,1361269.8496,5010065.2722000005,27047.7175
2025-11-22T18:17:05,2063005.5489999999,1330812.8954,4815442.1685,24833.7175
2025-11-22T19:17:29,1988259.3699999999,1298765.4846,4754875.3476,3426.7174999999997
2025-11-22T21:28:57,1821477.5616,1212213.9992,4623748.4567,3426.7174999999997
2025-11-22T23:26:37,1750840.8582,1193316.6505,4498607.6937,3426.7174999999997
2025-11-23T00:32:04,1765288.1409,1234257.1165,4433238.949,3426.7174999999997
2025-11-23T01:17:57,1718617.3394,1230073.0209,4463263.0278,3426.7174999999997
2025-11-23T02:25:55,1683916.9268,1226772.3881,4462795.2182,3426.7174999999997
2025-11-23T03:17:40,1687563.9979,1240337.3662,4446201.6676,3426.7174999999997
2025-11-23T04:22:34,1664532.248,1237230.8079,4414561.6781,3426.7174999999997
2025-11-23T05:17:50,1632577.2173,1233187.0247,4437172.434,3426.7174999999997
2025-11-23T06:18:09,1612728.5703,1229536.9119,4418178.5346,3426.7174999999997
2025-11-23T07:14:46,1648975.7327999999,1263053.3785,4289538.092,4041.1855
2025-11-23T08:31:33,1619591.4697,1273753.5707,4189358.6335,4341.1855
2025-11-23T09:22:56,1565671.6631,1242552.7035,4164918.5694999998,4341.1855
2025-11-23T10:16:07,1515646.5272,1189021.1216,3986101.6927,4341.1855
2025-11-23T11:16:37,1487237.2121,1132684.0176,3816925.5323,4341.1855
2025-11-23T12:20:37,1416683.0472,1076429.7822,3662716.3325,2443.3514999999998
2025-11-23T13:15:34,1344974.684,1037745.6507,3578487.435,2443.3514999999998
2025-11-23T14:24:10,1264314.3987,996095.0847,3427539.1509000002,2443.3514999999998
2025-11-23T15:14:44,1252791.5894,964250.6889,3323519.7445,2443.3514999999998
2025-11-23T16:20:10,1194311.0524,921544.8243,3159258.9906,15500.3515
2025-11-23T17:16:44,1101735.7983,886119.6463,2980326.2079,11182.3515
2025-11-23T18:17:43,1158055.8524,867191.0002,2856810.5289,2443.3514999999998
2025-11-23T19:17:38,1136327.2418,836048.7146000001,2711183.8325,2443.3514999999998
2025-11-23T21:24:04,1188742.7645,800476.4382,2519853.8553,2443.3514999999998
2025-11-23T23:22:45,1175054.2719,786173.4626,2419560.2151,2443.3514999999998
2025-11-24T00:33:19,1196786.6999,783812.3085,2457936.5015,2443.3514999999998
2025-11-24T01:20:19,1174664.2882,782310.0364,2442488.3698,2443.3514999999998
2025-11-24T02:29:17,1175331.7923,781587.0222,2445128.0438,2443.3514999999998
2025-11-24T03:19:17,1160943.722,781238.6659,2437629.5498,2443.3514999999998
2025-11-24T04:26:42,1148637.5053,779763.3772,2422742.5769,2443.3514999999998
2025-11-24T05:23:22,1220872.9274,773057.5466,2513327.7064,2443.3514999999998
2025-11-24T06:21:42,1362702.5341,781073.8359000001,2675163.6302,4211.9745
2025-11-24T07:17:11,1593324.1343,772909.2353,2765942.788,4211.9745
2025-11-24T08:37:39,2130440.9896,769100.1216,3013273.3633,4211.9745
2025-11-24T09:33:15,2343560.67,760531.5485,3346684.4722,4153.5064999999995
2025-11-24T10:19:24,2289673.073,750249.6391,3392254.7961999997,4153.5064999999995
2025-11-24T11:21:47,2274141.109,822153.9966,3431254.6209,3817.5065000000004
2025-11-24T12:21:14,2228177.7483,836487.438,3371526.5771,29232.2775
2025-11-24T13:18:07,2040588.0639,872827.1677,3355356.1142,25541.2775
2025-11-24T14:27:41,2025433.4662,860856.7266,3479353.729,46804.2775
2025-11-24T15:13:56,2005359.9819,903160.3774,3515297.5521,42780.2775
2025-11-24T16:21:34,1829416.3033,991844.4676,3464194.5947,19414.8835
2025-11-24T17:18:25,1812444.5781,1037381.3745,3386413.1215,16324.1295
2025-11-24T18:18:12,1809699.4375,1065525.7089,3275274.7135,11668.1295
2025-11-24T19:17:54,1710153.9429,1059192.3338,3300489.1856,7289.5235
2025-11-24T21:19:36,1485146.6069,992231.2837,3110412.988,2742.5235000000002
2025-11-24T23:14:30,1368074.1698,942502.7119,3010301.8705,2622.5235000000002
2025-11-25T00:25:31,1454093.9196,942854.2981,2970218.2953,2622.5235000000002
2025-11-25T01:19:20,1457164.3437,947018.1943,2954942.3926,2622.5235000000002
2025-11-25T02:29:34,1442971.9223,927898.1222,2946110.4178,2622.5235000000002
2025-11-25T03:19:39,1434479.5039,937205.0171,2933021.7415,1435.2635
2025-11-25T04:25:57,1405720.1043,934589.7317,3001946.8754,1435.2635
2025-11-25T05:26:35,1377884.303,933058.0064,3026886.6673,1435.2635
2025-11-25T06:22:41,1450909.1767,926010.9421999999,3111374.6617,43768.4409
2025-11-25T07:17:58,1563691.6593,930352.7589,3199097.8181,84519.5476
2025-11-25T08:38:42,2468394.5507,1072266.4391,3481844.5333,44585.8634
2025-11-25T09:33:41,2617136.4615,1065532.7669,3572473.5635,71253.9923
2025-11-25T10:19:50,2615526.8562,1069818.994,3629235.4589,61025.8042
2025-11-25T11:20:55,2767023.1348,1099358.4759,3760999.8314,37989.4762
2025-11-25T12:25:45,2665122.8651,1132106.9992,3827510.2104,36358.4142
2025-11-25T13:19:05,2488431.2117,1105351.6974,3861357.9203,28421.828199999996
2025-11-25T14:28:31,2297178.2534,1075375.7678,3779450.8604,15897.9512
2025-11-25T15:16:09,2232692.8956,1088514.3295,3970311.5517,9025.8132
2025-11-25T16:20:58,2241028.6625,1219572.6419,3933938.1867,4474.8132000000005
2025-11-25T17:17:49,2141483.3341,1221161.1488,3994874.1527,3077.8132
2025-11-25T18:18:25,2007624.4737,1254985.0361,3841495.4514,3077.8132
2025-11-25T19:18:02,1946487.0157,1200246.2232,3749972.7265,3077.8132
2025-11-25T21:19:55,1681700.431,1108214.0547,3425272.6942,2847.2072
2025-11-25T23:14:29,1639748.6216,1085818.3746,3234048.9849,2847.2072
2025-11-26T00:24:56,1700902.3596,1094836.9567,3173741.3136,2847.2072
2025-11-26T01:18:42,1688065.7903,1092626.8303,3194412.3217,2847.2072
2025-11-26T02:28:39,1670147.2338,1091191.9377000001,3189781.1638,2847.2072
2025-11-26T03:18:48,1689654.6269,1110454.5713,3211131.9903,2847.2072
2025-11-26T04:25:51,1692526.1714,1108501.6082,3367759.6867,29494.2072
2025-11-26T05:21:31,1662516.028,1103529.5349,3382400.2397,43950.207200000004
2025-11-26T06:22:07,1731705.2952,1136219.586,3332548.4698,34140.2072
2025-11-26T07:17:32,1926605.9778,1141312.7925,3662820.2772,70979.2072
2025-11-26T08:39:05,2528992.5757999998,1104603.7119,4206943.7922,60143.250499999995
2025-11-26T09:34:13,2598749.6566,1132818.2245,4382325.3551,51751.125499999995
2025-11-26T10:20:00,2679246.5401,1133755.5641,4272691.7755,45639.0595
2025-11-26T11:18:32,2632756.3267,1129395.7152,4268536.2559,38490.4445
2025-11-26T12:23:40,2424191.6298,1234627.8351,4282703.6632,31155.254500000003
2025-11-26T13:17:46,2280457.0315,1224700.4036,4333023.0047,24075.5795
2025-11-26T14:23:12,2223778.3398,1217689.0521,4282420.5211,47422.1912
2025-11-26T15:15:29,2209990.842,1195921.0707,4321730.6121,44288.1672
2025-11-26T16:20:52,2217941.5034,1331110.9363,4306103.6951,39699.5771
2025-11-26T17:17:08,2011236.3929,1296315.0065,4202430.2215,36670.2331
2025-11-26T18:18:16,1976029.1233,1319440.0755,4259042.5517,32063.915800000002
2025-11-26T19:17:55,1895552.2733,1302896.6489,4135251.3643,7661.4563
2025-11-26T21:18:41,1631984.6761,1203031.985,3803263.7741,2335.5795
2025-11-26T23:10:38,1580043.5801,1171616.1182,3644305.3754,2335.5795
2025-11-27T00:23:03,1637847.8711,1212321.4213,3661199.1405,2335.5795
2025-11-27T01:19:50,1627310.2981,1213948.1247,3648846.973,2335.5795
2025-11-27T02:29:19,1670080.7589,1225415.4081,3631711.8964,2335.5795
2025-11-27T03:19:59,1681318.3190000001,1223724.5819,3639398.2725,1148.3195
2025-11-27T04:27:14,1671882.449,1233369.6152000001,3761596.1551,1148.3195
2025-11-27T05:21:37,1685618.7257,1235671.0797000001,3859711.7194,1148.3195
2025-11-27T06:21:42,1688750.1613,1294239.5643,3955507.3742,23148.3195
2025-11-27T07:17:38,1878709.5426,1260477.1392,3963963.0563,47948.3195
2025-11-27T08:38:50,2634923.457,1313897.2832,4285764.0084,50147.79
2025-11-27T09:31:32,2620655.4012,1331707.4551,4638975.127,64135.785
2025-11-27T10:19:29,2840877.266,1332126.6135,4631588.0489,57500.556
2025-11-27T11:20:02,2920463.8028,1323620.4254,4723697.9141,47083.9
2025-11-27T12:23:14,2630290.0666,1339363.2774,4821244.7852,62983.353
2025-11-27T13:16:34,2448216.5725,1304926.2486999999,4807105.3527,50594.1521
2025-11-27T14:25:09,2182940.7307,1289697.0596,4684395.3301,43601.4481
2025-11-27T15:14:58,2139693.4111,1296848.7899,4754161.3501,40000.389
2025-11-27T16:19:45,2126462.5357,1439461.5918999999,4652195.2287,37242.389
2025-11-27T17:17:16,1935551.8547,1434189.4542,4485602.9617,50290.388999999996
2025-11-27T18:17:37,1840309.8153,1451244.8564,4350839.7392,44043.388999999996
2025-11-27T19:17:45,1830640.581,1469591.7673,4169528.1885,36952.389
2025-11-27T21:18:09,1847968.6976,1388231.6859,3867339.5727,24978.389
2025-11-27T23:10:21,1866721.4882,1334245.1207,3771799.3028,24761.389
2025-11-28T00:22:53,1890095.6394,1365599.3498,3774572.0093,24761.389
2025-11-28T01:19:47,1896230.8748,1358719.6046,3758936.4197,24761.389
2025-11-28T02:28:48,1849711.7287,1351882.5874,3738321.3854,24761.389
2025-11-28T03:19:01,1864271.4321,1349765.8684,3780210.5038,24761.389
2025-11-28T04:25:45,1875799.0423,1346446.7505,3880397.7952,59561.388999999996
2025-11-28T05:19:56,1885296.0064,1346580.8102,3945333.121,53580.388999999996
2025-11-28T06:20:47,1878998.1714,1331310.2333,4254366.6034,45416.094
2025-11-28T07:17:46,1976301.1255,1335307.0102,4326249.5858000005,36955.883499999996
2025-11-28T08:37:03,2699765.5308,1435953.5855,4819082.1076,46624.2665
2025-11-28T09:30:18,2885298.4179,1441047.2239,4902729.5967,71250.6945
2025-11-28T10:18:57,2901813.1692,1410632.2948,4928412.5993,78562.3255
2025-11-28T11:19:34,2915989.8026,1437546.4834,5008535.9948,70814.0948
2025-11-28T12:22:59,2790015.8005,1487544.1077999999,5190699.6624,56721.4083
2025-11-28T13:16:39,2556093.8307,1485148.936,5066477.9551,50848.08
2025-11-28T14:25:25,2379708.5112,1440827.7443,5001833.9956,46306.2493
2025-11-28T15:14:58,2334571.9097,1431756.0325,4977705.6796,42799.0531
2025-11-28T16:20:22,2454573.7345,1518298.4274,4849957.7034,39923.3354
2025-11-28T17:16:10,2399324.4225,1580527.7138,4908497.8966,37030.1419
2025-11-28T18:17:28,2305960.7313,1564417.9614,4731081.1772,33723.6474
2025-11-28T19:17:24,2282832.3712,1573728.4649,4568352.2306,30725.2465
2025-11-28T21:18:14,2125943.6847,1471855.3733,4440762.0741,30725.2465
2025-11-28T23:10:58,2089199.5248,1408852.3109,4290934.032,30725.2465
2025-11-29T00:22:00,2101600.2854,1400499.8901,4195163.9462,30725.2465
2025-11-29T01:18:23,2105937.6185,1406588.4505,4183908.2139,30725.2465
2025-11-29T02:26:18,2086498.0625,1416831.7699,4169093.013,30725.2465
2025-11-29T03:17:42,2048611.5188,1413653.6548,4135778.6401,30725.2465
2025-11-29T04:23:01,2037764.3927,1408381.8858,4132286.8207,29537.9865
2025-11-29T05:18:43,2038904.402,1407968.777,4122142.3152,29537.9865
2025-11-29T06:18:46,2024254.9274,1386034.0561,4211619.9418,29537.9865
2025-11-29T07:15:20,2212949.2891,1388727.9363,4302525.9407,30725.2465
2025-11-29T08:34:00,2746620.8936,1468201.9136,4748216.4543,65512.581600000005
2025-11-29T09:26:15,2912073.6693,1469398.4749,5088834.5478,30184.1333
2025-11-29T10:16:55,3305898.2128,1433593.8117,5042928.7726,39112.9632
2025-11-29T11:17:49,3357667.7379,1412677.664,5018272.7177,47260.095
2025-11-29T12:21:26,3323305.0079,1440559.8418,5127062.4641,40293.0411
2025-11-29T13:16:18,3210807.7956,1406105.091,5072475.6628,37215.6244
2025-11-29T14:24:41,2908912.9246,1496981.0081,4911954.7183,58459.2764
2025-11-29T15:15:08,2826613.4402,1475072.4778,4842997.9424,57635.2764
2025-11-29T16:20:02,2493863.1865,1525661.9758,4799469.3721,57635.2764
2025-11-29T17:16:28,2504791.9341,1555171.5807999999,4798707.4549,76392.2764
2025-11-29T18:17:14,2283342.5561,1517244.2408,4810871.4785,82074.2764
2025-11-29T19:20:22,2276737.9037,1477480.3800000001,4550795.5706,74040.2764
2025-11-29T21:28:45,2104030.3863,1382609.5865,4390231.1732,57635.2764
2025-11-29T23:26:10,2114278.6863,1335700.795,4254048.3296,63724.2764
2025-11-30T00:33:26,2102722.7808,1362911.4186,4203427.5688000005,62610.2764
2025-11-30T01:18:46,2119427.9918,1363923.7082,4186127.0451,61904.2764
2025-11-30T02:27:05,2114225.5863,1384880.4997,4172451.7132,60505.2764
2025-11-30T03:17:24,2105037.6643,1382257.3148,4174039.9468,59638.2764
2025-11-30T04:22:29,2108467.0953,1347100.9156,4274419.3753,59018.2764
2025-11-30T05:17:56,2099234.0241,1340402.3445000001,4239301.363,58575.2764
2025-11-30T06:18:10,2251611.6946,1364159.4105,4223187.4251,58352.2764
2025-11-30T07:14:59,2189242.8508,1383478.139,4213691.5738,57728.2764
2025-11-30T08:33:28,2185229.2556,1427792.1868,4441500.793,57210.5355
2025-11-30T09:25:27,2249945.0149,1398641.7203,4385304.305,3021.5355
2025-11-30T10:16:45,2131871.6342,1378133.7321,4210119.4534,3021.5355
2025-11-30T11:22:32,2054342.296,1331473.4798,4034485.1375,3021.5355
2025-11-30T12:21:13,2006190.1591,1309992.5744,4001741.026,2621.4695
2025-11-30T13:16:02,1925761.9766,1297387.8557,3907489.782,15621.8835
2025-11-30T14:24:25,1930091.3266,1259721.3741,3728266.3414,12154.8835
2025-11-30T15:15:13,1906334.0669,1230917.3752,3632003.9229,2228.8835
2025-11-30T16:20:04,1848984.5284,1198614.2401,3456454.7264,2228.8835
2025-11-30T17:16:26,1828573.7371,1186743.4486,3305940.4716,2228.8835
2025-11-30T18:18:03,1793086.6349,1155720.9143,3146643.3367,2228.8835
2025-11-30T19:17:09,1737916.1123,1125988.0187,3040837.9385,2228.8835
2025-11-30T21:43:30,1638452.8256,1068804.2819,2828592.8221,2228.8835
2025-11-30T23:49:52,1667631.5565,1055111.4065,2720332.3136,3055.1465
2025-12-01T00:48:46,1661265.3481,1050867.046,2748610.2193,3055.1465
2025-12-01T01:27:16,1688165.6148,1049460.4521,2746670.3374,3055.1465
2025-12-01T02:30:54,1679634.1310999999,1048567.3602,2734454.0131,3055.1465
2025-12-01T03:22:45,1694463.0628,1047795.6284,2727034.4953,3055.129
2025-12-01T04:29:22,1736650.2022,1045461.5113,2758299.7599,3055.1465
2025-12-01T05:27:05,1723043.123,1042254.2691,2859120.0737,3055.1465
2025-12-01T06:22:13,1771968.0821,1035929.6134,2825327.9435,37855.1465
2025-12-01T07:17:26,1776243.8993,1002623.9691,2957554.4834,35056.1465
2025-12-01T08:39:19,2021600.4998,1003097.1009,3020377.4282,2555.1465000000003
2025-12-01T09:34:59,2347776.2887,986521.3597,3166288.3037,26980.6788
2025-12-01T10:20:32,2392163.0433,982007.1742,3248245.7165,24472.6788
2025-12-01T11:20:45,2505597.0599,957506.1346,3246255.0109,19521.4158
2025-12-01T12:29:47,2396800.3238,922548.3015,3222935.0142,16379.4158
2025-12-01T13:21:20,2343577.252,932842.2038,3309554.336,13037.809799999999
2025-12-01T14:30:34,2279545.0047,964615.9317,3232788.3145,9896.809799999999
2025-12-01T15:20:58,2379742.9537,952481.9794,3334759.9726,51767.2598
2025-12-01T16:19:59,2348930.8838,1047641.3427,3433919.8013,44569.2218
2025-12-01T17:16:57,2352360.6096,1169875.1574,3499163.6192,37102.929800000005
2025-12-01T18:16:23,2295303.9261,1147222.577,3421056.6898,34900.457800000004
2025-12-01T19:18:24,2261634.4893,1151352.9352,3329231.3688,34900.457800000004
2025-12-01T21:21:21,2097121.9987,1093959.4649,3060763.9024,61507.9819
2025-12-01T23:18:04,2024062.6949,1053494.7014,3009702.3552,55455.898700000005
2025-12-02T00:29:49,1952784.181,1030132.2311,2950572.333,51469.0654
2025-12-02T01:19:25,1962370.7059,1067877.2578,2952314.2804,48360.7456
2025-12-02T02:30:11,1958580.6621,1071813.434,2931579.2046,45171.517100000005
2025-12-02T03:21:36,1902551.3074,1064060.1488,2913911.8964,42480.0977
2025-12-02T04:27:33,1943708.1854,1068700.1351,3030988.7236,37782.2704
2025-12-02T05:25:17,1945880.5383,1076990.1478,3081381.2333,33877.7922
2025-12-02T06:21:24,1936584.7318,1111377.3117,3108078.7852,91654.1713
2025-12-02T07:19:04,2096349.1909999999,1200912.9801999999,3245272.7793,51264.9052
2025-12-02T08:40:01,2813829.0855,1414384.0257,3968572.9022,29932.656499999997
2025-12-02T09:36:34,2911149.7668,1436253.6416,4021999.5242,33430.813500000004
2025-12-02T10:21:22,2916254.0686,1445001.4326,4058309.4924,27510.3985
2025-12-02T11:22:03,2759963.5142,1396156.9892,3891401.8599,20964.5665
2025-12-02T12:26:15,2836109.5668,1421920.425,3891908.531,16344.3065
2025-12-02T13:21:37,2648285.4347,1461078.5709,3806623.6198,13078.3065
2025-12-02T14:30:12,2562045.3967999998,1392939.6477,3840745.4864,9626.700499999999
2025-12-02T15:19:02,2473743.9915,1374212.9499,3759522.2347,8083.7005
2025-12-02T16:23:25,2467193.2213,1472200.7033,3718796.3935000002,3703.3064999999997
2025-12-02T17:19:41,2472788.3487,1478447.7807,3682769.3574,1986.3065000000001
2025-12-02T18:17:39,2374291.9559,1408666.3286000001,3579395.5749,1986.3065000000001
2025-12-02T19:18:06,2314331.951,1381117.9279,3410168.2721,1986.3065000000001
2025-12-02T21:21:48,2301165.0534,1332368.1426,3196230.0217,1755.7005
2025-12-02T23:16:59,2134863.5221,1330401.1167,3144778.3427,1755.7005
2025-12-03T00:28:11,2049368.4588,1289303.1022,3100484.7883,1755.7005
2025-12-03T01:19:05,1981696.274,1271696.1262,3072966.4735,1755.7005
2025-12-03T02:30:01,1950788.0602,1275779.195,3097520.5737,1755.7005
2025-12-03T03:21:00,1959372.1502,1274802.9947,3148321.1517,1755.7005
2025-12-03T04:26:48,2007571.1164,1276880.783,3192549.0843,36555.7005
2025-12-03T05:23:47,1986038.1467,1272250.5544,3201403.9655999998,34615.0175
2025-12-03T06:22:44,2039553.5544,1268755.8441,3373455.7646,56233.3185
2025-12-03T07:18:23,2241382.0181,1255475.2142,3489802.5549,49890.0545
2025-12-03T08:39:30,2905472.4986,1374121.6073,4124699.4972,78528.04149999999
2025-12-03T09:35:40,2955347.7915,1379402.1591999999,4094704.454,34527.1785
2025-12-03T10:19:54,3026802.7587,1380703.4222,4081780.5493,29357.1435
2025-12-03T11:22:04,2918073.4944,1387255.2685,4170946.4985,23589.8065
2025-12-03T12:26:35,2800629.4932,1381980.2571,4216347.6822,14567.253499999999
2025-12-03T13:21:58,2663812.0614,1377741.67,4111216.9067,12913.253499999999
2025-12-03T14:29:35,2512851.3611,1357569.2569,4143008.7918,35789.517
2025-12-03T16:23:03,2255405.1091,1392839.9965,4143151.1689,22030.702500000003
2025-12-03T17:17:55,2400229.7404,1424142.6455,4053638.1478,18788.1624
2025-12-03T18:18:58,2380329.0399,1392762.4756,4048003.7766,15506.605899999999
2025-12-03T19:16:44,2254413.9193,1367285.5532,3841986.4023,13099.772599999998
2025-12-03T21:21:44,2055868.3857,1294222.1373,3585675.6269,6333.7889000000005
2025-12-03T23:18:27,2059642.3323000001,1269392.112,3430378.3369,2518.2535
2025-12-04T00:29:52,2093316.3405,1318156.2185,3406807.7539,2518.2535
2025-12-04T01:19:35,2124443.7092,1327726.2652,3373696.9408,2518.2535
2025-12-04T02:29:28,2116030.1811,1322961.7585,3348731.2659,2518.2535
2025-12-04T03:20:59,2126243.3978,1322019.0238,3335632.8339,1330.9934999999998
2025-12-04T04:27:05,2132303.1266,1319876.83,3337654.2866,230.6235
2025-12-04T05:23:41,2111856.0718,1316094.2331,3391360.234,230.6235
2025-12-04T06:23:16,2118839.0791,1332956.6628,3194685.2037,22648.5465
2025-12-04T07:19:24,2259315.4565,1338062.7234,3339864.9185,19514.6215
2025-12-04T08:40:09,2748004.5652,1520544.76,3784060.6672,24419.7485
2025-12-04T09:36:06,2926945.9481,1565957.6707,4159665.539,20367.7155
2025-12-04T10:20:59,2872377.6472,1558801.3138,4124752.3634,16867.033499999998
2025-12-04T11:22:22,2710379.6888,1503334.122,4134946.9726,15942.9155
2025-12-04T12:26:22,2667217.8337,1468450.8468,4144812.381,15942.9155
2025-12-04T13:22:19,2486429.2984,1407056.5534,4028691.9965,15942.9155
2025-12-04T14:29:57,2308265.729,1382941.8656,4006569.0448,15631.9155
2025-12-04T15:19:01,2095492.8634,1357013.4952,4019079.7735,15631.9155
2025-12-04T16:22:19,2259994.9399,1509258.0243,4030050.9774,50431.9155
2025-12-04T17:18:44,2213255.0078,1466329.0639,3918835.4552,49699.9155
2025-12-04T18:16:52,2052997.6492,1446472.0903,3767637.592,47278.9155
2025-12-04T19:18:14,1999351.6595,1406020.607,3660103.3486,43768.9155
2025-12-04T21:21:54,1910876.9988,1294826.5744,3410476.9853,37238.9155
2025-12-04T23:18:35,1865557.2259,1264968.9312,3287049.4835,30755.9155
2025-12-05T00:29:33,1884819.5086,1300210.8846,3263884.6768,28346.9155
2025-12-05T01:19:35,1876717.5867,1308534.7612,3280873.394,26078.9155
2025-12-05T02:29:54,1865630.5681,1303612.2816,3284151.4414,66197.9155
2025-12-05T03:20:32,1898376.4918,1300705.2099,3271681.4934,58339.9155
2025-12-05T04:25:54,1924034.3592,1297391.1317,3306798.7474,44813.9155
2025-12-05T05:20:42,1953821.5843,1290465.5435,3352638.2164,58915.9155
2025-12-05T06:21:23,1932983.5933,1294386.6463,3395569.9064,77664.1815
2025-12-05T07:18:41,2144759.3986,1279396.8527,3516962.5769,73283.1845
2025-12-05T08:38:44,2368154.6602,1268206.6841,3998098.6597,82044.8915
2025-12-05T09:32:00,2324230.7554,1249232.0199,4306007.6627,53415.902500000004
2025-12-05T10:20:41,2254226.4684,1249826.2337,4376135.3128,16694.9725
2025-12-05T11:21:28,2154526.0156,1251760.7604,4479182.6316,38744.5565
2025-12-05T12:24:02,2023668.1631,1282395.3126,4358728.8979,61610.3815
2025-12-05T13:19:00,1958568.9119,1239123.9301,4315661.8835,58199.4272
2025-12-05T14:26:04,1923728.5359,1252857.2403,4073383.3743,55669.3064
2025-12-05T15:16:15,1976153.7649,1302800.1869,3980394.7431,52228.4139
2025-12-05T16:21:59,2084153.5084,1326279.1644,3827767.6256,47673.319800000005
2025-12-05T17:17:52,2087713.4925,1334357.4391,3732367.1677,45791.988
2025-12-05T18:18:14,2118292.3073,1318589.3270999999,3690594.4352,42505.1063
2025-12-05T19:18:32,2076935.012,1296226.0062,3672207.4302,40492.9289
2025-12-05T21:18:01,1841833.7353,1212948.4178,3490077.1456999998,89334.9746
2025-12-05T23:08:52,1707647.7559,1202340.574,3363025.6686,44371.686499999996
2025-12-06T00:21:23,1696273.3551,1214130.3188,3306982.2951,35310.116500000004
2025-12-06T01:18:14,1682145.2483,1222643.5086,3248414.2851,32306.1165
2025-12-06T02:26:03,1639585.0355,1233589.3773999999,3212581.0204,26735.1165
2025-12-06T03:17:53,1649392.4254,1232455.7327,3216259.9031,21982.1165
2025-12-06T04:22:48,1699210.7856,1241276.9186,3228498.6055,1186.1165
2025-12-06T05:18:42,1712088.0769,1237494.0668,3269765.1612,1186.1165
2025-12-06T06:18:44,1765021.5676,1245028.5789,3362129.6928,31186.1195
2025-12-06T07:15:13,2004879.6581000001,1263959.7222,3372466.5058,27122.074500000002
2025-12-06T08:34:20,2291814.8958,1452646.367,3935518.446,25965.1485
2025-12-06T09:25:55,2345307.3878,1506894.4509,4234220.5006,20574.6855
2025-12-06T10:16:33,2235943.8467,1497460.2581,4374369.048,15179.8165
2025-12-06T11:17:21,2147083.3478,1498299.5735,4274956.2488,44511.2915
2025-12-06T12:21:33,2142102.8862,1493046.3806,4150528.3082,37863.5945
2025-12-06T13:16:11,2093555.9053,1512719.1106,4069663.953,35669.5945
2025-12-06T14:24:35,2036359.9049,1468083.7278,3966698.1514,34318.5945
2025-12-06T15:14:56,2002816.6141000001,1505362.6935,3880818.8542,31322.577
2025-12-06T16:19:50,1881472.6577,1457161.6359,3661393.6232,28964.5945
2025-12-06T17:16:16,1814178.1703,1442086.0827,3526885.4205,25717.5945
2025-12-06T18:17:43,1802597.2539000001,1370706.0579,3348966.1909,22107.5945
2025-12-06T19:17:15,1707310.6546,1342713.3635,3206108.9142,1999.5945
2025-12-06T21:28:43,1696294.5867,1264361.6888000001,2985075.0782,1999.5945
2025-12-06T23:26:20,1706859.5428,1213398.8574,2909878.1603,20694.5945
2025-12-07T00:32:41,1722748.024,1245539.3525,2903031.7888,18671.5945
2025-12-07T01:17:36,1695174.87,1248322.0465,2899449.3584,15841.5945
2025-12-07T02:26:17,1655963.0511,1279618.2686,2882316.8396,14686.5945
2025-12-07T03:18:27,1646717.1875,1275559.9438,2865428.2632,14151.5945
2025-12-07T04:27:18,1642745.6132,1262501.3978,2792574.2738,11356.3345
2025-12-07T05:18:19,1664210.8516,1285160.1844,2850108.3456,11649.5945
2025-12-07T06:18:02,1689868.2055,1275693.6609,2859930.4945,10569.5945
2025-12-07T07:15:07,1727386.3242,1336090.5218,2912349.4684,8997.5945
2025-12-07T08:33:50,1692682.115,1365558.6977,3081648.7417,6294.0175
2025-12-07T09:24:53,1653324.3983,1383548.251,3146152.4214,4967.0175
2025-12-07T10:16:53,1613624.42,1322930.7290999999,3129942.0965,2955.0175
2025-12-07T11:17:02,1604744.5191,1253385.0075,2979534.3434,1000.0175
2025-12-07T12:20:51,1546363.0965,1194905.1591,2871891.1851,1000.0175
2025-12-07T13:15:36,1520481.1178000001,1148891.3364,2891970.9213,1000.0175
2025-12-07T14:24:55,1529782.5249,1107336.453,2914275.5239,800.0175
2025-12-07T15:14:47,1528220.5271,1093216.0271,2875117.526,800.0175
2025-12-07T16:19:33,1439666.0997,1046361.5852,2739261.7946,800.0175
2025-12-07T17:15:44,1420708.1483,1020510.2417,2624388.9347,800.0175
2025-12-07T18:17:29,1365051.6264,980929.4853000001,2530264.0493,800.0175
2025-12-07T19:17:07,1320909.4617,943683.0197,2429498.9902,800.0175
2025-12-07T21:22:19,1241533.758,879188.329,2191694.9285,800.0175
2025-12-07T23:21:18,1199783.4825,842200.7129,2094147.4901,800.0175
2025-12-08T00:33:11,1188762.152,837181.1534,2056929.5895,800.0175
2025-12-08T01:21:46,1162402.4346,833699.8665,2055046.9581,800.0175
2025-12-08T02:32:02,1185544.2492,830477.6767,2067160.1535,800.0175
2025-12-08T03:23:33,1213654.7583,828690.2439,2102053.4825999998,800.0175
2025-12-08T04:29:24,1248725.666,827684.0661,2178333.8091,25600.0175
2025-12-08T05:32:11,1247967.8537,783930.7171,2202146.1206,56998.0575
2025-12-08T06:22:08,1282094.6533,804825.8857,2301097.9039,80624.2995
2025-12-08T07:18:14,1373072.1792,806468.7736,2341220.2734,70513.8615
2025-12-08T08:39:07,2069349.4141,827770.8156,3065482.7995,16770.9495
2025-12-08T09:35:00,2340500.18,865475.8448,3347729.3663,38010.9255
2025-12-08T10:21:03,2281957.0893,894752.8615,3255818.607,31277.0475
2025-12-08T11:21:40,2320273.4618,934497.1201000001,3243977.6308999998,24328.6975
2025-12-08T12:26:16,2202040.9809,910615.5029,3298838.2059,44692.6975
2025-12-08T13:19:29,2022175.4184,871243.0064,3162184.6841,41404.5362
2025-12-08T14:28:36,1957650.8377,858512.7681,3087352.548,30415.7782
2025-12-08T15:16:35,2006468.8552,889537.1604,3069116.0407,24645.106200000002
2025-12-08T16:22:06,2003173.067,946545.7811,3020289.2385,17205.6789
2025-12-08T17:17:22,1904573.7142,1020729.9968,2867529.7215,10761.6574
2025-12-08T18:19:07,1864586.3418,1033383.7211,2814157.574,38965.6762
2025-12-08T19:18:43,1753838.6932,1076978.5241,2727163.3478,31883.6975
2025-12-08T21:21:42,1776398.7345,969905.2497,2469341.8276,27027.6975
2025-12-08T23:18:27,1755314.1407,914222.4396,2442501.7344,20524.6975
2025-12-09T00:27:59,1780168.2397,900168.8837,2428034.0933,1999.6974999999998
2025-12-09T01:19:56,1744895.8495,895868.0678,2444737.3925,1999.6974999999998
2025-12-09T02:31:00,1636741.0749,868291.6077,2453593.7174,1999.6974999999998
2025-12-09T03:22:10,1755277.2477,898434.3498,2443092.3126,1999.6974999999998
2025-12-09T04:27:47,1786463.1714,906075.0867,2489012.8823,1999.6974999999998
2025-12-09T05:26:42,1758548.3393,906256.2364,2561604.7483,1187.2775
2025-12-09T06:23:16,1755535.0191,878623.5087,2626237.4229,24627.4965
2025-12-09T07:20:26,1786612.0215,839379.978,2819144.3776000002,19197.9505
2025-12-09T08:39:43,2651818.6335,1072224.4624,3451719.1141,41347.8075
2025-12-09T09:35:58,2654161.4142,1072478.7064,3542249.3211,35919.5715
2025-12-09T10:21:24,2548675.959,1061728.835,3492639.2757,30808.6035
2025-12-09T11:22:45,2428587.8699,1046848.1165,3403660.3502,26400.4625
2025-12-09T12:25:25,2252418.5885,1010900.4183,3522025.8339,23237.4625
2025-12-09T13:20:12,2176810.8213,981203.7285,3444448.8392,19798.3375
2025-12-09T14:25:27,2155183.4213,1033862.9931,3458684.3115,16478.3375
2025-12-09T15:16:16,2103820.7317,1049025.8744,3459529.1986,12981.4625
2025-12-09T16:21:15,2028687.2963,1003612.1479,3363615.1382,9182.4625
2025-12-09T17:18:38,2031787.8214,1039011.0869999999,3325706.8459,31109.4625
2025-12-09T18:19:56,1982361.0148,1015947.2556,3234462.6841,24005.5324
2025-12-09T19:19:46,2012707.7793,964890.6986,3142482.4202,21791.5324
2025-12-09T21:23:17,1910590.2271,893982.6753,2868700.0137,2555.2724
2025-12-09T23:22:10,1797848.7425,871745.4487000001,2752823.5667,27555.2724
2025-12-10T00:33:01,1796864.3965,879346.1637,2712629.6188,27555.2724
2025-12-10T01:20:34,1788559.2550000001,875764.0238,2719283.8895,27555.2724
2025-12-10T02:30:21,1781787.8058,872312.8269,2679249.3509,27555.2724
2025-12-10T03:22:34,1778332.0646,869795.7737,2686862.133,27555.2724
2025-12-10T04:26:45,1765745.8336,864579.7289,2737479.9788,25239.0874
2025-12-10T05:23:34,1771048.6658,859576.8281,2807137.4438,25239.0874
2025-12-10T06:22:46,1785167.7518,845619.6642,2933015.6151,46880.8914
2025-12-10T07:18:38,1901931.4923,899649.2066,2930540.1307,42342.2714
2025-12-10T08:40:04,2637796.537,1018317.3293,3346288.0312,37066.9114
2025-12-10T09:36:56,2787881.2166,1044034.5184,3571497.0605,13129.3595
2025-12-10T10:21:52,2826446.9421,1048828.2823,3495829.2874,40484.0305
2025-12-10T11:23:42,2736287.0017,1076786.6151,3576290.7561,36680.3235
2025-12-10T12:26:33,2600467.5176,1140670.8461,3486763.1038,32388.5815
2025-12-10T13:21:53,2474127.8821,1091811.7405,3402095.3644,29468.5815
2025-12-10T14:28:35,2329560.9688,1033231.7449,3345637.159,25701.5815
2025-12-10T15:17:59,2247513.4708,1024380.4413000001,3363636.9593,7710.5815
2025-12-10T16:23:25,2160249.2631,1010630.7048,3370473.1557,7710.5815
2025-12-10T17:21:15,2055002.1049,1033558.5058,3374298.3438,7710.5815
2025-12-10T18:20:28,2101563.5895000002,1064824.7044,3308781.7125,7710.5815
2025-12-10T19:17:18,1975667.5997,1014823.8772,3192509.838,24243.5815
2025-12-10T21:24:12,1860865.4896,933279.8549,3033222.4393,37167.5815
2025-12-10T23:24:01,1749439.8487,904911.8182,2905360.3119,25801.9283
2025-12-11T00:34:17,1769214.0809,911480.2308,2852503.1847,23900.2804
2025-12-11T01:21:57,1745412.2859,908160.7911,2838936.7819,21775.386
2025-12-11T02:31:24,1749455.7001,905473.6677,2819390.8338,21388.2489
2025-12-11T03:23:38,1747356.675,903560.84,2807258.0959,21388.2489
2025-12-11T04:28:00,1796126.0195,894231.6224999999,2875176.9233,27888.2489
2025-12-11T05:35:35,1752684.1801,882472.6213,2953204.2404,27888.2489
2025-12-11T06:22:57,1797988.8908,873800.802,3024022.2240999998,25364.944900000002
2025-12-11T07:18:34,2047487.973,899896.1085,3278434.0301,49879.905
2025-12-11T08:41:34,2852943.7983,1075693.2575,3748741.9043,70604.0162
2025-12-11T09:39:12,2951370.6701,1083753.8437,3939617.368,57593.5482
2025-12-11T10:21:59,2992336.0033,1092184.2228,4004750.9726,50735.0251
2025-12-11T11:23:27,2834171.2734,1104742.1372,4000744.6158,41461.7758
2025-12-11T12:28:12,2635602.6291,1115792.7693,3851557.5125,33666.683000000005
2025-12-11T13:24:47,2451639.1253,1119730.2098,3885491.3416,29410.8946
2025-12-11T14:28:16,2295925.4629,1091339.1122,3753978.7796,43772.3141
2025-12-11T15:19:36,2248096.7026,1138869.1128,3851449.1862,38044.8921
2025-12-11T16:22:23,2225254.5141,1182727.9079,3881100.9825,30222.1287
2025-12-11T17:21:13,2172349.03,1179586.351,3944069.7077,25908.6287
2025-12-11T18:19:13,2136986.1345,1152736.8066,3739378.1626,21905.120600000002
2025-12-11T19:18:55,2091485.553,1108684.8172,3579961.3462,20584.5315
2025-12-11T21:23:51,2016173.3965,1028155.1788,3405525.9482,17592.5315
2025-12-11T23:23:00,1948448.1096,988029.3899,3236218.702,9032.531500000001
2025-12-12T00:33:08,1981918.6895,1016567.0002,3209416.5842999998,7788.5315
2025-12-12T01:21:13,1966461.3878,1011764.8015,3190601.1501,7238.5315
2025-12-12T02:30:40,1963415.8955,1008046.191,3169829.1322,5743.5315
2025-12-12T03:22:56,1947917.0831,1005673.4752999999,3157132.3572,4889.5315
2025-12-12T04:27:24,1971980.403,1003484.8542,3211426.4809,3411.3514999999998
2025-12-12T05:24:14,2023117.5400999999,996919.3736,3250601.3561,1187.2775
2025-12-12T06:20:55,2072352.7393,956970.8742,3386909.2991,25100.3565
2025-12-12T07:19:22,2285344.1326,972288.9407,3574814.1661,55394.2225
2025-12-12T08:39:20,2757075.6018,1039053.864,4185455.0663,14323.5095
2025-12-12T09:34:27,2954155.4224,1003899.387,4356305.6864,40231.8275
2025-12-12T10:18:43,2846658.1736,1027135.9902,4328025.1564,59217.866500000004
2025-12-12T11:21:12,2640100.4794,1018189.0734999999,4182269.1039,50385.3715
2025-12-12T12:23:21,2636701.6738,1117575.8893,4240316.9075,25897.3715
2025-12-12T13:19:05,2499659.4309,1131386.9718,4218082.5334,23060.3715
2025-12-12T14:29:24,2299248.645,1096004.3423,4087932.0086,19545.3715
2025-12-12T15:16:49,2204526.629,1155013.715,4121327.3793,18323.3715
2025-12-12T16:21:20,2083967.1809,1187850.8146,4073932.082,42563.59450000001
2025-12-12T17:18:20,1993375.1143,1216334.9208,3979677.0827,37243.973600000005
2025-12-12T18:18:46,1891055.8851,1191246.1384,3872858.3447000002,30371.272100000002
2025-12-12T19:18:43,1818178.376,1178887.2059,3738810.0722,25134.070600000003
2025-12-12T21:19:16,1751197.8789,1115813.4688,3533503.7621999998,22436.24
2025-12-12T23:15:15,1788086.6993,1023778.3998,3387533.0396,20006.9765
2025-12-13T00:24:52,1828911.0552,1083862.1833,3366396.4012,19369.1082
2025-12-13T01:19:53,1851015.5718,1079440.8357,3349483.6089,19369.1082
2025-12-13T02:27:48,1833242.7568,1087032.4707,3344014.362,17838.5659
2025-12-13T03:18:41,1791622.7006,1084271.8598,3340876.6649,17838.5659
2025-12-13T04:23:09,1825308.1293,1082791.2789,3307027.5511,17163.9153
2025-12-13T05:19:17,1866446.4806,1077027.8036,3332247.685,16626.2755
2025-12-13T06:19:02,1926355.4228,1073360.9166,3445757.7239,16352.619599999998
2025-12-13T07:15:29,2171842.7044,1044260.0658,3577054.0525,46352.6196
2025-12-13T08:34:38,3194851.785,1106629.5552,4002183.0701,114576.7321
2025-12-13T09:26:44,3579955.1183,1151520.4292,4097534.3835,104878.4316
2025-12-13T10:17:27,3493536.3031,1158933.1812,4197969.0697,96103.6066
2025-12-13T11:17:51,3542039.3310000002,1150469.172,4319923.6507,85213.0202
2025-12-13T12:21:45,3363278.9554,1106514.4678,4421134.3582,73340.7625
2025-12-13T13:16:55,3222816.5486,1127033.9037,4333804.2839,62496.092300000004
2025-12-13T14:24:31,3147584.8268,1189750.3322,4353841.3741,42057.7796
2025-12-13T15:14:58,2954140.3611,1153456.6309,4295004.6918,37026.744900000005
2025-12-13T16:19:59,2719164.5371,1160912.4152,4346694.7815,32597.7611
2025-12-13T17:16:38,2648925.7292,1138107.6935999999,4291734.7648,29329.5246
2025-12-13T18:17:55,2527683.6402,1146876.9105,4195280.192,26002.5246
2025-12-13T19:17:30,2466397.9012,1117761.2316,3975068.1857,22929.6564
2025-12-13T21:28:59,2369659.1572,1052290.0829,3894910.9961,20753.1295
2025-12-13T23:28:10,2449374.0487,1063175.454,3845243.8704,20363.0194
2025-12-14T00:35:57,2426134.9255,1121053.7213,3840236.1478,25771.3429
2025-12-14T01:18:57,2405706.4629,1149285.1443,3911300.8685,25744.4612
2025-12-14T02:28:02,2408565.1406,1155214.9863,4023100.1829,14148.601200000001
2025-12-14T03:18:34,2388483.9416,1167106.3061,3969040.3232,13799.1227
2025-12-14T04:24:00,2376508.5345,1163045.9762,3963596.8259,13799.1227
2025-12-14T05:23:56,2283597.8057,1149643.7338,3960185.7861,13530.3055
2025-12-14T06:19:04,2355600.7367,1102475.0869,3955820.6773,9240.44
2025-12-14T07:15:57,2431720.103,1153639.8049,3989899.2728,3584.5465999999997
2025-12-14T08:35:21,2176325.6759,1242751.1114,3897795.2284,3486.1594999999998
2025-12-14T09:26:43,2111969.693,1221526.9809,3735692.1477,3886.1594999999998
2025-12-14T10:17:40,2010677.9848,1237931.7258,3551323.5038,3686.1594999999998
2025-12-14T11:18:03,1910276.3407,1171960.9776,3337866.5139,3346.5224
2025-12-14T12:21:41,1815353.9202,1108501.7862,3144302.6952,16890.9257
2025-12-14T13:16:52,1766568.9035,1060478.741,3099178.4651,15421.2775
2025-12-14T14:25:58,1785892.227,1010054.9434,2966242.2735,11223.2775
2025-12-14T15:15:28,1768413.3911,973342.6075,2865150.6807,1898.2775000000001
2025-12-14T16:20:38,1704783.5534,918023.0652,2794990.0703,1898.2775000000001
2025-12-14T17:17:39,1654429.7172,856203.1393,2646383.6138,1898.2775000000001
2025-12-14T18:17:58,1622767.0553,815268.9364,2531653.9454,1898.2775000000001
2025-12-14T19:18:06,1608731.1737,778399.7068,2425211.4113,1898.2775000000001
2025-12-14T21:26:15,1533584.9863,713890.8108,2253600.6123,1898.2775000000001
2025-12-14T23:29:54,1505593.4306,685903.7057,2120471.3354,1898.2775000000001
2025-12-15T00:39:41,1495659.5593,673603.5806,2117712.46,1898.2775000000001
2025-12-15T01:25:06,1511335.246,695725.4443,2112079.0094,1898.2775000000001
2025-12-15T02:32:36,1551889.8294,704855.3005,2106411.9319,1898.2775000000001
2025-12-15T03:23:47,1551517.887,703208.8356999999,2122087.8198,1898.2775000000001
2025-12-15T04:30:17,1603750.0996,700840.4933,2124329.1357,1898.2775000000001
2025-12-15T05:30:25,1612254.7592,697133.9749,2205324.8118,36698.2775
2025-12-15T06:24:36,1696247.6362,690029.9236,2262925.5067,36583.2775
2025-12-15T07:19:00,1822780.6091,688523.4963,2450149.5987,59896.2775
2025-12-15T08:42:18,2591913.7878,725147.9064,3028870.7913,30960.9685
2025-12-15T09:40:49,2891925.7366,747563.142,3134542.1264,49478.5245
2025-12-15T10:24:40,2869954.7003,756280.3699,3238599.7162,40033.4405
2025-12-15T11:24:30,3025538.161,820847.4725,3181682.933,26023.9845
2025-12-15T12:29:01,2765004.2545,824960.3417,3164562.1627,20476.8835
2025-12-15T13:24:15,2572415.2638,788330.5849,3214986.7367,18542.8835
2025-12-15T14:29:47,2413047.9946,793366.0309,3231685.7771,14914.8835
2025-12-15T15:19:36,2357754.8629,830352.0511,3285560.3116,13179.8835
2025-12-15T16:23:10,2290560.1266,910578.2092,3360521.1105,9744.8835
2025-12-15T17:19:32,2292495.6484,946916.0558,3297367.3419,6111.8835
2025-12-15T18:19:51,2166714.2893,990599.4192,3201827.2674,27255.464100000005
2025-12-15T19:19:23,2038594.2576000001,942937.4868,3046700.5506,23204.8243
2025-12-15T21:25:01,1924586.9088,907387.8191,2772904.6403,22344.8727
2025-12-15T23:23:42,1922581.4494,838335.4157,2734010.8596,20597.1012
2025-12-16T00:35:07,2025654.02,852514.3102,2758309.236,20548.62
2025-12-16T01:21:51,2027286.2056,848851.7126,2751302.2086,20548.62
2025-12-16T02:30:47,2012082.5727,858043.565,2738141.2741,20548.62
2025-12-16T03:22:43,2009078.0469,855832.7698,2725908.7682,20548.62
2025-12-16T04:28:51,1922732.5183,852586.657,2644882.777,20548.62
2025-12-16T05:25:31,1992678.4265,863389.6516,2706641.7735,20548.62
2025-12-16T06:23:13,2054498.1613,870610.0722,2756157.6029,47397.274
2025-12-16T07:18:54,2223578.3317,861421.707,2882882.9273,43685.505
2025-12-16T08:40:51,2952385.6404,931492.9882,3363670.4344,41546.468
2025-12-16T09:46:24,3081913.4176,957508.9699,3528139.9683,59585.927
2025-12-16T10:23:11,3075602.5766000003,994036.6566,3565338.7609,56373.737
2025-12-16T11:22:59,3244848.8225000002,971733.135,3618421.3163,78737.716
2025-12-16T12:27:14,3159349.4433999998,979113.0314,3699454.4691,67900.38
2025-12-16T13:23:23,2914061.1042,920731.2724,3711515.788,64381.5377
2025-12-16T14:29:49,2680208.3735,904331.7385,3586267.2119,56026.3836
2025-12-16T15:19:37,2703477.4390000002,1001888.2395,3724792.1837,52724.67140000001
2025-12-16T16:23:19,2714746.2772,1083284.9782,3715897.4381,48779.351500000004
2025-12-16T17:19:54,2720612.9588,1039043.2189,3892556.8375,46403.0504
2025-12-16T18:19:28,2566722.8584,1001689.1549,3847724.2034,28690.351499999997
2025-12-16T19:18:53,2442975.2896,938530.5567,3746228.9846,26434.182099999998
2025-12-16T21:19:58,2161096.3201,823142.7797,3537202.9709,24156.418700000002
2025-12-16T23:19:44,2221842.1841,771101.2515,3420011.9217,22590.418700000002
2025-12-17T00:33:05,2189639.582,769772.3201,3379238.6021,21369.5182
2025-12-17T01:21:49,2194077.778,777947.5704,3349729.2713,19912.8085
2025-12-17T02:30:32,2204305.335,785347.1555999999,3328452.4203,19608.8085
2025-12-17T03:22:36,2165540.9051,784333.5967999999,3312983.0286,19182.8085
2025-12-17T04:28:15,2158077.7663,782571.4027,3336562.8982,16987.9885
2025-12-17T05:27:52,2173807.9032,785356.3994,3375106.8901,15544.9837
2025-12-17T06:23:20,2267079.6434,797471.1635,3435945.2469,73123.8359
2025-12-17T07:19:29,2547025.8457,834521.6992,3639474.0491,66555.1899
2025-12-17T08:41:00,3142906.8009,851279.1228,4109900.787,54486.4942
2025-12-17T09:33:43,3302984.3527,931256.9347999999,4047718.375,69637.3132
2025-12-17T10:21:02,3199920.7465,960543.1018,4127293.0483,58503.4073
2025-12-17T11:21:51,2920438.4189,921822.6505,4078926.3875,45405.4688
2025-12-17T12:26:42,2939311.3225,920333.0437,4065281.6745,30976.1904
2025-12-17T13:23:23,2784971.243,894088.7933,4063566.8686,28283.8571
2025-12-17T14:29:49,2640216.4355,911032.3092,4002318.5804,24063.5937
2025-12-17T15:19:20,2590606.2679,908129.4207,4096215.6221,21089.3544
2025-12-17T16:22:37,2546899.7485,959881.4536,3949386.2513,16251.3033
2025-12-17T17:19:36,2437717.6731,917990.9142,3910806.6035,13660.1044
2025-12-17T18:19:29,2431017.4985,923075.7618,3901333.0943,10834.5748
2025-12-17T19:18:54,2349408.851,900430.9585,3800822.3513,8341.491399999999
2025-12-17T21:20:36,2283245.1638,869751.8238,3470626.1738,3880.4135
2025-12-17T23:20:37,2185065.5103,846301.6952,3259775.7306,3649.8075
2025-12-18T00:33:25,2164629.1266,836837.9484999999,3270672.7759000002,3649.8075
2025-12-18T01:21:47,2148358.3543,828066.0323,3184906.8867,3649.8075
2025-12-18T02:30:23,2098968.6094,815357.6906,3073468.8582,3649.8075
2025-12-18T03:22:01,2080421.81,809842.3009,2958459.498,3649.8075
2025-12-18T04:27:10,2065465.5306,809534.8058,2853477.8316,3649.8075
2025-12-18T05:25:56,2062948.989,817258.4915,2765844.2202,3649.8075
2025-12-18T06:22:21,2028004.0966,800207.0453,2692475.6888,33393.1138
2025-12-18T07:18:32,2146593.5278,813463.026,2737791.8195,33393.1138
2025-12-18T08:39:37,2189789.222,803668.8906,2700707.8259,34391.4135
2025-12-18T09:36:10,2159768.51,778477.3373,2484508.5803,34391.4135
2025-12-18T10:21:33,2163347.1781,828525.2156,2395482.2225,33204.1535
2025-12-18T11:21:53,2144705.4512,826806.7918,2292011.5325,33204.1535
2025-12-18T12:27:11,2151258.847,807193.5604,2148792.6382,33204.1535
2025-12-18T13:22:52,2161024.3894,802239.683,2026687.6569,33071.5782
2025-12-18T14:28:48,2186223.9053,776160.9504,1925622.9327,30665.868300000002
2025-12-18T15:18:10,2181063.03,797943.4445,1830509.8432,28810.835900000002
2025-12-18T16:20:18,2254831.7954,836398.6018,1745024.0501,25909.9566
2025-12-18T17:17:39,2260875.4436,869569.0932,1643976.3957,24463.7654
2025-12-18T18:19:11,2279448.6668,866073.1501,1553349.9672,22413.5876
2025-12-18T19:18:58,2296116.5259,892278.1397,1484732.3955,20777.1463
2025-12-18T21:23:58,2374215.7686,862174.3614,1356171.9047,16513.0569
2025-12-18T23:23:25,2406872.565,876775.567,1290953.2254,34001.9786
2025-12-19T00:34:00,2584799.5858,899476.9298,1424859.6104000001,29986.508
2025-12-19T01:20:52,2608627.0359,899345.014,1422176.2396,29179.3466
2025-12-19T02:29:44,2596577.4691,882727.6156,1405478.9566,27701.158
2025-12-19T03:21:33,2588268.6821,872213.0526,1395336.3713,27004.2224
2025-12-19T04:26:48,2580796.5156,861756.3640000001,1384250.3084,24722.6982
2025-12-19T05:23:12,2526363.9819,847798.3244,1359744.3487,23814.603900000002
2025-12-19T06:21:30,2657381.9172,872661.6498,1331021.806,18843.5777
2025-12-19T07:17:55,2631268.2601,954647.1986,1284888.7652,16983.6232
2025-12-19T08:37:57,2824178.9923,1035876.1616,1277565.8329,34139.6834
2025-12-19T09:33:12,2941937.0959,1111880.7112,1113771.7106,31707.655899999998
2025-12-19T10:20:47,3020367.2815,1099088.1358,1126437.2882,29387.4512
2025-12-19T11:21:35,3008927.1654,1113423.8048999999,1141187.4333,27282.4512
2025-12-19T12:24:56,3184670.8324,1099399.9821,1232562.9412,24944.8835
2025-12-19T13:34:10,3230893.5125,1058121.2955,1368784.6775,22853.8835
2025-12-19T14:27:50,3402294.8016,1034797.4733000001,1522775.4116,21095.8835
2025-12-19T15:16:44,3645891.4823,1039178.4561,1691175.3385,20057.8835
2025-12-19T16:21:42,3794812.4372,1057093.4949999999,1894470.6976,19923.8835
2025-12-19T17:18:28,3909454.4641,1092980.3283,2054706.7596,19923.8835
2025-12-19T18:19:21,3935187.4734,1066273.1746,2191429.4959,19923.8835
2025-12-19T19:18:43,4053452.3592,1076170.5628,2222144.3135,19923.8835
2025-12-19T21:19:56,4089644.6534,1023572.4394,2353120.7736,47139.883499999996
2025-12-19T23:14:44,4061130.3642,989925.162,2155830.7294,45859.883499999996
2025-12-20T00:25:07,4176606.093,977473.6997,2147311.4554,19923.8835
2025-12-20T01:19:17,4190099.4013,970473.2338,2039037.6997,45497.883499999996
2025-12-20T02:28:42,4233801.0556,957915.2948,1950953.4926,44843.883499999996
2025-12-20T03:17:48,4255752.7827,957436.5346,1910886.2943,44779.883499999996
2025-12-20T04:23:50,4245703.222,966921.1097,1965533.2742,44779.883499999996
2025-12-20T05:19:11,4246045.7475,955189.7122,1921554.1422000001,43988.883499999996
2025-12-20T06:19:13,4349561.737,959882.9953,1900461.1648,62896.8395
2025-12-20T07:15:51,4442670.0325,968648.8628,1935038.4513,61407.845499999996
2025-12-20T08:35:23,4992080.6652999995,1124004.3768,2349587.0062,57690.7475
2025-12-20T09:26:34,5012204.2213,1161265.4043,2464997.4856,56460.0695
2025-12-20T10:17:48,4955914.7376,1092852.1777,2465413.6366,55885.8235
2025-12-20T11:18:06,5008714.9504,1040977.7342,2422230.3047,55818.563500000004
2025-12-20T12:22:25,5131317.7509,1077513.2364,2418511.2932,51930.8335
2025-12-20T13:16:06,5231544.0245,1122334.5996,2465683.3369,49703.404500000004
2025-12-20T14:24:26,5348545.318,1238281.0136,2533260.056,48222.404500000004
2025-12-20T15:14:56,5498040.0385,1281151.0222,2530804.5206,47214.9965
2025-12-20T16:19:56,5529213.2457,1358062.4478,2610233.0541,46363.1805
2025-12-20T17:16:32,5468088.5868999995,1326137.3945,2629576.8821,44818.970499999996
2025-12-20T18:17:47,5571227.3754,1289354.0955,2563281.2503,84804.67050000001
2025-12-20T19:18:01,5528959.1049,1249812.4273,2471850.8638999998,83642.1287
2025-12-20T21:28:59,5426538.555,1142636.9799,2311272.2968,81994.6453
2025-12-20T23:28:44,5522478.5903,1121109.3233,2278622.2287,81392.85130000001
2025-12-21T00:37:06,5595895.1482,1166726.7462,2224196.5751,81084.7903
2025-12-21T01:20:06,5626680.8527,1161323.4765,2197114.9189,80516.3465
2025-12-21T02:28:09,5687969.5197,1147290.4722,2192708.5423,80516.3465
2025-12-21T03:18:42,5763549.9918,1136935.2731,2156499.6828,80516.3465
2025-12-21T04:24:42,5803493.6806,1120759.4683,2126352.0536,80147.3465
2025-12-21T05:19:35,5818967.2105,1124879.1661,2138489.9894,80147.3465
2025-12-21T06:19:30,5859061.155,1120350.7179,2172921.122,79850.3465
2025-12-21T07:16:10,5914229.8476,1053894.0894,2118695.1505,93988.73449999999
2025-12-21T08:35:28,6283512.8319,1135110.7709,2153349.0893,77867.45449999999
2025-12-21T09:27:16,6342441.9326,1158168.4509,2142072.8274,77337.1304
2025-12-21T10:17:45,6362277.2553,1103735.8682,2111297.3864,75992.1304
2025-12-21T11:18:13,6345536.7029,1040715.6283,2099670.8824,74905.5006
2025-12-21T12:22:09,6234631.595,998542.3430999999,2118380.4391,74890.5006
2025-12-21T13:16:37,6143089.9936,951963.7895,2077140.6354,84041.3786
2025-12-21T14:26:09,6081706.8499,902321.2844,2137833.1445,103783.3786
2025-12-21T15:15:01,6039067.5629,894379.8553,2135441.9063,103601.7666
2025-12-21T16:20:23,5965865.7898,859894.9912,2089895.1415,102319.7666
2025-12-21T17:17:36,5887810.6486,822090.1834,2024963.1874,102012.3586
2025-12-21T18:18:29,5815026.3704,807949.2633,1968068.746,101391.3586
2025-12-21T19:18:07,5771121.6399,776174.2354,1879592.7615,101120.1444
2025-12-21T21:27:22,5671406.2545,743794.8519,1697216.4668,100303.6414
2025-12-21T23:41:54,5690691.6922,757186.3815,1663327.6241,99823.0794
2025-12-22T00:39:18,5795946.1727,777666.1156,1654307.7117,81502.0794
2025-12-22T01:23:38,5797450.9707,775990.8563,1656604.6199,99610.0794
2025-12-22T02:32:03,5785314.3027,796054.2063,1654628.1812,99405.0794
2025-12-22T03:23:32,5778343.6399,799948.445,1653821.0271,99405.0794
2025-12-22T04:30:43,5710182.0858,798140.1599,1735476.5285,98606.7404
2025-12-22T05:27:32,5753772.543,796800.6928,1845865.1517,98591.4344
2025-12-22T06:21:31,5751135.6611,784768.8127,1909299.2221,98591.4344
2025-12-22T07:17:55,5818630.9797,787531.4847,2001064.3211,98445.4344
2025-12-22T08:39:11,6255353.5347,834771.1858,2482098.0464,87021.0612
2025-12-22T09:34:03,6330873.8427,883085.2799,2677872.9546,138293.9796
2025-12-22T10:20:39,6348194.3213,870969.6383,2677342.7401,137881.9692
2025-12-22T11:21:31,6351660.5461,886902.1567,2642350.2886,135996.481
2025-12-22T12:24:05,6223472.9598,930959.5168,2577318.9872,134664.96
2025-12-22T13:18:15,6315160.7026,906349.0878,2616118.3258,133512.688
2025-12-22T14:29:21,6249991.2911,874575.7493,2567686.7953,133127.518
2025-12-22T15:16:57,6247593.6894,863918.5577,2611397.785,133004.788
2025-12-22T16:21:22,6217992.0572,881829.6248,2613208.0446,130017.3782
2025-12-22T17:18:12,6262938.7223000005,961578.4803,2533219.4002,148250.5983
2025-12-22T18:19:30,6239401.9487,973284.1358,2603345.4381999997,144701.5367
2025-12-22T19:19:16,6212350.6248,952692.3866,2628729.8293,151916.2247
2025-12-22T21:24:32,6192009.1038,945931.8062,2562981.119,150780.3767
2025-12-22T23:25:58,6171293.4766,950694.0494,2524896.0177,149602.6397
2025-12-23T00:37:32,6164159.6101,952040.6454,2521674.5807,149500.6397
2025-12-23T01:23:22,6164571.341,948956.1114,2554091.2893,149500.6397
2025-12-23T02:40:42,6114746.6098,931760.2428,2618635.8485,134224.6397
2025-12-23T03:23:38,6166508.0077,930008.3744,2614815.7282,149184.6397
2025-12-23T04:27:57,6158558.008,928455.4603,2690362.4587,148990.8295
2025-12-23T05:24:27,6146278.6318,929042.1987000001,2723496.3987,128817.82949999999
2025-12-23T06:22:11,6179624.9442,998744.3486,2799340.0705,128659.4215
2025-12-23T07:18:22,6222970.4917,1065046.6976,3058434.2877,143437.9235
2025-12-23T08:39:58,6547190.5328,1263771.4971,3659675.4731,109482.35829999999
2025-12-23T09:35:48,6702333.6257,1203874.0273,4138006.8787000002,108750.5563
2025-12-23T10:19:59,6713402.5689,1189173.1312,4160069.29,108237.42569999999
2025-12-23T11:33:19,6763382.3826,1181625.7801,4276677.453,106907.1533
2025-12-23T12:24:54,6731438.3519,1176617.9523,4374192.7536,105764.5043
2025-12-23T13:19:51,6706414.0295,1189644.6729,4311171.8135,103428.2043
2025-12-23T14:28:55,6718772.2739,1199390.0489,4240709.9438000005,102372.24530000001
2025-12-23T15:17:26,6821980.3269,1287977.0597,4193243.7753,101615.7911
2025-12-23T16:21:17,6767372.9107,1348009.5067,4187067.063,101033.2947
2025-12-23T17:18:48,6731302.549,1332078.6162999999,4226442.6868,99790.2468
2025-12-23T18:19:31,6710172.8908,1378321.9869,4255326.7796,98772.92480000001
2025-12-23T19:18:34,6656519.4077,1362359.8358,4119869.0756,97169.5128
2025-12-23T21:23:11,6509308.9679,1321183.603,3943173.2665999997,95797.61480000001
2025-12-23T23:23:25,6491805.1125,1280953.3214,3849409.6304,95071.8082
2025-12-24T00:35:22,6505456.0265,1267932.7408,3827586.24,94853.8082
2025-12-24T01:23:27,6562468.2133,1265373.9723,3810145.0309,94853.8082
2025-12-24T02:31:10,6554206.962,1264271.4148,3736462.1462,94853.8082
2025-12-24T03:23:05,6547942.3693,1262418.9224,3758875.8752,94853.8082
2025-12-24T04:27:36,6547968.2816,1248975.5661,3823953.6715,104688.5837
2025-12-24T05:23:38,6541368.4723,1245555.882,3885032.3492,93641.7417
2025-12-24T06:21:00,6543745.1567,1236829.8725,3944553.5545,102137.6618
2025-12-24T07:18:21,6627222.6511,1248109.7945,4135777.9588,118301.91279999999
2025-12-24T08:39:06,7082602.4549,1273092.9493,4570209.085,138980.96
2025-12-24T09:31:49,7229936.2394,1280577.402,4640472.4095,137102.5256
2025-12-24T10:21:14,7147521.5601,1297559.8331,4545492.1531,136457.0266
2025-12-24T11:20:50,7168075.4427,1314120.7196,4545303.4496,134683.0063
2025-12-24T12:23:46,7166682.3124,1323898.5179,4555405.913,133123.4783
2025-12-24T13:16:52,7116225.7593,1244436.5699,4643132.9897,131527.2538
2025-12-24T14:27:44,6985214.3374,1287211.8684,4623417.3921,131072.6348
2025-12-24T15:15:40,7130165.0874,1357285.0837,4603412.154,129311.92379999999
2025-12-24T16:21:01,7297913.2613,1427723.9239999999,4667895.7011,128121.9078
2025-12-24T17:18:03,7338766.5423,1672288.8364,4740550.9162,125890.9168
2025-12-24T18:19:02,7311705.4241,1701735.0709,4817158.8862,125040.4787
2025-12-24T19:18:31,7329546.2904,1746352.8,4809742.0824,124025.9087
2025-12-24T21:23:57,7136396.5148,1631178.5119,4627841.0044,122897.0417
2025-12-24T23:26:16,7137647.0366,1619754.0133,4547978.9449,120715.4789
2025-12-25T00:37:50,7174641.1023,1662032.5032,4572927.1471,120695.4789
2025-12-25T01:23:42,6977146.8669,1660496.0961,4607673.0498,120648.4789
2025-12-25T02:30:13,7246088.5731999995,1666297.3551,4588256.0238,100669.8489
2025-12-25T03:22:00,7267347.4373,1669307.9188,4618247.439,119558.8489
2025-12-25T04:26:54,7269055.7639,1693850.7338999999,4622697.2051,119558.8489
2025-12-25T05:22:10,7260886.3997,1688803.1414,4634830.6970999995,119558.8489
2025-12-25T06:21:07,7304669.1753,1697968.7349,4686144.9029,119514.8489
2025-12-25T07:17:22,7440410.4258,1858106.7231,4931203.7451,148720.58789999998
2025-12-25T08:37:57,7573840.3342,1833658.2555,4965610.3739,128930.3332
2025-12-25T09:31:51,7713003.6153,1812543.0988,5050189.864,128647.6232
2025-12-25T10:19:15,7736911.7447,1765481.2546,4977900.2853,128622.11319999999
2025-12-25T11:19:33,7693851.4847,1703298.0937,4904672.2119,127321.6694
2025-12-25T12:23:30,7655438.1297,1614811.6933,4913825.6521,127250.6694
2025-12-25T13:17:39,7673316.0615,1560963.7123,4827502.3447,126485.9374
2025-12-25T14:27:39,7597982.3914,1506784.3062,4880086.1213,126126.5984
2025-12-25T15:15:46,7546792.5315,1487277.5012,4849861.8857,130615.9984
2025-12-25T16:21:20,7446243.9287,1435407.8802,4888154.5082,130147.5234
2025-12-25T17:18:16,7482091.5511,1395120.6312,4878401.5111,129843.0134
2025-12-25T18:18:41,7440397.087,1367701.0443,4815538.3574,129778.5394
2025-12-25T19:19:17,7427431.0189,1322645.5634,4693906.9463,129639.4374
2025-12-25T21:24:01,7330208.5933,1251098.8207,4652522.5455,128941.1874
2025-12-25T23:24:09,7295430.6438,1204057.7463,4597527.736,127436.1654
2025-12-26T00:35:16,7382927.1795,1211234.2704,4617365.1151,127365.0354
2025-12-26T01:21:08,7384863.3739,1194556.8225,4633353.3342,127365.0354
2025-12-26T02:30:29,7395438.3803,1192512.5108,4628920.2187,127200.8254
2025-12-26T03:21:17,7392584.2928,1190505.2717,4647799.3865,127200.8254
2025-12-26T04:26:03,7385642.4183,1187827.5473,4651366.4869,127200.8254
2025-12-26T05:21:27,7377815.3041,1185041.3636,4651790.9132,126932.8054
2025-12-26T06:20:53,7376073.7464,1236721.4241,4701446.4686,126452.6154
2025-12-26T07:18:27,7437102.7103,1252112.5032,4853377.4084,132606.8044
2025-12-26T08:38:24,7594942.308,1312652.1177,4970321.9604,113928.65239999999
2025-12-26T09:32:18,7619861.1115,1323659.5353,5215814.8173,84724.1684
2025-12-26T10:19:42,7463787.505,1279739.3493000001,5227423.4947999995,83648.1684
2025-12-26T11:20:10,7428383.096,1206775.2172,5274584.5294,83233.0864
2025-12-26T12:22:44,7391127.0293,1172266.0783,5130345.1172,82813.0314
2025-12-26T13:17:00,7289017.6822999995,1127011.3567,5097029.8936,82554.86809999999
2025-12-26T14:27:38,7194268.4801,1152083.2446,4969372.2757,86944.4601
2025-12-26T15:15:58,7182728.1581,1143637.0929,4895550.9712,86688.9611
2025-12-26T16:20:48,7128703.8862,1090010.8942,4757281.0303,86349.7831
2025-12-26T17:17:50,6964715.167,1062920.4995,4667305.3952,84750.61850000001
2025-12-26T18:19:17,6948610.2642,1027363.9164,4630757.1866,84417.6985
2025-12-26T19:18:34,6869661.2713,982649.6257,4565667.3163,83633.8389
2025-12-26T21:22:15,6738451.5993,906611.9012,4441751.2634,82244.0309
2025-12-26T23:22:55,6691028.8137,880475.7348,4420543.4827,81151.7219
2025-12-27T00:32:21,6684004.1372,872048.5166,4456690.6547,81034.8935
2025-12-27T01:20:36,6624320.8152,866999.5238,4389856.4213,84495.6035
2025-12-27T02:28:42,6613052.6186999995,862597.2303,4371639.6934,84367.6035
2025-12-27T03:18:50,6612115.1828,865722.5934,4381314.1272,84367.6035
2025-12-27T04:24:43,6629795.7396,877027.0830999999,4382346.3296,84163.5215
2025-12-27T05:19:59,6611649.4454,878311.8982,4397009.6716,84084.5215
2025-12-27T06:19:35,6650737.7547,880129.5737,4396180.8724,83273.12150000001
2025-12-27T07:15:55,6671066.0825,860485.9079,4435431.8871,82689.82149999999
2025-12-27T08:36:00,6782831.0953,825508.3678,5041039.7127,74133.8235
2025-12-27T09:28:19,7045710.4089,918142.4928,5195376.46,77727.4173
2025-12-27T10:18:11,6801809.9906,884579.9278,5022531.4827,76356.3499
2025-12-27T11:18:11,6974710.1354,918462.5938,4954402.4587,74143.86970000001
2025-12-27T12:22:09,7006334.9893000005,934159.2454,4829241.6313,71632.1527
2025-12-27T13:17:12,7027011.6706,956547.9996,4833292.3851,70171.6057
2025-12-27T14:26:03,6969396.0114,1089086.153,4766442.8671,68885.3447
2025-12-27T15:15:16,6910751.8867,1075663.8922000001,4849897.3027,68110.3057
2025-12-27T16:20:55,7042830.1181,1089453.214,4814869.1858,67127.6793
2025-12-27T17:16:53,6949835.4935,1077031.1477,4729064.4976,66898.2273
2025-12-27T18:18:27,6915283.4918,1031987.6957,4630331.1046,75083.6433
2025-12-27T19:18:45,6941235.7539,1030630.2971,4554596.4753,73715.7047
2025-12-27T21:42:02,6971035.7519000005,1101066.3574,4607473.7723,65034.7286
2025-12-27T23:46:56,7014206.3593,1161959.1575,4807108.8461,63490.2696
2025-12-28T00:44:07,7167071.2805,1231599.9373,4925972.3596,63286.2696
2025-12-28T01:23:29,7114224.2245000005,1254682.5365,4867011.6877999995,63286.2696
2025-12-28T02:29:52,5804463.7945,1271399.1193,4922832.1029,65570.7596
2025-12-28T03:20:10,7125576.3852,1268528.9003,4916152.3599,65531.4796
2025-12-28T04:24:51,7171908.8169,1309240.3585,4910837.5934,65248.4796
2025-12-28T05:20:05,6942797.6103,1213530.702,4926712.7401,65059.4796
2025-12-28T06:29:04,7004800.3801,1304657.4462000001,4884676.3747,64555.3776
2025-12-28T07:16:47,6966959.3577,1342090.0946,4989787.6033,64398.366200000004
2025-12-28T08:36:52,7405596.1499,1476912.2997,5169302.7014,70604.62950000001
2025-12-28T09:29:20,7561986.8066,1515310.4485,5255046.5751,62823.0595
2025-12-28T10:18:27,7473615.4454,1445750.831,5148589.3345,62512.154500000004
2025-12-28T11:18:36,7442107.6592,1403776.8437,5066203.4888,61870.5985
2025-12-28T12:23:26,7188994.6358,1337453.1692000001,4871645.2245,59475.4171
2025-12-28T13:17:27,7248893.0333,1285320.8009,4848671.1328,59298.6229
2025-12-28T15:15:39,7046757.7842,1223850.5576,4603382.071,57938.6627
2025-12-28T16:21:12,6943907.4881,1173668.9797,4416263.0669,56969.9123
2025-12-28T17:18:14,6837476.1863,1134125.6449,4360270.4397,56844.022300000004
2025-12-28T18:18:39,6767895.7227,1098231.7087,4229625.3361,56772.594300000004
2025-12-28T21:30:25,6588094.7787,979082.2196,3819203.1426,56017.3143
2025-12-28T23:48:26,6526997.1867,953095.2764,3687713.1459,54772.0343
2025-12-29T00:47:46,6545925.4295,949529.6236,3713575.1726,54375.5043
2025-12-29T01:28:00,6537218.3787,947913.2794,3700483.714,54375.5043
2025-12-29T02:32:46,6547840.6213,945062.3256,3695643.0522,54337.7443
2025-12-29T03:25:24,6540624.3373,943695.3546,3713377.5648,54337.7443
2025-12-29T04:29:39,6544968.1086,940552.8551,3732137.0177,45710.1323
2025-12-29T05:29:32,6536767.3439,982742.9483,3710841.9605,54307.1323
2025-12-29T06:22:26,6506390.4925,969200.6022,3711638.0679,47389.7843
2025-12-29T07:18:27,6548873.277,962443.1357,3808272.402,47332.5343
2025-12-29T08:41:36,6706936.1149,940270.153,4048898.5814,73239.0747
2025-12-29T09:37:19,6892290.9655,1011534.6426,4119767.6949,72117.3017
2025-12-29T10:20:53,6891131.6339,1064540.392,4045339.1937,71377.1603
2025-12-29T11:21:14,6795353.3518,1048818.9873,4181560.3862,70855.7832
2025-12-29T12:23:52,6767252.3238,1099638.5281,4165907.5477,70410.46
2025-12-29T13:18:25,6657217.7121,1155630.4616,4120601.6976,90138.031
2025-12-29T14:29:01,6714447.0098,1124971.2314,4159026.8511,87031.63709999999
2025-12-29T15:16:32,6737143.5445,1105954.7872,4084711.4748,86005.6891
2025-12-29T16:22:24,6753531.7151,1182061.0665,4058354.6661,83731.7141
2025-12-29T17:18:26,6681196.8217,1202416.4901,4135073.2573,82148.2911
2025-12-29T18:19:50,6771638.679,1123138.8281,4162327.7059,80200.9889
2025-12-29T19:19:08,6658316.5891,1216194.6429,4155355.1592,75956.9809
2025-12-29T21:25:41,6277897.6424,1119603.9931,3233111.7767,69962.7305
2025-12-29T23:27:15,6512791.462,1136613.0185,3976379.1245,68834.0593
2025-12-30T00:38:53,6513849.8142,1209587.81,3929960.338,69723.6393
2025-12-30T01:23:32,6545088.7819,1227370.8530000001,3966556.8461,69723.6393
2025-12-30T02:30:23,6531394.6351,1203773.8816,3968068.1995,68756.6393
2025-12-30T03:22:35,6521709.3812,1199892.24,3936896.386,68205.00630000001
2025-12-30T04:27:37,6516860.5928,1194402.1531,3993989.0827,68053.5563
2025-12-30T05:24:41,6508882.0978,1230053.9438,4041850.5143,67675.5563
2025-12-30T06:22:15,6455402.465,1258516.9341,4002323.5270000002,67418.1963
2025-12-30T07:18:27,6543297.9786,1767656.8363,3988742.1917,67200.6673
2025-12-30T08:39:41,6848445.6642,1910280.7747,4555497.9584,111640.4913
2025-12-30T09:36:15,7119420.7825,1842548.4716,4769645.5755,122059.5283
2025-12-30T10:20:15,6902591.1861,1802992.5365,4584784.2874,119518.5323
2025-12-30T11:21:09,7037979.8752,1759309.8627,4480790.9994,138832.951
2025-12-30T12:25:38,7097275.3844,1709796.2441,4578817.636,136903.391
2025-12-30T13:20:30,7068749.7429,1672433.7756999999,4502656.6687,135226.343
2025-12-30T14:28:55,7094800.6657,1612326.4005,4587143.3932,134128.703
2025-12-30T15:16:40,7098348.0979,1659808.6101,4704393.1272,132961.57
2025-12-30T16:22:17,7160826.7547,1668265.7441,4786836.1337,130158.4329
2025-12-30T17:19:30,7198900.3009,1669154.719,4729139.9595,128211.5039
2025-12-30T18:19:22,7235976.0969,1778529.5105,4817395.641,126567.7549
2025-12-30T19:18:13,7141072.1816,1765308.8562,4764967.1313,125096.7275
2025-12-30T21:25:36,7004618.2018,1688503.8864,4443114.6146,123854.0185
2025-12-30T23:26:24,7116932.2355,1642050.972,4440973.5754,122381.4213
2025-12-31T00:38:03,7209317.2004,1675551.758,4415764.5323,122064.80129999999
2025-12-31T01:25:04,7222464.5129,1680927.143,4414990.1769,121646.4253
2025-12-31T02:30:53,7203558.1397,1678484.8073,4396814.2091,121595.4253
2025-12-31T03:23:27,7193803.953,1696948.3545,4413847.6347,121342.48329999999
2025-12-31T04:27:56,7182306.1697,1698938.9556,4438058.4537,141079.2183
2025-12-31T05:24:10,7189556.3899,1693684.7776,4435261.9483,141079.2183
2025-12-31T06:21:01,7243903.9174,1701051.5862,4482648.9406,140380.455
2025-12-31T07:18:52,7103619.1598,1667353.6113,4412128.3008,138360.788
2025-12-31T08:38:30,7555690.4716,1235137.5844,4667014.7387,93829.7685
2025-12-31T09:33:16,7855559.8273,1242579.4946,4830853.9351,92659.5151
2025-12-31T10:19:58,7810683.3458,1213303.9945,4691293.6698,91730.5025
2025-12-31T11:20:08,7805062.4858,1194326.8603,4741832.4383,91211.5483
2025-12-31T12:24:35,7814597.7584,1163049.2859,4697595.1274,98827.7203
2025-12-31T13:18:13,7831949.1294,1128752.7931,4709122.0222000005,97503.06330000001
2025-12-31T14:29:09,7877593.0359000005,1243226.982,4501319.5229,95662.3573
2025-12-31T15:15:47,8023582.2178,1367767.1017,4539325.4006,93594.9563
2025-12-31T16:21:34,8170639.2851,1401527.9777,4546969.2494,91306.8003
2025-12-31T17:18:04,8210956.6953,1426696.7542,4594538.3914,90654.9558
2025-12-31T18:20:16,8167841.1314,1517281.448,4553712.7285,90323.66010000001
2025-12-31T19:18:52,8256434.6725,1497402.2042,4542982.1562,88539.67910000001
2025-12-31T21:43:31,8221699.3105999995,1468576.2633,4429994.6143,87248.0981
2025-12-31T23:49:40,8322761.7291,1505466.4293,4432126.748,86493.1021
2026-01-01T00:46:45,8313216.5735,1487101.0605,4502312.1449,86281.4901
2026-01-01T01:26:43,8336199.1529,1492275.7725,4579583.8924,87468.7501
2026-01-01T02:30:37,8365774.0664,1552907.3081,4689756.0221,87433.0361
2026-01-01T03:22:56,8381695.5988,1575638.7506,4706504.4013,87433.0361
2026-01-01T04:27:31,8392129.0384,1576820.4198,4714651.1472000005,87433.0361
2026-01-01T05:24:00,8405220.4051,1573377.557,4749823.5018,91932.2983
2026-01-01T06:21:30,8384310.1833,1606325.5913,4782639.9432,91881.1613
2026-01-01T07:17:38,8424643.4126,1660775.9529,4753084.7937,84962.50820000001
2026-01-01T08:38:43,8519515.5663,1710747.5304,4818077.9168,84362.50820000001
2026-01-01T09:33:05,8615906.1247,1742227.4802,4788752.8615,83533.3042
2026-01-01T10:21:59,8523341.5394,1688385.9143,4757272.4949,83340.3042
2026-01-01T11:20:02,8685424.3584,1688030.909,4726817.6088,83145.8962
2026-01-01T12:24:48,8690590.7385,1622369.1266,4722696.0608,81724.08600000001
2026-01-01T13:19:26,8657325.5369,1577349.7103,4711090.9836,81560.862
2026-01-01T14:28:28,8643983.595,1552458.7979,4699501.2498,81520.862
2026-01-01T15:16:12,8623578.7799,1521725.5205,4636378.9726,80975.568
2026-01-01T16:22:30,8609665.4802,1495169.5959,4604207.7221,80167.4047
2026-01-01T17:18:47,8567826.2094,1457659.0439,4526607.2377,80131.3027
2026-01-01T18:19:17,8577853.8179,1420209.8577,4432277.5454,80131.3027
2026-01-01T19:19:40,8311187.7576,1386614.2292,4288787.6125,79265.4287
2026-01-01T21:26:06,8452444.938,1336790.5564000001,4131120.3867,77062.84169999999
2026-01-01T23:29:32,8460557.6024,1319604.5174,4066562.8805,75241.6217
2026-01-02T00:40:00,8501053.7871,1316707.4617,4055361.0287,75241.6217
2026-01-02T01:24:59,8502676.6677,1198250.4332,4068852.6193,75241.6217
2026-01-02T02:30:51,8481576.342,1197835.7581,4084172.6753,75241.6217
2026-01-02T03:23:21,8490166.6415,1214949.1478,4073985.063,75211.0097
2026-01-02T04:27:43,8491410.4461,1213616.553,4066861.3989999997,75200.8057
2026-01-02T05:23:25,8474461.2446,1211331.4211,4075851.0598,75200.8057
2026-01-02T06:20:58,8459217.3609,1214215.6448,4112690.1434,70251.1317
2026-01-02T07:17:58,8509315.1798,1157096.0339,4084898.3947,69745.4917
2026-01-02T08:37:43,8483513.128,1191102.1552,4171159.7738,68979.3859
2026-01-02T09:32:46,8336501.2515,1182242.4982,4240549.7184,108989.88690000001
2026-01-02T10:20:18,8176088.5444,1159164.8164,4253587.9356,108638.9903
2026-01-02T11:21:07,8149506.6391,1131472.2327999999,4273447.4136,107707.0171
2026-01-02T12:23:43,8076207.0188,1116097.5482,4138734.3925,107043.1047
2026-01-02T13:17:57,8082404.8745,1075922.5512,4158128.9193,106577.8327
2026-01-02T14:28:02,7973384.6424,1052754.0834,4115182.33,105987.5819
2026-01-02T15:13:56,7882466.1628,1019942.8294,4088104.1643,105474.77590000001
2026-01-02T16:21:35,7780197.6351,1036634.9057,4027826.9985,104530.1139
2026-01-02T17:16:00,7746614.8149,1016010.3347,4006985.2318,103061.9319
2026-01-02T18:27:58,7564438.966,964086.1632,4002151.8452,102526.8689
2026-01-02T19:19:05,7571555.889,944429.6137,3962202.5396,101823.8809
2026-01-02T21:21:56,7410384.2462,866857.306,3851370.2871,100666.0135
2026-01-02T23:21:57,7389994.2917,859453.0636999999,3838103.0453,98501.6729
2026-01-03T00:32:18,7440181.2811,853032.8397,3889998.7983,97939.6729
2026-01-03T01:20:34,7465354.3642,853901.9785,3907699.6883,97939.6729
2026-01-03T02:29:02,7451162.793,861243.5841,3889157.5595,97819.6729
2026-01-03T03:18:46,7443762.9713,859461.1741,3898612.7089,97809.6729
2026-01-03T04:25:11,7428852.5995,856461.9689,3882677.3257,97334.06090000001
2026-01-03T05:20:01,7415126.9798,851654.2568,3871103.3822,97102.5509
2026-01-03T06:19:40,7381344.7018,870740.8274,3811566.9479,96932.7109
2026-01-03T07:16:30,7410529.4491,863810.2371,3901914.1108,96615.3028
2026-01-03T08:36:29,7489140.5317,891858.9807,4330283.6184,123212.3438
2026-01-03T09:28:50,7611587.9593,859928.1651,4482603.8625,80826.46059999999
2026-01-03T10:18:34,7509535.1688,863935.9041,4457914.2492,79793.98060000001
2026-01-03T11:18:33,7287142.5488,873817.1961000001,4393721.0079,91785.2526
2026-01-03T12:23:09,7359529.8645,866242.8333,4407639.686,89671.4786
2026-01-03T13:16:53,7373396.7689,897628.6717,4505957.5879,87638.6856
2026-01-03T14:26:47,7267779.6641,893404.6882,4444693.7274,85256.3156
2026-01-03T15:15:31,7272858.9328,911339.8344,4365122.792,84137.01860000001
2026-01-03T16:21:13,7204214.2892,1017700.483,4336063.998,83813.01860000001
2026-01-03T17:17:41,7146263.9587,1061385.691,4238647.3385,83116.1186
2026-01-03T18:19:00,7071568.9009,1035398.8846,4190007.458,82418.6246
2026-01-03T19:18:45,7078287.9985,1027579.8979,4155229.8334,81308.2426
2026-01-03T21:43:04,7027469.0009,968503.0921,4173848.2339,78685.3477
2026-01-03T23:50:12,7102585.7118,977461.951,4159454.7254,77586.49369999999
2026-01-04T00:47:54,7106008.2692,1041259.7669,4262368.5267,77546.49369999999
2026-01-04T01:25:25,7153775.1421,1038876.1344,4279706.4817,77240.9837
2026-01-04T02:29:29,7181521.1253,1045198.2994,4286027.4305,61016.7967
2026-01-04T03:20:52,7146995.2799,1049566.6417,4298910.9974,61016.7967
2026-01-04T04:25:35,7166165.313,1046948.3946,4296789.7339,60982.8167
2026-01-04T05:19:33,7162669.3262,1062951.5369,4292281.0782,60961.8167
2026-01-04T06:19:46,7235013.2692,1065299.6455,4289159.1049,60503.9337
2026-01-04T07:16:34,7305975.1867,1115124.5242,4355805.4244,58367.8317
2026-01-04T08:36:33,7386034.9613,1154848.4127,4576574.2392,58092.3267
2026-01-04T09:29:56,7425752.698,903025.4363,4529537.2796,57982.4357
2026-01-04T10:18:14,7296602.6196,1039525.3243,4524163.0703,56684.6957
2026-01-04T11:18:55,7185412.0659,967807.8647,4369313.4811,55684.786
2026-01-04T12:22:44,7110035.46,898070.444,4238421.5673,54188.905
2026-01-04T13:21:42,6949712.7444,845794.5018,4056940.6404,53486.625
2026-01-04T14:27:04,6886219.6637,791236.7719,3876725.5182,51172.2464
2026-01-04T15:15:39,6886033.5395,754563.7781,3704888.8704,50981.9384
2026-01-04T16:21:44,6770849.5474,708286.7361,3599759.9418,64603.2054
2026-01-04T17:17:55,6713920.9631,671921.5695,3506363.2873,64148.157400000004
2026-01-04T18:19:14,6607474.7022,637586.8319,3449088.8116,64070.5454
2026-01-04T19:19:13,6459044.2232,623792.8833,3327797.2793,62402.1014
2026-01-04T21:43:15,6272340.3853,564108.7042,2970546.4734,60650.4824
2026-01-04T23:54:34,6203032.2832,537276.3811,2816343.4412,59659.8174
2026-01-05T00:56:48,6213961.1704,532515.4901,2803525.8721,66995.94039999999
2026-01-05T01:35:00,6211589.1284,528461.4059,2784507.6853,66995.94039999999
2026-01-05T02:36:40,6298744.9733,530122.6886,2781513.2292,66740.83840000001
2026-01-05T03:28:15,6290313.402,527566.7266,2770266.7471,66620.83840000001
2026-01-05T04:31:06,6270421.8809,525332.7443,2756041.2131,66536.2684
2026-01-05T05:31:00,6248480.1433,522553.7257,2747048.6555,66410.1594
2026-01-05T06:23:42,6215154.5027,477361.3749,2778050.0734,65491.7904
2026-01-05T07:19:10,6210709.9547,488431.32,2813829.0016,65251.6474
2026-01-05T08:42:17,6545119.2151999995,544108.4993,3388973.6794000003,74923.57639999999
2026-01-05T09:44:31,6602675.5112,548778.7443,3518475.4332,73180.0714
2026-01-05T10:23:54,6597242.9757,612636.4684,3514507.1881,72945.5294
2026-01-05T11:22:52,6507708.2957,640762.067,3481595.4729,70626.3604
2026-01-05T12:25:55,6522748.0751,675623.156,3504030.4200999998,67995.8716
2026-01-05T13:22:21,6486805.0812,652319.6584,3449330.8419,66420.56539999999
2026-01-05T14:30:35,6542313.2875,641364.732,3503680.9512,59401.169
2026-01-05T15:21:17,6475677.1174,631471.7163,3554283.0817,58781.421
2026-01-05T16:24:01,6460641.4156,596290.2326,3550471.5274,57421.554000000004
2026-01-05T17:19:41,6531867.8448,632031.2524,3527713.5372,55807.3071
2026-01-05T18:20:18,6592096.5335,674597.1436,3545524.2389,54254.5107
2026-01-05T19:19:32,6512917.7378,653898.5069,3527178.6938,59333.28049999999
2026-01-05T21:26:16,6342457.7635,594521.4611,3377424.8126,67701.2798
2026-01-05T23:28:16,6291744.9107,557503.1962,3304079.3747,64371.923800000004
2026-01-06T00:39:36,6367550.1212,595694.6777,3374656.6453,64371.923800000004
2026-01-06T01:24:09,6384015.471,591288.6667,3362035.2343,64095.821800000005
2026-01-06T02:32:00,6389536.081,586515.8163,3349117.0024,63535.032
2026-01-06T03:25:28,6392512.7558,585063.8334,3352457.3069,63535.032
2026-01-06T04:28:36,6376264.1886,582464.7038,3352395.0801,62794.532
2026-01-06T05:26:14,6379198.0042,591292.3898,3332681.6473,62509.7218
2026-01-06T06:22:19,6348546.0829,609648.5919,3321544.8239,61661.7218
2026-01-06T07:18:29,6256163.6317,638613.8985,3323235.8625,61543.913799999995
2026-01-06T08:40:39,6619090.1507,675464.4525,3729700.041,39827.7283
2026-01-06T09:37:34,6690854.7638,658900.2136,3945427.7339,58994.9213
2026-01-06T10:21:48,6608718.4738,694220.9369,3810219.8674,116936.3763
2026-01-06T11:22:08,6513577.1242,689304.4064,3833860.3947,112760.8744
2026-01-06T12:26:39,6685293.8185,703602.0916,3908077.9,111382.8354
2026-01-06T13:23:38,6564600.3261,717958.122,3808183.2439,110646.6314
2026-01-06T14:29:40,6615235.016,757886.3534,3957975.1252,109759.8234
2026-01-06T15:16:16,6640974.1022,751766.3206,3896313.511,108531.2154
2026-01-06T16:22:25,6726830.1675,767828.3087,3999497.2401,107403.5489
2026-01-06T17:20:25,6643177.1612,861982.8326,3915398.1598,116423.0871
2026-01-06T18:20:11,6652576.8726,952291.2317,3922294.5326,115319.4099
2026-01-06T19:20:05,6485690.5814,932244.2575,3847420.7341,113184.0882
2026-01-06T21:26:22,6312749.3791,908238.6731,3587944.2496,111204.7212
2026-01-06T23:29:00,6342113.719,873837.7991,3478994.196,108547.5722
2026-01-07T00:40:07,6380999.8342,884287.0361,3443260.6647,108363.8895
2026-01-07T01:25:31,6422862.6495,876591.0949,3322814.2536,128363.8895
2026-01-07T02:31:06,6412648.1819,875970.5976,3409772.102,128299.8895
2026-01-07T03:25:21,6427802.2726,877084.8698,3392662.5311,127920.1975
2026-01-07T04:28:59,6437843.4717,873460.7528,3396641.2256,127754.8915
2026-01-07T05:27:38,6418063.5143,878049.2822,3372857.262,127612.8505
2026-01-07T06:23:15,6412485.2863,905950.1471000001,3305110.5078000003,127044.6356
2026-01-07T07:20:05,6441971.8862,934614.1527,3216313.4283,126648.61559999999
2026-01-07T08:41:21,6777513.4022,915641.4138,3382277.7029999997,76871.2914
2026-01-07T09:39:30,6953770.5258,974468.17,3510736.1924,54483.8383
2026-01-07T10:23:25,6895606.8583,1003187.7799,3645836.8179,53737.9733
2026-01-07T11:23:53,6852282.1157,1051148.7728,3529600.7864,51820.9893
2026-01-07T12:28:44,6787320.7376,1062820.8623,3573693.8457,51365.744300000006
2026-01-07T13:26:10,6798835.5202,1092201.3643,3630490.7042,50780.6759
2026-01-07T14:30:12,6692624.3187,1128061.9348,3542173.9982,50129.2255
2026-01-07T15:20:47,6637056.5188,1203841.3351,3599069.2319,48279.167499999996
2026-01-07T16:23:31,6668437.391,1251881.2820000001,3561965.504,67287.4525
2026-01-07T17:19:39,6710289.8996,1279169.6131,3663308.4805,75408.2421
2026-01-07T18:19:51,6758419.274,1263598.9699,3655512.0009,73221.1511
2026-01-07T19:20:47,6632615.3792,1191647.0307,3628575.3704,70362.2461
2026-01-07T21:27:08,6418069.1259,1137165.957,3379072.1152,66306.2859
2026-01-07T23:29:13,6333120.46,1079153.7392,3256863.2434,63873.9345
2026-01-08T00:39:17,6378241.9922,1147666.1856,3286413.6514,63377.9825
2026-01-08T01:24:14,6387860.2496,1152400.5625,3247047.7382,63283.9825
2026-01-08T02:32:00,6386225.6027,1173745.6993,3234724.0152,63081.9029
2026-01-08T03:24:12,6319645.5741,1170064.6836,3179047.3627,62938.086899999995
2026-01-08T04:28:52,6382292.4325,1160160.0123,3241438.3638999998,62811.086899999995
2026-01-08T05:27:51,6364891.6272,1154031.3273,3281740.6949,61821.2853
2026-01-08T06:23:01,6406939.1476,1208203.4753,3255602.3572,71575.4317
2026-01-08T07:21:07,6367346.6932,1218103.0232,3308015.9392,71136.60949999999
2026-01-08T08:41:36,6684373.1858,1343601.6972999999,3900276.1067,58284.5303
2026-01-08T09:40:40,6890524.4686,1326474.912,3960260.6826,69919.1805
2026-01-08T10:24:38,6906041.004,1277351.6748,4005369.8159,69661.7393
2026-01-08T11:24:29,6820523.6052,1261085.2104,4047113.9925,68998.4847
2026-01-08T12:28:29,6861711.2874,1242872.6572,4212508.4093,65875.2277
2026-01-08T13:26:36,6761952.7447,1230010.8632,4135515.7488,65085.451700000005
2026-01-08T14:26:27,6788956.5525,1206748.3486,4120821.837,64964.0061
2026-01-08T15:18:59,6806496.7381,1181571.0249,4118415.5218,63509.114100000006
2026-01-08T16:23:22,6892152.3626,1203905.4845,4217564.8578,63086.1661
2026-01-08T17:20:05,6887483.4372,1200126.8083,4217667.6622,82189.4891
2026-01-08T18:20:12,6961151.9103,1172357.0682,4250001.7129,81128.8131
2026-01-08T19:18:13,6990343.5432,1200526.8257,4203214.0585,80600.30810000001
2026-01-08T21:26:49,6771762.6726,1117402.4328,3924864.1667,78173.7789
2026-01-08T23:30:05,6746849.4035,1100059.4452,3836295.9128,76076.6594
2026-01-09T00:40:05,6742432.3392,1109856.3727,3794062.6612,75740.0472
2026-01-09T01:25:10,6734859.8884,1124815.3744,3766955.1085,75269.7372
2026-01-09T02:31:22,6722343.4176,1120304.5816,3746389.6876,74942.7372
2026-01-09T03:25:48,6734223.5742,1128914.8572,3732374.0511,74942.7372
2026-01-09T04:28:27,6724786.7541,1126102.1028,3718856.5217,74813.7372
2026-01-09T05:27:50,6727397.2068,1127871.9432,3722793.7329,74703.719
2026-01-09T06:22:43,6757624.8258,1117000.4425,3721203.267,73973.468
2026-01-09T07:19:03,6832598.1334999995,1208010.0185,3723728.7005,82013.61730000001
2026-01-09T08:40:56,7152222.5481,1216102.7123,4241094.8741,58233.797300000006
2026-01-09T09:37:54,7345567.0877,1246078.2392,4292590.5392,79189.7211
2026-01-09T10:23:12,7274234.861,1249201.2549,4351687.3264,77310.2777
2026-01-09T11:23:28,7268504.1092,1205560.5404,4445478.1432,75769.23749999999
2026-01-09T12:25:23,7306153.8176,1250699.9208,4489275.2206,75009.6925
2026-01-09T13:22:39,7264927.5434,1207094.1649,4449945.2252,74706.2115
2026-01-09T14:29:57,7210685.5436,1224519.0967,4511370.2478,74606.36110000001
2026-01-09T15:20:03,7216530.5919,1232052.4217,4396691.9196,74580.8509
2026-01-09T16:23:07,7307630.6186,1292455.7515,4368991.8672,74075.7235
2026-01-09T17:20:16,7369765.8765,1304261.957,4393720.7095,71728.50709999999
2026-01-09T18:20:20,7363134.3767,1286783.0742,4431923.2058,71356.0397
2026-01-09T19:19:44,7329310.7772,1295854.0872,4374403.8148,70204.8809
2026-01-09T21:24:39,7156322.0432,1216164.5822,4263454.1472,68535.65830000001
2026-01-09T23:23:19,7175789.957,1243292.9331,4159872.5586,67579.49530000001
2026-01-10T00:33:30,7252315.4353,1266938.5767,4169975.1124,66112.1173
2026-01-10T01:20:37,7262366.2129999995,1275430.3049,4148522.9874,65888.3573
2026-01-10T02:28:45,7206960.3229,1276003.1078,4125454.0195,65342.9865
2026-01-10T03:18:45,7195779.8097,1264473.1459000001,4117669.2865,64615.2714
2026-01-10T04:24:02,7171082.4975,1260093.4092,4141200.9392,64478.5316
2026-01-10T05:19:35,7152924.374,1266774.8394,4136498.9514,64407.095199999996
2026-01-10T06:19:26,7119355.0314,1244841.8956,4074891.1629,64240.1411
2026-01-10T07:17:24,7209043.5736,1302038.1104,4092726.5721,79029.51269999999
2026-01-10T08:36:34,7534259.1903,1344021.7084000001,4526047.5487,64486.6961
2026-01-10T09:29:30,7521105.9419,1372009.5818,4805223.3945,79253.4206
2026-01-10T10:18:56,7457904.4669,1341829.7126,4886526.5286,76677.2727
2026-01-10T11:19:08,7415521.9341,1363838.0178999999,4869280.4399,91512.592
2026-01-10T12:23:01,7472992.1017,1386669.3214,4783719.677,66100.16500000001
2026-01-10T13:17:13,7487474.6054,1371491.6182,4841513.2064,89027.174
2026-01-10T14:27:16,7500501.5788,1355715.5853,4872445.0324,88025.9098
2026-01-10T15:20:59,7333424.9066,1284790.5421,4722631.1339,86460.2798
2026-01-10T16:22:09,7609139.9955,1353566.8474,4764368.9453,85072.0128
2026-01-10T17:17:59,7575974.7752,1344942.6123,4808022.8045,84015.851
2026-01-10T18:19:14,7571818.3414,1311924.4822,4802107.4261,99643.8093
2026-01-10T19:18:57,7549948.8339,1284092.243,4791851.8656,110520.3091
2026-01-10T21:42:56,7483195.6661,1200372.4693,4728521.9331,109558.6541
2026-01-10T23:49:42,7461089.671,1173789.6334,4704428.6649,118960.244
2026-01-11T00:46:31,7532713.6695,1178265.783,4743099.8068,118731.544
2026-01-11T01:24:46,7539245.3629,1154012.6434,4829267.2195,118731.544
2026-01-11T02:29:48,7543973.1971,1157798.2529,4821134.7697,118721.195
2026-01-11T03:20:57,7541677.5454,1155116.5289,4805696.6995,118709.195
2026-01-11T04:25:14,7537842.8769,1159446.548,4824175.0912,118466.3052
2026-01-11T05:20:17,7531861.5138,1175377.6631,4810499.295,118466.3052
2026-01-11T06:20:24,7544616.8859,1189317.8907,4629122.9841,98981.6853
2026-01-11T07:16:49,7650710.8216,1181316.4187999999,4821722.4898,119541.5453
2026-01-11T08:37:27,7898336.8623,1221417.3721,4717624.1666,93276.12
2026-01-11T09:30:19,7768421.853,1223874.3734,4617310.3946,103557.121
2026-01-11T10:18:33,7719274.2476,1185745.131,4570138.9103,102650.121
2026-01-11T11:19:13,7635601.1668,1136209.3758,4511754.4482,102470.971
2026-01-11T12:22:57,7579286.4957,1086747.9023,4356685.3554,101419.6101
2026-01-11T13:16:57,7533316.9022,1051133.7499,4245561.1938,101028.6101
2026-01-11T14:26:48,7504599.193,1011478.68,4109352.5456,100657.6701
2026-01-11T15:15:45,7477337.2997,983384.4082,4051136.5342,100340.7361
2026-01-11T16:22:08,7414759.976100001,949870.8934,3930216.6249,99529.1241
2026-01-11T17:17:53,7359559.3449,921678.232,3868602.5979,98228.3783
2026-01-11T18:19:12,7285876.9654,889129.5335,3779715.8902,96749.15830000001
2026-01-11T19:18:44,7210661.394,856984.1031,3666670.692,96591.5013
2026-01-11T21:30:12,7072772.5704,806543.952,3467492.1096,95680.6753
2026-01-11T23:48:26,7055448.6668,836420.8714,3401833.1222,94998.43830000001
2026-01-12T00:49:09,7045816.6812,834556.2872,3364210.5453,94498.43830000001
2026-01-12T01:29:19,7041485.7246,834145.903,3348805.2822,94216.43830000001
2026-01-12T02:34:10,7058636.1832,832698.0716,3336252.6712,94205.43830000001
2026-01-12T03:26:40,7053286.7656,834264.8367,3337715.1389,94205.43830000001
2026-01-12T04:29:53,7145542.9144,833158.4679,3353138.5029,74685.6947
2026-01-12T05:31:19,7126021.8371,830696.4339000001,3312414.6368,93144.2049
2026-01-12T06:24:36,7100960.3001,826273.5379,3304053.6135,92808.2049
2026-01-12T07:20:17,7071314.389,852725.1268,3330422.8656,97665.1906
2026-01-12T08:43:06,7377073.4066,868430.8596,3750483.8211,98192.4722
2026-01-12T09:42:16,7370724.9421,854502.2257,3979276.6939,116880.771
2026-01-12T10:24:51,7361665.3584,870397.6982,3884414.2534,115279.24160000001
2026-01-12T11:23:51,7275624.4302,896885.1981,3789536.5337,114547.5076
2026-01-12T12:26:27,7207751.3325000005,879238.0235,3850677.8767,113349.0426
2026-01-12T13:23:07,7201386.8494,865195.1845,3888376.3587,112457.1388
2026-01-12T14:30:54,7082464.4727,872429.9226,3966763.2985,119871.94959999999
2026-01-12T15:20:54,7084507.3041,892810.6914,4027725.3876,118790.10310000001
2026-01-12T16:23:55,7070468.3139,870708.6452,4062023.99,117081.7211
2026-01-12T17:20:20,7000059.8764,885839.5095,3954031.1466,113583.9104
2026-01-12T18:18:41,6979589.1484,934351.6614,3979303.075,111092.4164
2026-01-12T19:16:52,6848958.5896,990183.7731,3839888.9698,109783.7434
2026-01-12T21:23:18,6564900.0995000005,958387.4858,3626176.0504,104391.06839999999
2026-01-12T23:27:53,6504102.3431,944983.6027,3647093.3614,101335.8702
2026-01-13T00:39:32,6459301.7323,996409.3131,3652585.3693,100851.74059999999
2026-01-13T01:25:19,6465626.6581,967834.7681,3641152.8289,100532.9006
2026-01-13T02:31:47,6460577.0719,963680.9432,3627644.3892,99716.9006
2026-01-13T03:24:45,6468025.4698,961482.1308,3613855.8684,99243.9006
2026-01-13T04:29:08,6451327.9989,969337.5484,3620001.8549,98243.77059999999
2026-01-13T05:27:50,6430418.9014,962927.484,3604623.9833,97561.17869999999
2026-01-13T06:23:07,6436134.6107,964372.2743,3621689.4754,97119.9841
2026-01-13T07:19:40,6512636.0978,1017523.4872,3673076.505,96546.4461
2026-01-13T08:42:46,6950360.65,1073346.2614,4391743.4127,59444.6035
2026-01-13T09:41:12,6890043.8610000005,1089948.1964,4607589.8433,87850.765
2026-01-13T10:24:41,6858410.991,1098254.9144,4625412.8705,86823.4996
2026-01-13T11:23:45,6675686.5026,1052448.4739,4663281.6726,85208.6548
2026-01-13T12:29:58,6571494.6185,1039991.1158,4717520.2883,81997.5658
2026-01-13T13:26:54,6434007.2654,1012849.9415,4616614.4468,79062.5638
2026-01-13T14:29:45,6278137.4417,1030415.1392,4491657.0514,75876.2864
2026-01-13T15:20:31,6299152.7095,1087930.8426,4504090.1493,75175.0824
2026-01-13T16:35:59,6182906.4847,1089475.7375,4470434.3057,65481.1559
2026-01-13T17:20:54,5999267.8248,1108883.0726,4403856.4755,71286.2074
2026-01-13T18:21:24,6056709.8153,1120218.9955,4294523.3334,88053.3064
2026-01-13T19:19:36,6002045.2054,1090323.8246,4256575.2962,84359.2666
2026-01-13T21:29:42,5815004.3227,1039065.0564,3926283.6314,74815.8176
2026-01-13T23:46:31,5678156.1752,1026932.5915,3761670.9841,73004.81450000001
2026-01-14T00:45:47,5739196.0325,1038798.0889,3754503.9566,72743.6145
2026-01-14T01:23:35,5681243.1998,1037770.9709,3739784.8078,72482.0005
2026-01-14T02:31:58,5703794.6456,1052972.8836,3788052.2637,50435.2337
2026-01-14T03:24:47,5704807.9613,1050918.2241,3788039.9187,50275.2337
2026-01-14T04:28:13,5729895.2477,1053372.9772,3771833.9251,49827.2337
2026-01-14T05:28:52,5741327.5687,1067526.0727,3790112.4537,49348.2337
2026-01-14T06:23:40,5791868.9133,1103245.2794,3830528.5899,47721.7819
2026-01-14T07:21:22,5820389.8443,1104862.2774,3950631.5243,61111.8663
2026-01-14T08:41:34,6105416.9746,1134067.721,4422415.3805,53703.850600000005
2026-01-14T09:40:20,6224243.7685,1170696.0262,4657108.5825,52886.005600000004
2026-01-14T10:24:36,6158977.417,1142282.6477,4715845.7709,50891.1492
2026-01-14T11:24:39,6077961.3948,1107655.7664,4603372.1884,48948.890400000004
2026-01-14T12:29:35,6053479.6049,1073582.538,4587630.3821,47469.5912
2026-01-14T13:27:18,5926669.2069,1072812.2599,4581509.415,46433.529200000004
2026-01-14T14:31:43,5995577.7818,1089037.2463,4589284.325,44960.587600000006
2026-01-14T15:19:41,6091503.8423999995,1117304.6852,4658533.6124,44744.7496
2026-01-14T16:21:07,6146927.998,1103705.606,4711501.4782,42114.4164
2026-01-14T17:21:10,6069872.4565,1122713.5495,4695972.7799,50462.191900000005
2026-01-14T18:21:45,6218394.8235,1153809.4323,4661175.0613,67347.9949
2026-01-14T19:18:06,6081707.2305,1143634.7847,4609835.0921,65241.0559
2026-01-14T23:30:22,5857397.8562,1044234.6636,4209549.1397,76945.4231
2026-01-15T00:40:04,5834523.4397,1061255.685,4161763.16,76272.758
2026-01-15T01:25:53,5770906.5642,1056163.3685,4167833.9,76119.658
2026-01-15T03:25:09,5798132.7113,1066175.7394,4171895.0351,74976.3018
2026-01-15T04:29:41,5777233.0766,1064086.3994,4153914.9249,74210.7902
2026-01-15T05:27:35,5763751.3104,1067886.3546,4146286.3846,74028.4842
2026-01-15T07:20:05,5828586.0068,1135843.7638,4039144.0032,72724.2369
2026-01-15T09:39:51,6499674.706,1164930.7076,4774622.1044,61039.993800000004
2026-01-15T11:24:03,6390002.389,1233877.0124,4600073.9297,54379.7673
2026-01-15T12:33:17,6308526.0803,1110425.368,4696708.7391,50579.3667
2026-01-15T14:35:00,6275202.8834,1096238.2433,4734828.5543,44479.3412
2026-01-15T15:24:01,6234264.1896,1085447.3645,4606153.8955,58028.213
2026-01-15T19:20:19,6165382.7779,1078710.3463,4535669.9056,46818.3086
2026-01-15T21:27:46,5897721.638,1033512.9056,4318053.8128,36620.109
2026-01-15T23:29:46,5859847.1441,1014871.3806,4213432.1955,41062.868
2026-01-16T00:39:32,5868916.4757,1055543.6942,4229910.9078,40042.878
2026-01-16T01:24:40,5916402.2756,1056939.5007,4235348.0859,39940.837
2026-01-16T02:32:01,5917101.7643,1058648.3245,4218724.4974,39930.633
2026-01-16T03:23:44,5906451.4532,1056584.5613,4208075.7598,39823.4902
2026-01-16T04:28:14,5885831.0071,1053055.8015,4198344.5685,39823.4902
2026-01-16T05:26:17,5859705.9971,1049566.2545,4207576.8438,29191.8466
2026-01-16T06:22:45,5835537.7813,1083631.2886,4158018.1894,28993.8265
2026-01-16T07:19:36,5922435.6523,1090222.1161,4210380.5955,27205.8924
2026-01-16T08:40:41,6370572.0326,1189316.807,4943814.2833,30661.5072
2026-01-16T09:38:04,6631015.6517,1170141.2858,5080484.8183,33328.7057
2026-01-16T10:22:58,6621404.3705,1147555.8969999999,5085528.8635,31447.2705
2026-01-16T11:22:56,6757293.8234,1213551.813,5025167.9872,25340.5328
2026-01-16T12:26:44,6767842.4406,1193815.2021,5043021.8164,23678.8734
2026-01-16T13:24:00,6730766.4736,1189154.7649,4879939.1743,22612.5668
2026-01-16T14:30:26,6696601.4334,1205892.6313,4897429.0716,41195.4308
2026-01-16T15:20:19,6781106.2551,1222250.7781,4912924.4878,39047.837799999994
2026-01-16T16:21:27,6738010.0937,1238178.3935,4788871.4148,37616.0959
2026-01-16T17:20:08,6756445.3061,1261990.6463,4716715.4201,35109.2351
2026-01-16T18:20:25,6752079.7915,1300896.8659,4719252.816,34278.4111
2026-01-16T19:19:47,6602957.0777,1251727.0126,4634732.4035,33401.611099999995
2026-01-16T21:23:23,6368625.6912,1193194.1288,4536325.3118,50875.0815
2026-01-16T23:22:14,6248570.7801,1140272.0985,4433315.3246,48792.1315
2026-01-17T00:31:58,6226970.6283,1169881.7934,4438907.7552000005,62847.5193
2026-01-17T01:20:12,6239465.1872,1164502.0444,4454557.8893,61660.2593
2026-01-17T02:28:48,6229431.0147,1153452.0794,4438913.6033,61634.2593
2026-01-17T03:19:07,6251403.6641,1170156.3481,4424134.7514,61379.1573
2026-01-17T04:24:35,6248212.4640999995,1166856.8971,4397589.7701,43932.0145
2026-01-17T05:19:45,6156305.1419,1162806.4578,4389072.7488,60749.0145
2026-01-17T06:19:36,6228544.9519,1177895.2861,4516490.7198,95003.5092
2026-01-17T07:17:11,6301390.9116,1161093.0193,4469970.2305,93364.37299999999
2026-01-17T08:36:30,6747815.3989,1249675.9713,4914522.9171,89019.0407
2026-01-17T09:29:08,6857040.7695,1262156.9487,5109975.5501,113062.66159999999
2026-01-17T10:18:25,7069669.0862,1275385.747,5094443.7367,111761.9186
2026-01-17T11:19:26,7025155.1201,1296696.0293,4993479.8109,110222.3054
2026-01-17T12:21:53,6994855.1885,1298992.9314,5038239.2753,107218.92540000001
2026-01-17T13:17:06,6950836.2961,1284824.3639,5003181.5379,104602.50940000001
2026-01-17T14:26:38,7007635.8874,1317216.1951,4987541.2152,125982.9978
2026-01-17T15:15:17,6851934.2961,1340836.0909,4986417.6275,124563.4197
2026-01-17T16:21:23,6775357.2612,1322391.8882,4898747.3836,131665.91090000002
2026-01-17T17:17:39,6801877.1161,1314657.7939,4784688.2727,129120.0179
2026-01-17T18:19:03,6606818.4326,1266514.2662,4808356.2061,117382.8938
2026-01-17T19:18:45,6601164.8445,1248865.0415,4713491.9264,124840.3958
2026-01-17T21:42:35,6660752.8803,1208711.0085,4777098.6869,113701.0043
2026-01-17T23:45:35,6602033.3105,1174430.9159,4696749.25,113072.46979999999
2026-01-18T00:41:33,6646441.9042,1218826.7572,4830964.1916,113303.07579999999
2026-01-18T01:23:18,6615123.4204,1194177.9324999999,4915927.0328,113284.7088
2026-01-18T02:29:30,6609713.0839,1199231.4925,4895373.7641,120343.7088
2026-01-18T03:19:58,6599594.0666,1196780.4509,4863988.16,120343.7088
2026-01-18T04:25:13,6590834.4356,1191030.6856,4887666.2248,119924.7088
2026-01-18T05:20:32,6613937.9162,1186761.1784,4907682.7263,119908.7088
2026-01-18T06:19:58,6719586.3233,1227405.246,4918379.6938000005,105967.8199
2026-01-18T07:16:40,6969637.8737,1294336.7727,5145250.0681,105909.8199
2026-01-18T08:36:38,6930627.5105,1389819.9746,5178205.2245,105191.0799
2026-01-18T09:28:38,7134455.469,1408950.8847,5468541.86,80123.9509
2026-01-18T10:18:04,6993285.4852,1359195.1659,5289367.9285,78593.8309
2026-01-18T11:19:15,6886766.7671,1299000.1788,5066538.4876,77591.4599
2026-01-18T12:23:13,6750801.5487,1235226.6698,4836392.9841,76571.91530000001
2026-01-18T13:16:48,6641709.3301,1188899.2759,4686511.1498,75468.0653
2026-01-18T14:26:22,6520392.8636,1132959.5230999999,4522562.9938,74259.4131
2026-01-18T15:15:22,6429381.4589,1097760.4864999999,4381289.8937,73622.0531
2026-01-18T16:21:49,6228924.841,1051308.5909,4036894.685,73241.84909999999
2026-01-18T17:18:04,6196006.9509,1014725.353,4095526.8847,72870.4091
2026-01-18T18:19:04,6105675.6027999995,978875.7485,3931396.645,72270.84909999999
2026-01-18T19:18:59,5979519.5151,945166.2538,3784993.0168,69601.1061
2026-01-18T21:31:08,5882701.2949,884985.173,3538779.1278,61752.212700000004
2026-01-18T23:49:13,5952131.9838,856414.6217,3407534.7756,61377.72750000001
2026-01-19T00:51:32,6004641.8519,863176.0261,3365687.2824,63213.72750000001
2026-01-19T01:31:19,5985118.3745,840289.9409,3343413.5274,62414.72750000001
2026-01-19T02:36:36,6007194.5609,853813.0705,3345771.9452,62414.72750000001
2026-01-19T03:29:15,5990626.2247,851693.1651,3334789.728,62072.72750000001
2026-01-19T04:30:49,5977044.5011,849714.2003,3338490.0759,61739.2395
2026-01-19T05:33:46,5947468.2866,846426.0742,3315978.4832,61367.2395
2026-01-19T06:27:04,5894811.0732,841751.6052,3331164.5912,60661.5959
2026-01-19T07:21:28,5870397.7221,822016.3361,3419563.2994,59962.2237
2026-01-19T08:44:54,6285792.5213,830230.9726,3455294.8178,87509.82190000001
2026-01-19T09:44:49,6305228.8507,853333.5744,3482586.1161,84478.8281
2026-01-19T10:26:48,6332581.8122,845101.542,3548506.4266,82654.0821
2026-01-19T11:25:16,6237366.4932,823433.7389,3632674.6453,80667.8731
2026-01-19T12:27:25,6224430.9399,844002.5374,3676865.9758,76142.425
2026-01-19T13:23:40,6070867.573,847405.0326,3667873.9533,75556.29800000001
2026-01-19T14:30:05,6120798.1409,906602.163,3634386.9929,72349.786
2026-01-19T15:19:24,6093071.732,959741.0244,3603978.4432,70375.0026
2026-01-19T16:22:50,6214087.5054,987839.5609,3672510.7813999997,60065.999599999996
2026-01-19T17:19:20,6249861.8591,958900.8588,3675641.9923,87494.61559999999
2026-01-19T18:20:45,6352723.1624,954829.4319,3660757.4914,86857.6966
2026-01-19T19:20:10,6125022.7429,941660.8904,3605689.8483,84185.5185
2026-01-19T21:26:42,6053150.8085,877064.7372,3504649.2527,97034.9463
2026-01-19T23:42:53,6076772.0358,891882.5656,3484057.7113,94731.7821
2026-01-20T00:44:17,6100802.3715,916727.1404,3527368.7957,94178.5171
2026-01-20T01:28:29,6125719.7956,908024.4776,3565363.4262,93864.5171
2026-01-20T02:34:00,6128089.5032,906698.7169,3598630.2022,93379.3539
2026-01-20T03:26:58,6120414.2127,904695.0536,3588851.0522,93068.5039
2026-01-20T04:30:42,5979970.1445,893712.7041,3566845.5252,60077.235700000005
2026-01-20T05:32:21,6080084.5756,896711.642,3533361.5377,91755.6749
2026-01-20T06:26:49,6099775.8597,864660.3411,3635558.6104,101306.4188
2026-01-20T07:23:30,6261671.6977,932640.2751,3723796.3114,114668.317
2026-01-20T08:45:06,6834212.926,1022380.6792,4242689.4928,91080.5699
2026-01-20T09:46:02,7026627.6711,1039268.7398,4404244.8306,108540.8579
2026-01-20T10:29:52,6967663.3269,1051497.7459,4447658.8337,104470.384
2026-01-20T11:30:32,6936922.6409,1063312.2758,4453266.6121,101618.0616
2026-01-20T12:34:05,6903396.6568,1080934.6142,4535824.7253,99642.02410000001
2026-01-20T13:29:05,6874131.7769,1036901.2456,4544003.4251,98885.2641
2026-01-20T14:34:10,6819039.8102,1035006.4175,4677570.5077,97372.4231
2026-01-20T16:12:01,6785261.0101,1089443.5962,4761141.3159,91010.74710000001
2026-01-20T17:20:35,6631458.812,1113651.5253,4671924.4981,88638.3254
2026-01-20T18:22:42,6595041.7005,1091003.2103,4553023.3084,88135.0473
2026-01-20T19:21:49,6640921.3778,1070500.5602,4597929.7691,84606.7148
2026-01-20T21:29:20,6538098.8317,992452.9197,4373613.0681,78952.46919999999
2026-01-20T23:43:22,6420911.3719,966551.2271,4237618.5199,76536.19219999999
2026-01-21T00:43:11,6383558.5618,977057.6599,4198856.2821,76060.04920000001
2026-01-21T01:28:34,6366362.862,975408.4972,4179127.3959,75988.6202
2026-01-21T02:34:06,6369937.0486,989608.9134,4157954.3127,75580.6202
2026-01-21T03:27:36,6355971.0254,988151.6452,4144243.585,75417.6202
2026-01-21T04:29:52,6364547.1506,982045.4131,4129922.4167,74928.9002
2026-01-21T05:32:05,6336563.1679,978563.7511,4100816.7298,73862.65580000001
2026-01-21T06:26:59,6357948.7469,975830.6394,4157697.4454,72858.4693
2026-01-21T07:23:44,6237110.1032,1046105.0305999999,4132465.3544,67894.73629999999
2026-01-21T08:45:04,6702291.103,1055345.3173,4583971.9120000005,68136.2754
2026-01-21T09:44:48,6651973.2423,1106433.8276,4623994.6649,70900.382
2026-01-21T10:30:14,6591830.3726,1144464.8844,4655240.7092,84827.253
2026-01-21T11:30:48,6615390.8158,1187829.341,4858344.4496,82650.051
2026-01-21T12:42:58,6641968.6872,1205984.9041,4852119.5654,80505.1764
2026-01-21T13:54:05,6604206.8614,1179953.4446999999,4731086.1506,78135.1872
2026-01-21T14:40:42,6595131.6656,1161191.7925,4633356.9977,77596.1814
2026-01-21T15:26:35,6556560.6944,1147580.4561,4556357.7406,75962.9734
2026-01-21T16:29:23,6467213.7190000005,1121452.1414,4626180.6021,75227.0465
2026-01-21T17:27:13,6505736.8639,1135666.6589,4798319.8827,72541.7501
2026-01-21T18:23:17,6540760.5579,1160030.2803,4829955.2818,90737.8931
2026-01-21T19:24:13,6413199.109,1154114.8699,4737206.4141,89268.1371
2026-01-21T21:29:13,6329699.0362,1126614.7716,4498154.5292,85305.9111
2026-01-21T23:47:20,6414506.0727,1102947.3226,4382915.0799,82671.8851
2026-01-22T00:46:35,6526996.8182,1143780.9026,4357024.6908,81634.0081
2026-01-22T01:27:50,6494986.2187,1138497.911,4366415.0612,75705.13010000001
2026-01-22T02:32:41,6475848.485,1135556.8747,4360037.6135,75192.6101
2026-01-22T03:27:06,6463934.3036,1134539.0461,4349689.6287,74886.4871
2026-01-22T04:30:15,6446270.285,1144948.242,4331648.9818,74639.6271
2026-01-22T05:31:58,6436296.7885,1143045.6668,4339130.3769,74343.6271
2026-01-22T06:26:26,6340153.1191,1149484.8768,4310709.548,73622.1865
2026-01-22T07:22:40,6464180.0234,1197349.5929,4374638.7285,73298.9055
2026-01-22T08:44:47,6922080.3537,1295590.788,4720258.7238,80286.8717
2026-01-22T09:46:05,7182662.1849,1268756.4893,4861615.712,93716.2463
2026-01-22T10:29:11,7166401.1765,1264158.7352,4818954.3202,91056.22899999999
2026-01-22T11:29:45,7148048.4262,1215444.0728,4856821.2646,89528.679
2026-01-22T12:33:30,7240918.4174,1200517.0566,5005486.479,87543.48800000001
2026-01-22T13:27:51,7221775.4917,1196120.6283,4980643.9937,84759.313
2026-01-22T14:30:18,7214326.0391,1219787.8378,4951190.6697,80849.176
2026-01-22T15:24:24,7228876.2972,1285196.4225,4972443.879,78902.7622
2026-01-22T16:24:57,7243349.5565,1427678.4679999999,5031186.9679,76446.4994
2026-01-22T17:22:13,7240128.7083,1521136.3998,4924927.4327,74556.7034
2026-01-22T18:21:59,7238895.3173,1478897.7873,5028421.2347,70210.3564
2026-01-22T19:20:36,7249606.6165000005,1544926.3421,4850147.8374,66327.4936
2026-01-22T21:26:30,7026692.6524,1467006.0472,4722661.8696,60969.7891
2026-01-22T23:42:04,6985951.9634,1447163.3979,4726734.0449,58258.0977
2026-01-23T00:41:41,7027206.197,1451653.1192,4773723.3112,52940.240699999995
2026-01-23T01:27:13,7041370.7998,1463499.8518,4875269.1114,57475.4937
2026-01-23T02:32:14,7028143.5655,1459481.2513,4855479.5775,57174.163700000005
2026-01-23T03:25:32,7042741.2662,1471436.9543,4839588.9821,56889.163700000005
2026-01-23T04:29:01,7007484.7355,1484503.4378,4875285.4105,54599.9037
2026-01-23T05:29:43,6974107.4755,1478096.3317,4877105.5555,54436.6253
2026-01-23T06:24:11,7106375.5618,1505297.9131,4922047.105,54067.7577
2026-01-23T07:20:16,7194909.1116,1535684.7011,4886380.7323,53506.7307
2026-01-23T08:43:04,7497039.9228,1641073.3371000001,5261641.526,29369.694199999998
2026-01-23T09:42:26,7576522.5138,1630866.1519,5334282.7602,26461.082000000002
2026-01-23T10:25:05,7510912.5925,1596992.365,5245338.0821,25152.8779
2026-01-23T11:24:34,7392696.2574,1531257.0622999999,5025870.4013,24128.8779
2026-01-23T12:28:22,7192566.1643,1499618.0457,4888673.9482,22894.9075
2026-01-23T13:25:59,7118371.0752,1450941.118,4801680.0915,22047.6973
2026-01-23T14:30:55,6960335.141,1383981.3908,4641781.8806,21814.6973
2026-01-23T15:24:00,6887678.0472,1328463.1575,4631171.6035,21003.7177
2026-01-23T16:24:27,6748327.0162,1268517.6467,4557913.8115,20085.5953
2026-01-23T17:20:41,6591639.8838,1217562.5165,4396842.6039,18114.5953
2026-01-23T18:17:38,6461044.7879,1166775.6591,4372033.3968,17920.5749
2026-01-23T19:20:50,6359382.1055,1110335.9137,4231745.8322,27759.493300000002
2026-01-23T21:24:46,6123228.5359,1024496.5697,3992000.1011,27630.493300000002
2026-01-23T23:26:12,6064149.5588,1009765.5474,3884809.2856,27361.5341
2026-01-24T00:35:19,6065857.4557,1003665.1749,3892465.8490999998,27218.493300000002
2026-01-24T01:21:22,6068039.43,1002681.1253,3857688.3246,27142.493300000002
2026-01-24T02:29:59,6053369.9849,1011003.5153,3868576.0727,26989.493300000002
2026-01-24T03:20:09,6042040.2153,1009570.0395,3853406.6196,26223.493300000002
2026-01-24T04:25:08,6036548.5556,1007943.3008,3841367.4461,25917.493300000002
2026-01-24T05:20:02,6017245.9889,1010516.1001,3818056.2816,24774.493300000002
2026-01-24T06:20:35,5976052.8702,999529.5672,3848281.74,66313.6223
2026-01-24T07:17:22,5936138.3459,995495.0821,3834033.6294,65191.653300000005
2026-01-24T08:37:29,6360925.5522,988159.3486,4193404.7109,51796.4273
2026-01-24T09:31:13,6760808.5367,1098887.6693,4415714.2687,62514.3343
2026-01-24T10:19:15,6773561.1827,1125750.7128,4371569.0581,71691.5369
2026-01-24T11:19:42,6773953.1359,1138907.8252,4421484.0232,70349.1302
2026-01-24T12:22:54,6894591.6336,1183145.5786,4516030.6305,68813.98730000001
2026-01-24T13:17:25,6842812.1122,1207921.4141,4607555.2154,68362.7773
2026-01-24T14:27:47,6864828.3627,1177532.3699,4583646.2226,65061.9733
2026-01-24T15:16:50,6997980.0366,1215745.3863,4763041.499,63798.724299999994
2026-01-24T16:21:11,7210820.2322,1241011.9613,4836372.4721,63546.5011
2026-01-24T17:17:51,7166476.1837,1246037.0784,4834213.752,63063.9891
2026-01-24T18:19:18,7081108.746,1234057.4919,4869273.4072,61022.42599999999
2026-01-24T19:18:59,7061612.8848,1209411.4528,4813924.8919,59927.9396
2026-01-24T21:44:53,7082137.1244,1122084.7116,4812178.2092,58123.9966
2026-01-24T23:53:38,7183256.3116,1154490.9542,4918389.8196,67758.8404
2026-01-25T00:52:11,7177254.9866,1200095.5706,5008438.2068,67758.8404
2026-01-25T01:27:57,7201539.3105,1210069.8221,5032253.7635,67437.8404
2026-01-25T02:30:42,7202755.382,1205629.867,5024186.6397,82227.6363
2026-01-25T03:21:43,7192110.1985,1202883.9726,5043125.6333,82217.6363
2026-01-25T04:25:50,7185601.2263,1199378.7891,5094987.0737,81662.6363
2026-01-25T05:21:20,7166294.5653,1204880.9944,5097618.0844,81634.6363
2026-01-25T06:21:06,7178400.7267,1201534.3576,5130064.0102,81467.24220000001
2026-01-25T07:17:39,7276064.2311,1284484.7699,5148376.6136,80769.3032
2026-01-25T08:38:41,7649692.2625,1462004.1227,5490324.6916,80040.3032
2026-01-25T09:32:14,7673990.2937,1501013.2912,5454629.7844,79356.0992
2026-01-25T10:18:51,7555560.1842,1452817.3244,5305008.4603,78641.41219999999
2026-01-25T11:19:40,7443065.405,1384578.7949,5083739.9735,76224.7312
2026-01-25T12:23:56,7323771.398,1316533.4087,4894141.0313,75725.3958
2026-01-25T13:17:16,7236521.6219,1297934.9769,4725188.4447,75361.3048
2026-01-25T14:28:24,7076636.9399,1292205.2997,4502118.9467,74767.3596
2026-01-25T15:16:37,6980706.4262,1257629.2464,4356321.4802,74210.7216
2026-01-25T16:22:39,6960959.008,1209594.7466,4187271.3771,73165.7056
2026-01-25T17:18:52,6848662.5841,1120286.1845,4030133.8274,72710.9498
2026-01-25T18:19:57,6726324.2502,1073617.3905,3897277.7526,71825.4178
2026-01-25T19:19:50,6631743.1487,1035924.5745,3753809.1787,69745.4418
2026-01-25T21:44:40,6474651.971,1004478.8098,3557380.5584,65882.2418
2026-01-25T23:56:21,6450040.2328,983208.0864,3426151.2259,63458.1439
2026-01-26T00:55:30,6453219.0459,1001606.5785000001,3386662.6643,54042.327900000004
2026-01-26T01:33:13,6446570.807,998543.0863,3395113.8247,62840.327900000004
2026-01-26T02:34:44,6438506.8636,995108.926,3375838.5156,62580.8179
2026-01-26T03:27:09,6432534.4945,992276.5059,3359549.359,62396.8179
2026-01-26T04:30:56,6441385.3712,988796.9429,3341275.7353,62364.8179
2026-01-26T05:33:24,6416490.9623,983662.2771000001,3314913.669,61354.268299999996
2026-01-26T06:25:34,6460917.7785,961901.6414,3308105.9118,61011.268299999996
2026-01-26T07:20:33,6396170.302,940625.858,3315071.578,60396.3693
2026-01-26T08:44:13,6703676.3866,924595.3541,3618608.6132,44925.3571
2026-01-26T09:44:17,6711104.6356,875555.7817,3702758.8144,53805.749299999996
2026-01-26T10:27:37,6644479.763,872120.1564,3660583.3131,50744.908299999996
2026-01-26T11:28:10,6681902.1849,941343.9749,3713386.0042,47658.4983
2026-01-26T12:32:37,6685315.2551,955649.2766,3746776.685,44968.8009
2026-01-26T13:28:45,6595056.812,925567.2132,3869731.9304,38290.739499999996
2026-01-26T14:33:09,6587711.2059,903653.1389,3968269.4701,36724.2191
2026-01-26T15:24:11,6629306.67,1001795.3772,4051886.2859,54889.3067
2026-01-26T16:25:33,6707208.8749,1087797.4245,4145465.9171,51336.284700000004
2026-01-26T17:23:38,6933143.1423,1144569.3404,4205309.0729,50657.7427
2026-01-26T18:21:22,6775627.0844,1105223.8385,4211208.1891,49692.548299999995
2026-01-26T19:21:34,6717806.3255,1091474.262,4159338.7705,48617.3223
2026-01-26T21:42:24,6494814.7495,1030938.2883,4036105.8992,46171.6481
2026-01-26T23:47:30,6380065.7979,998787.278,4027577.2732,62308.9163
2026-01-27T00:46:05,6265058.5959,1000593.3633,3977568.4412000002,62197.304299999996
2026-01-27T01:27:08,6365891.7043,1033441.0399,4034496.9536,62197.304299999996
2026-01-27T02:33:09,6377260.3314,1040355.1076,4016115.7572,61558.2433
2026-01-27T03:27:50,6276673.4036,1034739.8910000001,3963241.2338,61160.5223
2026-01-27T04:31:20,6436807.022,1034261.6255,4062515.3896,42902.0283
2026-01-27T05:31:53,6434303.5209,1027587.4529,4063965.6184,60266.5223
2026-01-27T06:27:08,6431575.1702,1069138.654,4072999.1507,59551.3673
2026-01-27T07:23:00,6344576.454,1051202.6965,4189749.1429,57593.5513
2026-01-27T08:44:05,6873209.6109,1161478.3162,4700370.1258,37455.8223
2026-01-27T09:46:21,6993720.0843,1159773.0685999999,4608367.7679,54151.7217
2026-01-27T10:29:37,6940804.7143,1121039.8131,4746299.9521,53313.9837
2026-01-27T11:30:48,6926156.2664,1148508.9899,4902921.3220999995,52187.225300000006
2026-01-27T12:29:01,6917024.3901,1132045.2173,4931009.7146,50301.8035
2026-01-27T13:27:51,6826299.8141,1128589.8934,4930428.4763,49096.4905
2026-01-27T14:36:22,6775044.2615,1145621.9857,4879057.4372,47377.4485
2026-01-27T15:26:05,6764201.2272,1156408.5931,4862617.5822,31176.631500000003
2026-01-27T16:22:40,6677218.9705,1265888.0949,4850573.8964,44164.4875
2026-01-27T17:18:15,6609061.5855,1288296.2296,4835529.8523,54271.3445
2026-01-27T18:22:41,6749162.849,1358963.3949,4844387.3872,50949.5725
2026-01-27T19:21:27,6672481.6797,1343552.612,4793290.1115,48555.0971
2026-01-27T21:29:13,6396579.8775,1314209.6555,4514884.4884,42938.1141
2026-01-27T23:44:47,6298191.9148,1273491.2535,4400291.4527,40150.3355
2026-01-28T00:43:57,6293642.4026999995,1290202.531,4459043.2224,39081.7055
2026-01-28T01:27:13,6280811.2253,1287088.068,4343698.0748,38945.1555
2026-01-28T02:34:17,6267902.4373,1284085.9838,4299421.62,38039.1555
2026-01-28T03:25:50,6268476.2712,1293343.0633,4302026.5423,37978.1555
2026-01-28T04:30:31,6257375.6674999995,1311861.9505,4279116.5225,37592.1851
2026-01-28T05:33:26,6230539.34,1282682.0624,4268340.7254,35979.9331
2026-01-28T06:27:18,6299391.2632,1283226.0467,4284448.9512,35337.4011
2026-01-28T07:23:23,6351522.2204,1309087.9732,4378225.1453,35122.4011
2026-01-28T08:44:36,6802339.2858,1383914.5707,4787350.1407,15781.563699999999
2026-01-28T09:47:30,6982830.0392,1391357.147,4997676.3171,30475.3315
2026-01-28T10:28:42,6908864.3023,1364423.7843,4936662.63,39034.1175
2026-01-28T11:31:49,6903747.9575,1363015.3198,5093859.7471,35876.4375
2026-01-28T12:34:39,6969735.5095999995,1420395.9203,5256264.291,33786.5735
2026-01-28T13:31:53,6896590.5008,1399357.9985,5267521.9163,29497.0095
2026-01-28T14:35:20,6870183.2012,1367001.2358,5154427.9138,28032.483500000002
2026-01-28T15:27:50,6879860.4786,1442278.7945,5172698.2731,27415.463499999998
2026-01-28T16:28:28,7032863.8961000005,1426599.2285,5168744.3776,27934.3135
2026-01-28T17:28:34,7089616.3382,1473290.6215,5180500.512,36186.9775
2026-01-28T18:25:50,6981376.6866999995,1483992.6844,5170889.2237,35499.6225
2026-01-28T19:25:33,6758975.3496,1426837.6006,5097998.8708,34893.614499999996
2026-01-28T21:50:29,6578688.6106,1334789.5981,4874557.0479,31122.016499999998
2026-01-29T00:07:26,6504539.879,1322220.1361,4813972.9436,29400.317499999997
2026-01-29T01:42:42,6517561.3146,1337125.5318,4861701.4603,28445.317499999997
2026-01-29T02:43:54,6496337.7026,1331864.6132,4845114.5138,28445.317499999997
2026-01-29T03:41:00,6489224.5871,1334469.6965,4830238.8944,28261.317499999997
2026-01-29T04:37:56,6480173.9473,1330698.4185,4841990.7048,28261.317499999997
2026-01-29T05:41:46,6461572.6439000005,1329257.7895,4843359.1627,27769.317499999997
2026-01-29T06:35:58,6484330.731,1326655.5308,4874274.8254,26893.5255
2026-01-29T07:30:38,6549320.5137,1337282.2027,4927849.574,27198.8835
2026-01-29T08:54:11,7258522.6258,1466736.3511,5490190.6712,45879.8835
2026-01-29T10:00:15,7316674.3466,1454958.1446,5438446.8593,56478.6635
2026-01-29T10:41:42,7258833.0646,1442075.7395,5447092.3011,56010.6635
2026-01-29T11:35:00,7211384.1927,1389890.3357,5534953.8328,54679.6635
2026-01-29T12:42:32,7361595.9656,1460473.493,5662615.8954,63658.6635
2026-01-29T13:37:07,7273454.9513,1423395.6499,5610699.0173,62226.6635
2026-01-29T14:41:28,7326788.6657,1405783.0892,5556923.0623,49209.8835
2026-01-29T15:30:19,7277507.9402,1422089.2219,5564095.4289,45880.8835
2026-01-29T16:28:51,7242925.0805,1457848.9966,5499855.3347,44538.8835
2026-01-29T17:25:38,7244626.6133,1570126.9397,5579739.5178,42777.8835
2026-01-29T18:26:34,7305291.1211,1586478.3549,5608864.1011,53735.6635
2026-01-29T19:25:46,7225782.6102,1580020.2763,5492848.2993,49993.4035
2026-01-29T21:50:31,6967590.0472,1476405.2568,5227129.368,47006.4035
2026-01-30T00:09:15,6823812.7144,1440775.4156,5030116.5861,44866.4035
2026-01-30T01:45:37,6783834.2374,1432959.524,5042311.3964,44184.4035
2026-01-30T02:45:28,6770857.5694,1429864.6256,5024307.5504,44047.4035
2026-01-30T03:40:22,6770207.9756000005,1442449.5807999999,5007319.9648,43863.4035
2026-01-30T04:36:53,6757874.6126,1439196.6517,4997618.1736,43700.4035
2026-01-30T05:42:50,6728408.2269,1544492.7508,4963049.2091,43210.4035
2026-01-30T06:32:29,6736289.8879,1570414.9215,4972383.7364,42562.4035
2026-01-30T07:31:43,6792293.4667,1572712.1098,4953552.6271,41697.4035
2026-01-30T08:50:20,7166933.6021,1592126.5947,5049366.0636,10276.8835
2026-01-30T09:56:04,7402426.5517,1595234.7053,5197301.9561,67696.9565
2026-01-30T10:35:27,7401279.1195,1616585.4666,5170574.9762,67631.9565
2026-01-30T11:33:34,7454121.8936,1655779.6602,5208970.2685,66281.69649999999
2026-01-30T12:37:32,7406679.0801,1652584.4995,5168505.3824000005,65747.69649999999
2026-01-30T13:33:29,7260641.4338,1661058.3357,5070685.2977,82929.6965
2026-01-30T14:39:24,7226415.5258,1693188.4445,5124500.1253,87478.6965
2026-01-30T15:31:49,7277416.9511,1706829.7869,5089076.2252,86041.6965
2026-01-30T16:28:25,7382073.761,1676825.7357,5206374.2859,85771.6965
2026-01-30T17:28:04,7442235.16,1771578.2983,5291843.6914,93941.6965
2026-01-30T18:23:45,7450776.7563,1773683.069,5316968.2345,93554.6965
2026-01-30T19:24:25,7449166.5491,1761849.5574999999,5212067.4502,92486.69649999999
2026-01-30T21:47:24,7355652.9955,1676196.7566,5172762.3878,89263.6965
2026-01-31T00:04:48,7406491.462,1631955.9018,5098799.2212,87076.6965
2026-01-31T01:38:30,7398282.7709,1642468.2603,5039400.5931,86689.6965
2026-01-31T02:37:17,7414748.0757,1637200.2737,5012759.9121,86230.6965
2026-01-31T03:28:44,7408853.3305,1633286.6547,5021998.9426,86118.6965
2026-01-31T04:31:38,7410227.0661,1630976.4858,4959368.0936,86118.6965
2026-01-31T05:27:44,7434512.6994,1633239.9601,4985810.9233,86023.6965
2026-01-31T06:23:12,7360927.8668,1607912.0853,5002682.0426,85533.6965
2026-01-31T07:20:02,7473438.4057,1600271.5959,5061065.0051,84497.6235
2026-01-31T08:42:25,7760228.8616,1681798.6511,5469371.4051,85729.8835
2026-01-31T09:40:56,8083564.3721,1730404.5908,5665815.5297,60909.8835
2026-01-31T10:23:17,8071067.6202,1713626.8647999999,5584861.7904,60264.8835
2026-01-31T11:22:26,8089300.2018,1722342.1284999999,5726002.5804,59037.8835
2026-01-31T12:25:59,8148674.3487,1706061.3285,5651774.4554,57118.8835
2026-01-31T13:22:53,8272719.9257,1806226.0416,5536263.2952,54412.8835
2026-01-31T14:30:03,8334528.8249,1761963.484,5501856.2851,52568.8835
2026-01-31T15:20:42,8310603.1077,1724033.3326,5542007.5789,43787.883499999996
2026-01-31T16:23:53,8258538.2637,1783532.4095,5581231.0399,41995.6235
2026-01-31T17:20:32,8314942.2072,1761816.9646,5640306.4708,40485.6235
2026-01-31T18:21:38,8216267.811,1763823.3042,5708440.8404,55878.6235
2026-01-31T19:20:57,8193118.5716,1730776.291,5617451.9343,55511.6235
2026-01-31T22:05:07,8055620.271,1676631.4738999999,5471372.2627,54546.6235
2026-02-01T01:00:30,8122464.1235,1733016.6938,5525539.4788,51680.6235
2026-02-01T02:03:21,8119645.1786,1727484.4968,5568541.947,51528.6235
2026-02-01T03:37:46,8135232.9816000005,1747221.2094,5509044.7582,50521.6235
2026-02-01T04:31:03,8124959.4032,1631258.7331,5496467.1231,50308.6235
2026-02-01T05:29:42,8169915.7373,1639143.9158,5487685.9372,50308.6235
2026-02-01T06:24:12,8275256.6503,1685486.757,5526183.4371,50277.6235
2026-02-01T07:21:23,8265338.4787,1790224.6301,5552394.8042,108205.6235
2026-02-01T08:44:22,8558549.4224,1889222.3841,5745749.9498,85122.8835
2026-02-01T09:43:00,8429110.9418,1853198.4024,5636948.7534,84523.8835
2026-02-01T10:25:49,8382403.6326,1806415.1938,5466756.7093,84440.8835
2026-02-01T11:23:33,8263947.8482,1737763.9199,5246332.0995000005,84259.8835
2026-02-01T12:28:01,8173124.723,1666737.6786,5023900.1462,83777.8835
2026-02-01T13:23:45,8078013.1485,1611819.7573,4841153.8739,83723.8835
2026-02-01T14:32:10,7950923.7084,1551661.9019,4676631.2692,82078.6235
2026-02-01T16:24:57,7752413.7665,1452398.4194,4345369.5851,89200.6235
2026-02-01T17:23:01,7644730.5086,1404610.5119,4217494.667,89180.6235
2026-02-01T18:22:53,7534831.095,1352476.0077,4033342.8341,88990.6235
2026-02-01T19:23:15,7441949.2784,1304189.3054,3849836.4557,88939.6235
2026-02-01T21:57:32,7228720.1483,1123621.7879,3558465.1195,86802.6235
2026-02-02T00:24:55,7261101.2983,1101144.7966,3505648.0261,78234.6235
2026-02-02T02:03:26,7271222.0136,1105594.7481,3546425.1754,85016.6235
2026-02-02T03:49:20,7257020.7798,1103656.0375,3524337.7406,84832.6235
2026-02-02T04:41:42,7242601.6641,1101470.6845,3509618.3661,84679.6235
2026-02-02T05:45:31,7215164.787,1098051.4222,3482086.6654,83743.6235
2026-02-02T06:43:02,7227423.0903,1056992.5336,3524452.4436,83614.6235
2026-02-02T07:35:11,7287672.1145,1004331.8163000001,3479632.3435,82186.6235
2026-02-02T08:55:25,7619287.846,1046462.3775000001,4069288.9386,113127.8835
2026-02-02T10:02:46,7622327.9562,974784.0431,4026366.8777,68347.8835
2026-02-02T10:55:10,7476250.4351,982322.5652,4085119.7462,67113.8835
2026-02-02T11:38:15,7348932.8716,970398.0444,4096908.667,66211.6998
2026-02-02T12:38:45,7208873.5383,990704.4585,4143121.0172,64592.6998
2026-02-02T13:38:02,7092450.0952,974684.3097,4101531.1593,63105.6998
2026-02-02T14:40:59,6958400.7848,997450.2602,4087715.1371999998,71237.6998
2026-02-02T19:27:31,6912219.2809,1142041.8265,4222533.4332,67111.6998
2026-02-02T21:56:27,6636900.6708,1099596.9936,3914794.1141,83251.6998
2026-02-03T00:15:08,6587407.5893,1096164.7273,3877159.3187,82100.6998
2026-02-03T01:49:54,6606333.8523,1092363.7884,3821834.4677,81736.6998
2026-02-03T02:48:23,6661561.2576,1075053.5694,3822156.0322,81736.6998
2026-02-03T03:41:56,6656482.7319,1094219.6656,3808915.585,81641.6998
2026-02-03T04:38:33,6636185.25,1091941.3432,3789912.5798,81414.6998
2026-02-03T05:39:25,6615907.2104,1094016.2557,3781478.4064,80656.6998
2026-02-03T06:38:44,6645270.4679,1120753.7735,3863350.7437,80574.8835
2026-02-03T07:34:03,6715219.4436,1155179.9222,3936713.6173,50081.883499999996
2026-02-03T08:55:26,7319785.2588,1289966.2205,4495570.4094,32757.8835
2026-02-03T10:05:11,7308676.6532,1267301.9716,4463328.0866,28738.8835
2026-02-03T11:47:44,7084199.2502999995,1302727.7108,4597352.0082,42567.883499999996
2026-02-03T12:51:47,7062779.0398,1298484.4364,4765065.1124,41479.883499999996
2026-02-03T13:52:48,7003827.4126,1255349.2761,4721744.0642,38563.883499999996
2026-02-03T14:55:21,6984912.7292,1292758.6001,4662490.0637,34585.883499999996
2026-02-03T15:44:50,6993334.6438,1328794.1256,4657498.7082,34174.883499999996
2026-02-03T16:34:47,6934024.9731,1362344.9787,4607656.4655,33098.883499999996
2026-02-03T17:33:16,6986705.6612,1323422.0462,4579683.0635,30567.8835
2026-02-03T18:28:17,6963775.6338,1346428.2068,4564311.2723,24076.8835
2026-02-03T19:28:09,6885748.6203,1305498.5167,4468143.0253,23365.8835
2026-02-03T21:51:06,6642984.148,1214701.1315,4246962.5575,21113.8835
2026-02-04T00:11:07,6589060.388,1180999.2111,4149673.1065,30386.8835
2026-02-04T01:47:58,6592904.522,1173174.8904,4098137.8804,30339.8835
2026-02-04T02:48:48,6589405.7132,1190721.5469,4078955.0799000002,30188.8835
2026-02-04T03:43:46,6581666.8244,1188337.5147,4074826.4609,30167.8835
2026-02-04T04:38:27,6577378.2105,1190523.0382,4102254.4084,29821.8835
2026-02-04T05:41:50,6550835.1394,1196972.0148,4051980.843,29757.8835
2026-02-04T06:38:02,6510444.4484,1225530.4933,4047229.9817,28829.8835
2026-02-04T07:33:13,6601877.8494,1254039.7081,4041569.4919,27983.8835
2026-02-04T08:55:15,7224728.899,1285485.5885,4443790.7244,49821.883499999996
2026-02-04T10:03:39,7192268.2709,1242209.9411,4437911.8725,48237.6235
2026-02-04T11:41:48,7295173.8869,1245226.0037,4609387.0629,49576.6235
2026-02-04T12:44:31,7186904.3034,1255924.6477,4660825.1169,48125.6235
2026-02-04T13:44:51,7112557.8352,1253139.1801,4630711.7678000005,46918.0175
2026-02-04T14:45:51,7122091.6821,1253371.6208,4556244.9807,45758.0175
2026-02-04T15:39:22,7033551.0846,1272629.9405,4514122.7412,45391.0175
2026-02-04T16:32:43,6990244.2134,1274939.9397,4532675.4742,44539.0175
2026-02-04T17:32:03,6946447.981,1294421.1572,4510046.8379999995,43409.6235
2026-02-04T18:26:10,7023855.4615,1321991.3009,4552205.0879,43005.6235
2026-02-04T19:26:29,6911777.6476,1304952.9616,4487817.6957,42910.6235
2026-02-04T21:52:53,6636035.4467,1210075.1403,4211953.6542,39934.6235
2026-02-05T00:14:01,6601477.5071,1194056.0871,4177823.6294,38078.6235
2026-02-05T01:55:24,6650106.8652,1188864.3726,4152828.7063,37496.6235
2026-02-05T02:57:07,6633746.5239,1186671.103,4140575.6223,37331.6235
2026-02-05T03:50:12,6626626.8605,1184682.4165,4129664.4687,37331.6235
2026-02-05T04:40:40,6606456.4623,1181945.7097,4114755.9864,36989.6235
2026-02-05T05:42:46,6579666.1017,1173837.7251,4107667.9445,36337.6235
2026-02-05T06:39:38,6600920.875,1167478.3471,4212541.6296,35881.6235
2026-02-05T07:35:09,6689972.3065,1254498.9435,4352664.0121,36474.883499999996
2026-02-05T08:57:36,7092283.3339,1365305.5387,4584860.5128,41743.777500000004
2026-02-05T10:06:18,7057805.7041,1342278.6048,4596977.1705,39682.777500000004
2026-02-05T11:40:34,7098072.3683,1383574.0486,4672561.7434,39359.777500000004
2026-02-05T12:44:39,7067152.0967,1368706.4111,4643582.2218,53031.777500000004
2026-02-05T13:46:03,7015445.8559,1338692.2637,4652409.2865,51634.777500000004
2026-02-05T14:46:44,6973017.4254,1358100.8213,4684367.1314,50828.777500000004
2026-02-05T15:37:45,6980997.6322,1352670.2506,4693038.6022,49901.7775
2026-02-05T16:32:21,7011171.9325,1355707.5342,4687592.2591,48532.383499999996
2026-02-05T17:27:26,6957958.9047,1351992.5007,4696978.3574,47093.3835
2026-02-05T18:26:28,6981641.2098,1383370.0764,4798325.2931,46324.3835
2026-02-05T19:23:05,6858057.5883,1341285.7315,4757963.8693,46276.3835
2026-02-05T21:52:27,6607983.6252999995,1291996.6559,4528381.4741,42907.3835
2026-02-06T00:14:53,6545917.4221,1320719.3889,4502716.9847,40457.1235
2026-02-06T01:54:16,6524065.7068,1359275.5441,4581243.2213,56146.1235
2026-02-06T02:53:20,6513515.3999,1355072.5456,4566953.8821,55625.1235
2026-02-06T03:45:30,6523597.9618999995,1364726.112,4554392.2143,55442.1235
2026-02-06T04:40:01,6496223.5394,1360073.5357,4537884.0388,54656.1235
2026-02-06T05:41:30,6488383.1809,1351257.6996,4542603.5879,53682.1235
2026-02-06T06:37:51,6461126.7794,1369740.3179,4612034.9911,53382.1235
2026-02-06T07:33:19,6585133.6841,1383410.939,4660033.1216,58998.1235
2026-02-06T08:55:31,7024631.4656,1465176.8349,5278127.2072,30472.8835
2026-02-06T10:03:01,6904190.2162,1398242.9966,5163114.4397,29547.8835
2026-02-06T10:52:02,6963863.993,1393545.967,5247245.8527999995,20736.8835
2026-02-06T11:38:46,6917977.7376,1423640.3353,5166278.2584,20716.8835
2026-02-06T12:42:31,6952435.3,1364023.8038,5275832.3403,20594.9243
2026-02-06T13:41:39,6981739.9225,1333363.6434,5179315.99,36399.9243
2026-02-06T14:46:46,6858169.6722,1299909.2534,5076245.9569,33602.9243
2026-02-06T15:37:49,6892260.2782,1310993.6985,5076261.4542,31935.9243
2026-02-06T16:33:00,6931567.9427,1331545.7997,5097602.2352,29935.9243
2026-02-06T17:30:21,6926396.7424,1311268.6602,5098065.4983,29058.9243
2026-02-06T18:22:47,6966934.9436,1392741.1379,5189348.0967,27255.9243
2026-02-06T19:25:14,6823973.1806,1381742.117,4998752.7334,19777.9243
2026-02-06T21:48:54,6602826.0819,1308933.9846,4791076.3907,21998.9243
2026-02-07T00:07:58,6487059.9883,1326891.1377,4739770.049,21136.9243
2026-02-07T01:41:25,6498576.8753,1374862.4708,4696549.8795,52639.4643
2026-02-07T02:40:01,6520361.2122,1370756.8993,4705722.7915,52568.4643
2026-02-07T03:31:38,6508186.0839,1367474.7809,4688489.8579,52568.4643
2026-02-07T04:29:54,6490866.3815,1350474.1415,4681229.7326,52568.4643
2026-02-07T05:29:53,6475112.6345,1342180.5285,4663154.242,52477.4643
2026-02-07T06:24:36,6456975.277,1341584.1369,4540824.4618,51753.4235
2026-02-07T07:21:41,6622611.402,1434696.4983,4485522.8988,56669.0127
2026-02-07T08:43:07,7078381.1132,1570136.8845,5036905.3036,69619.01269999999
2026-02-07T09:43:35,7134570.8829,1663450.4307,5084443.716,64163.0127
2026-02-07T10:25:30,7277162.2511,1681270.2228,5090220.0553,63219.0127
2026-02-07T11:24:09,7329413.8355,1653588.0776,5098219.0538,82121.01269999999
2026-02-07T12:29:03,7348415.4068,1653219.6715,5207050.2118,79898.01269999999
2026-02-07T13:25:32,7269418.4421,1709303.2068,5222242.0581,76619.01269999999
2026-02-07T14:33:08,7262646.4905,1654108.6282,5162397.851,76200.01269999999
2026-02-07T15:23:08,7193708.9322999995,1627341.5117,5158495.1201,85658.01269999999
2026-02-07T16:24:54,7237698.0576,1613455.734,5248977.8273,84243.01269999999
2026-02-07T17:25:18,7229238.5373,1603942.7515,5350161.3156,80635.01269999999
2026-02-07T18:24:20,7285106.7292,1627530.6406,5406980.6206,78539.01269999999
2026-02-07T19:28:37,7264360.7727,1616720.8626,5356406.0131,77456.01269999999
2026-02-07T22:15:26,7137491.9346,1501503.989,5378155.3851,73087.01269999999
2026-02-08T01:03:03,7359236.4897,1535776.8137,5509324.2256,70002.4727
2026-02-08T02:05:14,7366232.4772,1537394.8915,5533362.3311,69971.4727
2026-02-08T03:38:53,7370254.7369,1530499.2481,5521874.8363,69588.4727
2026-02-08T04:31:07,7356590.4848,1524921.7457,5520075.1728,69422.4727
2026-02-08T05:29:37,7389565.3353,1530018.5556,5491655.8578,61964.883499999996
2026-02-08T06:25:34,7378570.8777,1515629.5944,5619360.5468,61950.883499999996
2026-02-08T07:22:38,7496333.3264,1569555.2204,5705978.1455,61875.883499999996
2026-02-08T08:44:12,8019988.14,1598437.6258,5935248.001,46046.883499999996
2026-02-08T09:44:27,8013121.0372,1570601.4036,5916316.794,45791.883499999996
2026-02-08T10:27:01,7931184.764,1520849.3556,5797805.1671,45743.883499999996
2026-02-08T11:25:04,7770005.0062,1453062.9361999999,5603790.2084,44236.883499999996
2026-02-08T12:28:57,7623968.8366,1378563.7215,5362518.1999,42883.883499999996
2026-02-08T13:26:21,7547488.6621,1322765.1539,5187179.4366,41541.883499999996
2026-02-08T14:34:17,7449801.3464,1259025.769,5097961.7067,41375.883499999996
2026-02-08T15:24:26,7412181.9122,1213536.6934,4942242.2468,41242.883499999996
2026-02-08T16:25:13,7290524.7992,1159381.1413,4748364.5928,40215.883499999996
2026-02-08T17:25:31,7227591.2135,1135920.5724,4559467.1082,39353.883499999996
2026-02-08T18:25:08,7105069.2534,1088348.4254,4384103.8446,39319.883499999996
2026-02-08T19:29:59,6969849.3516999995,1054169.6555,4238970.0407,37365.883499999996
2026-02-08T21:59:37,6751995.9882,953464.9634,3904116.1636,35106.883499999996
2026-02-09T00:29:32,6768908.714,955255.7309,3801431.581,33378.883499999996
2026-02-09T02:07:15,6767892.5481,949802.5465,3807919.9028,33322.883499999996
2026-02-09T03:56:56,6748510.1872,941651.3511,3797511.5643,33004.883499999996
2026-02-09T04:48:48,6797033.6641999995,938595.9857000001,3784391.1991,31349.6235
2026-02-09T06:02:05,6766191.8055,918832.0006,3753626.8848,31178.6235
2026-02-09T07:06:01,6695771.0066,917445.6876,3688429.8917,30769.6235
2026-02-09T09:04:19,6920097.5752,898659.1837,3885062.8895,31445.8935
2026-02-09T10:51:05,6800464.0521,905473.0577,3977997.823,27869.8935
2026-02-09T11:54:45,6762767.3215,932773.1237,4042176.903,26845.8935
2026-02-09T13:51:36,6585395.6225,954937.447,4132904.6409,48293.8935
2026-02-09T16:03:38,6636523.1867,1001624.4509,4295732.5921,45841.8935
2026-02-09T17:39:05,6668911.4325,1136266.9263,4468822.221,39314.8935
2026-02-09T18:37:02,6755552.0258,1181740.5555,4475772.2927,36471.8935
2026-02-09T19:35:33,6680221.0079,1177960.6644,4477883.1746,35231.8935
2026-02-09T22:11:32,6367325.1948,1096960.0637,4221395.5127,31087.8935
2026-02-10T01:03:00,6412220.7268,1093380.6307,4156522.9105,39031.8935
2026-02-10T03:02:54,6430162.5632,1085319.4555,4236847.955,37998.8935
2026-02-10T04:04:26,6415740.8328,1081836.839,4224252.681,37998.8935
2026-02-10T06:00:07,6374390.8588,1085776.5237,4213861.4938,37077.8935
2026-02-10T06:58:11,6377624.589,1123597.4048,4205725.6153,35721.8935
2026-02-10T07:51:11,6359143.6827,1133499.2166,4312624.614,34795.8935
2026-02-10T09:08:48,6947545.7653,1111686.5309,4800208.0509,32799.883499999996
2026-02-10T10:57:24,6902760.7599,1229411.7838,4692594.9606,29925.8835
2026-02-10T12:06:33,6817708.2053,1238612.7721,4579086.4489,42284.883499999996
2026-02-10T14:00:33,6701834.4589,1297557.8651,4485626.5377,40395.883499999996
2026-02-10T15:12:39,6793010.785,1349549.5719,4426335.654,36148.883499999996
2026-02-10T16:42:11,6777959.5199,1459404.3412,4375150.2296,32661.8835
2026-02-10T17:41:40,6767719.6208,1515686.0848,4258855.2427,30585.8835
2026-02-10T18:38:49,6789550.4347,1581251.1344,4180050.4067,29828.8835
2026-02-10T19:42:20,6735485.6964,1616367.7106,4048188.9095,29635.8835
2026-02-10T22:05:49,6368704.5875,1565213.1413,3804068.9343,47426.883499999996
2026-02-11T01:02:04,6352332.6006,1650443.027,3735417.5222,46103.883499999996
2026-02-11T02:13:41,6327251.0057,1641668.0602,3721213.5065,45073.883499999996
2026-02-11T03:56:13,6308545.6301,1626784.2629,3626205.907,32046.8835
2026-02-11T04:45:57,6294397.559,1644429.0043,3691025.8264,43315.883499999996
2026-02-11T05:53:19,6281920.6322,1627515.5148,3658786.2103,42359.883499999996
2026-02-11T06:48:16,6258950.2933,1614492.4926,3706370.084,42063.883499999996
2026-02-11T07:44:16,6289572.9667,1640398.9822,3724994.4794,41253.883499999996
2026-02-11T09:04:35,6897984.5451,1994662.041,3931355.3307,51756.6045
2026-02-11T10:52:29,6778054.0825000005,1926710.5246,3867799.0487,48363.6045
2026-02-11T12:00:14,6759886.3661,1918993.946,3787345.2814,44639.6045
2026-02-11T13:09:06,6624617.0279,1867479.4452,3774657.7921,38575.3445
2026-02-11T15:00:16,6529671.2015,1848655.5419,3762364.088,36353.3445
2026-02-11T15:58:02,6450364.2738,1847228.4527,3646139.2329,55220.3445
2026-02-11T16:38:19,6432708.2385,1890884.0278,3637935.8746,53316.3445
2026-02-11T17:33:31,6486204.2778,1949126.5622,3623387.0634,49419.3445
2026-02-11T18:28:38,6484023.826,1951300.3018,3515075.3684,43699.3445
2026-02-11T19:31:03,6355591.0898,1973548.7824,3418247.446,40512.3445
2026-02-11T21:58:32,6042335.051,1871413.8094,3299232.116,34548.3445
2026-02-12T00:26:22,6058644.4729,1829854.4847,3388987.4453000003,29456.3445
2026-02-12T02:04:09,6067146.991,1812840.0387,3456826.4071,28775.3445
2026-02-12T03:51:36,6113304.8929,1813109.9495,3455978.0395,43606.3445
2026-02-12T04:43:59,6095507.9209,1815297.606,3462441.0647,43529.3445
2026-02-12T05:47:07,6054467.8545,1815044.7422,3422122.8915,43255.3445
2026-02-12T06:43:44,6140683.1359,1804834.1031,3405638.8132,43034.3445
2026-02-12T07:39:34,6178680.2135,1727007.567,3472260.5604,42584.3445
2026-02-12T09:03:25,6962932.4839,1867868.9297,3782361.3312,29862.8835
2026-02-12T10:16:22,6961370.9139,1851665.2253,3771048.7721,28544.8835
2026-02-12T11:51:13,6719043.3243,1727093.9118,3532412.5786,27257.8835
2026-02-12T12:57:18,6768339.1999,1719432.2615,3527458.2668,26196.8835
2026-02-12T13:57:07,6694099.1253,1636036.8684,3486507.8626,25494.8835
2026-02-12T15:00:59,6706451.0852,1576394.6643,3389727.7475,24636.8835
2026-02-12T15:52:36,6826191.9524,1575237.3475,3306079.8354,23768.8835
2026-02-12T16:33:30,6760307.6194,1603474.5201,3286134.8859,23233.8835
2026-02-12T17:33:11,6766832.6467,1729638.455,3273232.4028,23097.8835
2026-02-12T18:31:29,6822156.9078,1785713.5518,3275016.825,22754.8835
2026-02-12T19:27:55,6693722.8119,1789729.6635,3160862.2203,22201.8835
2026-02-12T22:01:31,6336790.5403,1686081.0924,2888378.5088,20255.8835
2026-02-13T00:27:43,6326386.9844,1634477.8416,2813593.8011,34778.883499999996
2026-02-13T01:59:21,6277520.0227,1610214.1806,2812133.2334,34696.883499999996
2026-02-13T03:03:18,6283126.2908,1627387.3713,2791192.3174,34628.883499999996
2026-02-13T04:41:35,6265843.3225,1611313.7656999999,2798172.5381,34305.883499999996
2026-02-13T05:43:13,6262913.3805,1602058.4999,2868417.1438,34197.883499999996
2026-02-13T06:39:09,6384509.2237,1615585.9749,2876116.5209,33748.883499999996
2026-02-13T07:30:52,6439109.771,1680785.0789,2869830.89,33697.883499999996
2026-02-13T08:55:19,7138916.6483,1680692.8853,3104030.5563,45389.3765
2026-02-13T10:02:29,7121892.0475,1640272.4268,3024720.8242,44901.3765
2026-02-13T10:55:24,7069243.7684,1653685.8564,2952365.4984,44506.3765
2026-02-13T11:40:48,7229357.4439,1661397.8641,2965158.7862,43069.3765
2026-02-13T12:43:56,7177317.7472,1619123.3623,2961391.9683,60696.3765
2026-02-13T13:39:59,7089431.5607,1556554.301,2935741.9003,59615.3765
2026-02-13T14:44:51,7125042.2975,1601532.8896,2906310.6969,57843.3765
2026-02-13T15:42:47,7131623.6957,1629332.7954,2928626.3629,55822.3765
2026-02-13T16:36:27,7022122.8972000005,1707839.0536,2855621.3193,54182.3765
2026-02-13T17:33:52,7115868.7928,1741268.5514,2910883.7426,52973.3765
2026-02-13T18:31:35,7206641.1361,1813603.5799,2936706.2336,50344.3765
2026-02-13T19:29:53,7166087.6284,1755341.8659,2952890.8397,77558.3765
2026-02-13T21:51:35,6985119.9907,1629897.6098,2818388.6033,74408.3765
2026-02-14T00:09:44,7054416.5796,1601279.2171,2795709.4708,69938.3765
2026-02-14T01:44:11,7094416.3155000005,1669581.1162999999,2912995.276,69739.3765
2026-02-14T02:42:06,7104370.826,1679661.5237,2856640.6731000002,69476.3765
2026-02-14T03:34:18,7102197.6675,1703376.0999,2821725.8018,69466.3765
2026-02-14T04:30:54,7086248.6074,1692517.2004,2851735.816,69466.3765
2026-02-14T05:29:44,7075446.4224,1676125.2923,2809369.7634,69301.3765
2026-02-14T06:25:07,7037229.1198,1626095.7471,2869159.3627,68483.3765
2026-02-14T07:22:21,6999197.8287,1720765.5669,3014641.3337,38215.3765
2026-02-14T08:42:37,7359176.5021,1908597.2853,3388332.6498,25505.8835
2026-02-14T09:44:11,7608664.8302,1963413.4755,3261143.1429,23751.8835
2026-02-14T10:25:46,7583603.9021,1908506.3861,3176792.8074,36870.883499999996
2026-02-14T11:24:09,7609520.4141,1911243.4812,3148702.4119,35707.883499999996
2026-02-14T12:27:30,7625923.9704,1925408.9179,3200024.8598,35294.883499999996
2026-02-14T13:25:50,7593404.7125,1867118.5917,3190270.9314,32838.6235
2026-02-14T14:31:42,7719315.0895,1844557.7678,3142689.3353,32761.6235
2026-02-14T15:23:11,7689236.2836,1910313.6556,3132027.5658,32235.6235
2026-02-14T16:24:43,7612182.5391999995,1879689.0499,3044515.9188,32067.6235
2026-02-14T17:22:58,7558126.9468,1824743.0421,3038457.9603,31840.6235
2026-02-14T18:21:46,7448499.7025,1761560.133,2985413.4843,31808.6235
2026-02-14T19:23:21,7575246.929,1872437.4661,2918548.3296,31543.6235
2026-02-14T22:01:06,7553750.5284,1737374.5838,2828144.1126,30412.6235
2026-02-15T00:28:00,7657676.2082,1742969.5396,3114288.3665,30060.6235
2026-02-15T01:56:04,7675507.7847,1748902.0362,3215341.0464,29262.6235
2026-02-15T02:49:29,7668115.1998,1773858.9195,3204464.854,29186.6235
2026-02-15T03:38:28,7669700.8567,1796161.4323,3248996.1662,29186.6235
2026-02-15T04:31:26,7659311.0041,1808626.9764,3227571.4569,29186.6235
2026-02-15T05:30:27,7643867.8865,1790534.9976000001,3209757.5083,28941.6235
2026-02-15T06:25:20,7726601.0119,1842476.9663,3159785.1113,28324.0175
2026-02-15T07:21:58,7942792.7701,1926954.5969,3205799.5285,53885.0175
2026-02-15T08:44:48,8379986.8763,2159694.5225,3700192.0804,54970.2775
2026-02-15T09:44:59,8428860.7298,2101433.6959,3768262.2703,92827.2775
2026-02-15T11:24:47,8237389.8379,1968709.9397,3528525.5282,91389.2775
2026-02-15T12:28:33,8151277.4175,1890490.0889,3352718.2498,91217.2775
2026-02-15T13:25:06,8093961.1405,1792934.0864,3211763.9676,90927.2775
2026-02-15T14:34:12,8020174.4079,1691527.1991,3119223.5468,90814.2775
2026-02-15T15:24:42,7937986.4263,1679243.1299,3029083.4449,89906.2775
2026-02-15T16:24:50,7904997.2696,1593471.4287999999,2944221.8317,89498.2775
2026-02-15T17:23:35,7845457.3681,1571321.0987,2953446.3358,88855.2775
2026-02-15T18:23:08,7791555.9678,1547968.4793,2932829.093,88855.2775
2026-02-15T19:25:38,7718645.6332,1494034.7537,2863781.4858,88334.2775
2026-02-15T21:56:51,7541252.1391,1354193.7738,2787182.5251,88323.2775
2026-02-16T00:25:57,7501008.4221,1345872.2902,2723687.2469,87338.2775
2026-02-16T02:06:28,7446049.1097,1366782.5882,2842625.9235,87333.2775
2026-02-16T03:53:52,7482960.8334,1380197.2763,2885440.5597,102282.2775
2026-02-16T04:45:00,7476403.5794,1378568.6247,2885618.942,102282.2775
2026-02-16T05:52:51,7522418.3904,1372463.8634,2902421.511,101983.2775
2026-02-16T06:47:24,7433556.4352,1367936.3487,2935572.0073,102183.2775
2026-02-16T07:40:30,7561878.1924,1372803.8736,3132314.7472,102183.2775
2026-02-16T08:59:03,7776343.9078,1527399.7489,143547762.1009,38200.2775
2026-02-16T10:06:55,7715580.2445,1513470.2575,143417547.98719996,38180.2775
2026-02-16T11:40:19,7704304.9042,1439119.0833,143352116.1856,38139.2775
2026-02-16T12:41:20,7651701.3788,1370198.1502,143340382.0761,38048.2775
2026-02-16T13:37:21,7577407.5124,1330891.8329,143334367.99050003,37917.2775
2026-02-16T14:40:25,7653996.3391,1346950.0872,143315943.876,36861.2775
2026-02-16T15:32:56,7638173.3613,1284152.9361,143391329.4547,36749.2775
2026-02-16T16:29:08,7624504.5915,1274319.0351,143441313.6743,1607.2775
2026-02-16T17:28:53,7571087.3005,1261582.5602,143423266.30310002,1607.2775
2026-02-16T18:26:57,7590326.1529,1211256.1589,143460118.36510003,1607.2775
2026-02-16T19:28:43,7533042.8375,1192386.5729,143449544.9757,1607.2775
2026-02-16T21:54:51,7519806.9437,1140095.8456000001,143437683.7594,1607.2775
2026-02-17T00:19:13,7519401.2444,1225060.9691,143585477.5717,1607.2775
2026-02-17T01:57:19,7587814.4182,1249078.2158,143690334.34350002,1607.2775
2026-02-17T02:57:47,7592307.9572,1260048.6247,143657643.6092,21407.2775
2026-02-17T03:51:10,7612038.2953,1257299.4025,143670440.35070002,21407.2775
2026-02-17T04:43:28,7650462.3819,1267579.306,143699723.7895,21407.2775
2026-02-17T05:46:01,7660566.3271,1272142.7213,143721873.07639998,21407.2775
2026-02-17T06:43:45,7782980.6191,1328161.4673,143869197.7957,21407.2775
2026-02-17T07:39:15,8025002.2084,1521773.3265,144224286.7807,21386.2775
2026-02-17T08:58:57,8225513.0388,1484558.978,4545978.0979,21300.2775
2026-02-17T10:08:28,8153741.5019,1413390.6832,4405072.8449,64371.2775
2026-02-17T11:52:54,8066305.7321,1317477.8485,4189867.8123,63009.2775
2026-02-17T12:56:18,8052723.3453,1299389.9637,4139461.8397,62908.2775
2026-02-17T13:55:36,8083006.7178,1290107.7273,4340347.8921,62898.2775
2026-02-17T14:57:06,7954486.5149,1273562.3555,4279842.9715,62330.2775
2026-02-17T15:46:33,7948060.2689,1242924.9697,4220403.7557,61248.2775
2026-02-17T16:36:04,7897119.9632,1215434.7339,4178125.8965,60325.2775
2026-02-17T17:35:07,7836021.9341,1187326.9825,4130102.5407,59258.2775
2026-02-17T18:30:14,7799896.3037,1184404.3807,3875185.2975,59248.2775
2026-02-17T19:28:16,7791800.6045,1155560.6448,3797536.9995,58805.2775
2026-02-17T21:58:40,7725366.9455,1101864.9269,3691337.7537,58418.2775
2026-02-18T00:23:53,7673656.191,1088254.125,3714665.2989,58060.2775
2026-02-18T02:00:47,7680774.3762,1091843.0276,3787837.7901,57791.2775
2026-02-18T03:08:34,7673769.7681,1089206.9752,3783389.6569,57719.2775
2026-02-18T04:42:59,7651943.8024,1084900.3206,3764456.0838,57330.2775
2026-02-18T05:45:21,7623165.6021,1071270.23,3758504.505,56850.2775
2026-02-18T06:43:22,7597644.0627,1087001.4611,3837325.0627,56446.2775
2026-02-18T07:38:25,7533189.6893,1081122.7371,3783429.7946,56408.2775
2026-02-18T09:00:19,7508583.086,1279912.3039,4122061.7763,54838.883499999996
2026-02-18T10:10:20,7457962.6336,1207269.4519,4115311.8024,53265.883499999996
2026-02-18T11:51:03,7139769.7953,1263511.7953,4129459.1052,51616.883499999996
2026-02-18T13:01:45,7004335.7012,1276649.3191,4087130.8139,50079.883499999996
2026-02-18T13:57:17,6940033.973,1224516.7467,4114922.7146,47612.883499999996
2026-02-18T14:52:53,6886368.403,1257163.594,3978176.7176,44331.883499999996
2026-02-18T15:47:43,6842322.7337,1264825.5005,4059910.4384,40946.883499999996
2026-02-18T16:38:43,6812904.8117,1281995.9964,4081112.9894,35493.883499999996
2026-02-18T17:34:51,6795876.1432,1309815.7094999999,4222679.5156,35612.883499999996
2026-02-18T18:31:11,6854833.0053,1392944.056,4163445.8449,34593.883499999996
2026-02-18T19:29:08,6690404.6296,1318925.3879,4070406.6448,34072.883499999996
2026-02-18T21:57:41,6644020.6859,1277099.5042,3909168.4876,32511.8835
2026-02-19T00:21:48,6606887.9024,1271543.8239,3917372.4536,32092.8835
2026-02-19T01:59:13,6634574.0491,1268236.3861,3920801.9943,31684.8835
2026-02-19T03:02:25,6670578.04,1287740.9513,3936533.1623,31582.8835
2026-02-19T03:56:25,6642731.2693,1279078.5711,3924586.1052,31531.8835
2026-02-19T04:41:46,6618329.2803,1284364.5457,3950090.9698,31342.8835
2026-02-19T05:44:13,6612241.8829,1285940.0682,3935856.4524,30818.8835
2026-02-19T06:42:01,6674863.1896,1287890.4951,3964848.8658,30545.8835
2026-02-19T07:38:50,6711410.4282,1369311.7671,3993796.3864,30504.8835
2026-02-19T09:01:14,7438554.8445,1670663.1103,4695092.4896,30264.8935
2026-02-19T10:13:17,7425894.9026999995,1606297.3625,4808428.2044,29003.8935
2026-02-19T11:46:54,7107808.1121,1619556.8599,4747764.3567,27491.8935
2026-02-19T12:50:16,7124090.4662,1600970.293,4664130.662,25951.8935
2026-02-19T13:49:56,7143542.8205,1606909.7031,4592521.8912,43090.8935
2026-02-19T14:48:38,6972632.1982,1610925.6878,4555651.0762,40762.8935
2026-02-19T15:39:31,6974138.6643,1604334.4861,4454692.3987,38965.8935
2026-02-19T16:31:50,7024614.5645,1596853.4412,4463330.3655,36397.8935
2026-02-19T17:31:21,7068547.1937,1606552.9774,4465868.113,34815.8935
2026-02-19T18:30:36,7045724.0105,1594833.5127,4499426.0445,31710.8935
2026-02-19T19:29:20,6968242.3844,1571867.8517,4457332.9798,28750.8935
2026-02-19T21:52:56,6695590.8121,1433268.9816,4240945.6019,21371.8935
2026-02-20T00:15:05,6821085.0498,1387269.1994,4303160.0151,18537.8935
2026-02-20T01:53:38,6806594.6932,1383308.6941,4321095.8801,17842.8935
2026-02-20T02:54:36,6799832.182,1395140.5489,4341070.1644,17823.8935
2026-02-20T03:48:01,6809486.0817,1397920.2739,4342523.9147,17542.8935
2026-02-20T04:39:18,6790160.846,1393187.4484,4331193.8308,17542.8935
2026-02-20T05:39:25,6761173.3415,1382250.1247,4328053.5087,17164.8935
2026-02-20T06:36:03,6808181.9551,1390148.0437,4549574.0492,16438.8935
2026-02-20T07:31:44,6877832.37,1401735.6652,4636045.7127,16377.8935
2026-02-20T08:55:13,7610588.4542,1428570.6358999999,5249036.3723,14332.8835
2026-02-20T10:01:28,7596209.3582,1389017.5144,5278636.4882000005,12229.8835
2026-02-20T10:47:19,7488246.8927,1385524.4823,5218862.1681,12016.8835
2026-02-20T11:37:06,7483339.4825,1373504.3489,5149281.6973,10797.8835
2026-02-20T12:37:03,7277160.2783,1418630.4563,5101472.4989,8868.8835
2026-02-20T13:37:33,7261064.6112,1385482.4451,4948240.0983,8289.8835
2026-02-20T14:43:30,7223736.5435,1361826.3066,4867584.0358,7294.8835
2026-02-20T15:36:43,7232890.4998,1344275.8308,4774235.6282,5609.6235
2026-02-20T16:29:08,7284661.6696,1461937.332,4844266.7766,5087.6235
2026-02-20T17:23:12,7336873.3505,1497016.0434,4904042.6633,3985.6235
2026-02-20T18:24:11,7239163.366,1601810.6684,4945249.3828,3153.6235
2026-02-20T19:28:23,7191953.7361,1560060.6893,4879846.8679,2235.6235
2026-02-20T21:49:31,6951181.1248,1423934.3105,4709570.0574,650.6235
2026-02-21T00:06:23,6936595.6296,1403714.2472,4691232.5181,650.6235
2026-02-21T01:40:58,6942447.5091,1409749.6039,4689955.7435,20450.6235
2026-02-21T02:40:34,6933137.0079,1397898.9064,4754696.6702,20419.6235
2026-02-21T03:31:47,6922596.0094,1394348.2774,4746104.5782,20342.6235
2026-02-21T04:29:19,6962504.5682,1402306.4449,4840746.6102,20313.6235
2026-02-21T05:29:05,6940672.9254,1393669.1247,4868160.7689000005,20221.6235
2026-02-21T06:24:05,6956962.6319,1378795.0583,4922436.0551,19772.6235
2026-02-21T07:21:32,6974970.2573,1410450.6107,4875577.8805,19701.6235
2026-02-21T08:42:51,7466254.1347,1419043.6329,5344013.8297,20484.8835
2026-02-21T09:41:51,7596407.8176,1453226.103,5350468.2911,19225.8835
2026-02-21T10:25:49,7592293.0861,1391670.6179,5270420.8867,17718.8835
2026-02-21T11:23:58,7534151.3485,1385029.9899,5268879.0581,17586.8835
2026-02-21T12:27:29,7528174.0315,1495774.9633,5188715.2251,60333.883499999996
2026-02-21T13:25:26,7470293.0854,1488860.5022,5255550.1199,56792.883499999996
2026-02-21T14:33:02,7309939.7671,1486772.1429,5159722.2411,50175.883499999996
2026-02-21T15:24:05,7300450.3403,1512524.1589,5203042.7946,47084.883499999996
2026-02-21T16:23:22,7094573.3047,1478551.2454,5116024.026,42695.883499999996
2026-02-21T17:22:48,7237131.5216,1525538.9968,5017500.8213,40217.883499999996
2026-02-21T18:22:51,7140627.5785,1461435.1657,5020927.9162,23175.8835
2026-02-21T19:23:24,7108971.1492,1417108.4062,4958308.6229,22648.8835
2026-02-21T21:56:13,7045020.2397,1353633.6348,4782263.046,21428.8835
2026-02-22T00:16:02,7195996.704,1389045.9485,4932388.9443,20294.8835
2026-02-22T01:51:20,7333431.5283,1463984.7582999999,4965448.415,20294.8835
2026-02-22T02:45:07,7316107.5672,1461314.1454999999,4931765.5657,20284.8835
2026-02-22T03:35:49,7339965.56,1466547.3505,4922457.3483,20284.8835
2026-02-22T04:29:54,7325671.2221,1457330.446,4939337.2187,21856.8835
2026-02-22T05:29:44,7247646.6501,1473334.5022,5007323.2282,21448.8835
2026-02-22T06:23:36,7381212.3922,1458797.5929,4982370.481,21407.8835
2026-02-22T07:20:31,7661229.5958,1546482.7538,5096105.8066,21098.8835
2026-02-22T08:44:34,8102873.9336,1643474.8823,5759649.8323,57236.883499999996
2026-02-22T09:43:04,8141882.6376,1606306.9917,5889320.5048,57032.883499999996
2026-02-22T10:25:24,8071268.7349,1555567.739,5769207.69,66971.8835
2026-02-22T11:23:54,7963217.668,1478532.2738,5591943.4905,66950.8835
2026-02-22T12:27:59,7803606.0157,1400784.6422,5514479.8663,66254.8835
2026-02-22T13:25:34,7669700.4938,1355498.6379,5406158.516,66176.8835
2026-02-22T14:33:50,7590068.8263,1291532.1572,5209900.4193,66145.86600000001
2026-02-22T15:24:15,7492607.844,1244162.0429,5122033.0504,66119.86600000001
2026-02-22T16:24:40,7372606.512,1190839.8132,5078295.3524,70881.86600000001
2026-02-22T17:23:37,7262935.0826,1139270.4864,4972901.2157,70534.86600000001
2026-02-22T18:22:34,7163713.9392,1088611.6077,4911813.0813,70462.86600000001
2026-02-22T19:24:54,7032181.9736,1043489.285,4773996.3736,79834.86600000001
2026-02-22T22:00:05,6735317.471,958719.4339,4565071.6529,75680.86600000001
2026-02-23T00:25:13,6785443.1123,945907.4198,4623365.0821,73506.86600000001
2026-02-23T02:05:46,6753803.4444,941941.8743,4544330.5586,73506.86600000001
2026-02-23T03:54:29,6730330.3238,938513.2955,4471224.0588,68241.86600000001
2026-02-23T04:46:52,6740377.758,936366.6139,4519004.3737,73305.86600000001
2026-02-23T05:53:45,6727705.136,934378.5786,4512302.9294,73235.86600000001
2026-02-23T06:49:19,6713993.8925,935004.9322,4527132.3312,72702.86600000001
2026-02-23T07:40:28,6725449.8281,930863.1732,4576643.2314,85129.86600000001
2026-02-23T09:00:00,7273817.5652,915731.2344,4976221.9915000005,46285.883499999996
2026-02-23T10:09:55,7074104.0976,969321.0179,4839945.2358,42090.883499999996
2026-02-23T11:44:54,6932060.7932,1026876.8295999999,4879760.1278,37593.883499999996
2026-02-23T12:56:06,6920287.5951,1033438.7971,5002514.4723,36804.883499999996
2026-02-23T14:02:42,6812681.5939,1043034.3782,4875059.1764,36065.883499999996
2026-02-23T15:14:59,6827023.5857,1144053.1346,4973056.2025999995,35270.883499999996
2026-02-23T16:43:56,6888296.4463,1186854.1243,4954564.9928,32243.8835
2026-02-23T17:43:00,6855846.0165,1167177.1964,4947191.663,31850.8835
2026-02-23T18:39:55,6975224.3954,1210972.303,4934446.9247,31694.8835
2026-02-23T19:34:45,6979603.7555,1198862.2732,4913454.9268,41140.883499999996
2026-02-23T21:54:58,6679874.308,1161004.8416,4780949.4542,40545.883499999996
2026-02-24T00:18:34,6743813.8925,1160783.8698,4817152.8778,40097.883499999996
2026-02-24T01:59:02,6838668.0013,1190533.6445,4890089.9161,39965.883499999996
2026-02-24T03:01:32,6827654.7589,1187199.1088,4931315.3549,39699.883499999996
2026-02-24T03:56:46,6814138.8264,1183741.5760000001,4984795.0065,39424.883499999996
2026-02-24T04:45:09,6792262.1324,1179975.4786,4975318.5159,39424.883499999996
2026-02-24T05:51:38,6779318.1496,1156737.1951,4950694.0291,39044.883499999996
2026-02-24T06:46:26,6843053.5886,1168347.1931,5033870.5103,38691.883499999996
2026-02-24T07:40:40,6824727.6489,1222660.0148,5043801.7762,38486.883499999996
2026-02-24T09:00:48,7487548.1226,1234377.4966,5900921.4444,25681.8835
2026-02-24T10:15:49,7347623.2217,1196536.8042,5953707.3287,24842.8835
2026-02-24T11:56:00,7433893.8659,1269331.0128,5919072.7277,22382.8835
2026-02-24T13:05:23,7338819.9321,1310384.0743,5936058.0468,19467.8835
2026-02-24T15:00:48,7127939.7714,1286161.4392,5919603.0021,16514.8835
2026-02-24T15:51:43,7196505.5428,1281168.7981,5927644.9936,15384.8835
2026-02-24T16:33:18,7127002.8177,1358214.236,5910930.48,14063.8835
2026-02-24T17:33:35,7039023.4586,1356195.6057,5854882.3656,13443.8835
2026-02-24T18:32:56,7123749.8884,1362061.5282,5904243.7683,28146.8835
2026-02-24T19:30:52,7019756.9466,1298771.1051,5798721.6988,27135.8835
2026-02-24T21:57:17,6824219.6895,1259704.3436,5743029.2413,50811.883499999996
2026-02-25T00:21:17,6914859.849,1218267.8035,5633897.0282,48888.883499999996
2026-02-25T02:00:22,6967074.6882,1220983.8902,5625760.4088,48403.883499999996
2026-02-25T03:08:51,6977120.7648,1218556.8836,5645629.4446,48280.883499999996
2026-02-25T04:45:21,6966915.1689,1213542.5075,5666891.0289,48280.883499999996
2026-02-25T05:53:50,6920373.7565,1210743.176,5650705.9449000005,48188.883499999996
2026-02-25T06:50:05,6904099.1097,1217267.1964,5667931.0506,48132.883499999996
2026-02-25T07:40:32,6875037.3443,1202934.2829,5742811.0175,47971.883499999996
2026-02-25T09:00:29,7540622.6196,1293604.9767,6313751.933,60786.883499999996
2026-02-25T10:12:44,7504016.4216,1295510.2117,6288067.4318,58054.883499999996
2026-02-25T12:01:39,7362307.4120000005,1218580.7424,6091302.3184,53979.883499999996
2026-02-25T13:15:19,7328298.6147,1245486.6422,6015246.1376,50841.883499999996
2026-02-25T15:03:44,7212704.5255,1242074.849,6021453.6138,49478.883499999996
2026-02-25T16:35:02,7265577.7544,1273518.3047,5847510.1139,43415.883499999996
2026-02-25T17:34:13,7410916.5462,1289435.5826,5915780.2118999995,40297.883499999996
2026-02-25T18:32:19,7463761.4049,1366660.1398,5954795.0043,28043.8835
2026-02-25T19:27:48,7365479.782,1365300.4843,5795733.3305,27425.8835
2026-02-25T21:53:30,7034698.7081,1285406.9862,5652177.448,33360.883499999996
2026-02-26T00:16:23,6997360.3077,1274339.6962000001,5622998.658,31403.8835
2026-02-26T01:58:21,6944949.5304,1278631.7969,5643916.3428,31064.8835
2026-02-26T03:00:09,6941604.2031,1275421.1814,5662901.269,30941.8835
2026-02-26T03:54:45,6932096.8494,1284897.8173,5655062.0162,30712.8835
2026-02-26T04:44:50,6917165.0515,1281738.2151,5643192.8112,30712.8835
2026-02-26T05:47:22,6895359.2861,1280274.6784,5644618.3535,30631.8835
2026-02-26T06:44:19,6877607.5805,1282583.001,5622366.4177,30473.8835
2026-02-26T07:39:57,6955516.1222,1350883.0975,5625953.5099,16110.8835
2026-02-26T09:01:16,7649972.8463,1431271.2473,6243327.232,14351.8835
2026-02-26T10:14:51,7621333.921,1443650.7919,6019064.2592,8502.8835
2026-02-26T11:53:54,7494079.8074,1398334.8143,5870629.8349,8014.8835
2026-02-26T12:57:03,7380114.2613,1428522.9849999999,5666836.9283,6443.8835
2026-02-26T13:57:44,7347650.377,1410588.148,5582436.2629,5156.8835
2026-02-26T14:51:29,7334948.2666,1459778.0824,5479758.8227,3583.8835
2026-02-26T15:45:53,7435585.9662,1458218.0229,5430974.9055,12852.8835
2026-02-26T16:37:00,7427416.0855,1468323.2917,5393189.3944,12622.8835
2026-02-26T17:31:40,7501072.9963,1544840.9121,5485997.2719,15875.3295
2026-02-26T18:33:32,7469470.3108,1531646.0901,5681596.6369,15377.3295
2026-02-26T19:28:28,7340191.0598,1501670.2897,5611477.4305,14578.3295
2026-02-26T21:51:21,7112613.6031,1429634.9882,5515761.7385,33436.3295
2026-02-27T00:13:23,7023514.7925,1433102.8595,5456902.2862,40995.3295
2026-02-27T01:52:51,7049372.3234,1440888.0128,5503398.5474,40995.3295
2026-02-27T02:51:48,7020871.8018,1431960.8312,5464041.0563,23194.3295
2026-02-27T03:45:35,7026665.3256,1449433.2985,5424520.7473,23194.3295
2026-02-27T04:40:08,7012911.9587,1445443.3537,5446662.7769,23194.3295
2026-02-27T05:40:12,7020271.8198,1437364.3165,5470546.5356,23194.3295
2026-02-27T06:36:40,7043949.2863,1410785.7306,5451125.63,23173.3295
2026-02-27T07:31:49,7041269.528,1412746.2282,5585664.7657,38443.3295
2026-02-27T08:55:16,7565134.3975,1426393.2304,5953762.7069,33492.883499999996
2026-02-27T10:01:22,7649920.0305,1410679.974,5899250.3313,31902.8835
2026-02-27T10:44:41,7737684.9582,1368429.7914,5826476.3671,30721.8835
2026-02-27T11:38:04,7685651.1148,1363477.4496,5787318.4048,29434.8835
2026-02-27T12:39:39,7648952.4286,1394819.1671,5754362.4056,27674.8835
2026-02-27T13:35:05,7579113.5654,1396062.8022,5692957.7512,24845.8835
2026-02-27T14:40:23,7544926.4014,1367775.6057,5587319.3209,24173.8835
2026-02-27T15:33:30,7593970.2582,1361714.1589,5560584.6165,22150.8835
2026-02-27T16:26:55,7528424.3202,1451704.5296,5613246.8304,19500.8835
2026-02-27T17:28:45,7547876.1574,1546273.9665,5656847.5871,25765.8835
2026-02-27T18:22:00,7481936.9457,1576996.0022,5525920.5071,22406.8835
2026-02-27T19:24:08,7388216.54,1552511.424,5423817.6942,20569.8835
2026-02-27T21:43:09,7165270.4704,1515964.2885,5192069.3404,17167.8835
2026-02-27T23:53:59,7090934.9545,1456548.0865,5117092.6571,13722.6235
2026-02-28T00:54:56,7101830.4801,1468039.6212,5099237.5617,13671.6235
2026-02-28T01:33:13,7132301.7346,1474334.0973,5131347.799,13620.6235
2026-02-28T02:35:57,7089490.2358,1478474.0143,5125525.0748,13330.6235
2026-02-28T03:26:21,7065900.9792,1474722.72,5145223.1842,12730.6235
2026-02-28T04:27:27,7050681.8954,1469871.1284,5143529.6309,12617.6235
2026-02-28T05:24:58,7035777.4632,1460610.6615,5144140.3735,12556.6235
2026-02-28T06:22:12,7006957.7636,1406173.9147,5176363.7976,12242.6235
2026-02-28T07:19:04,7102257.3214,1497996.7082,5294196.9844,12185.6235
2026-02-28T08:41:10,7808037.5768,1637353.3764,5957401.9119,11799.8835
2026-02-28T09:36:46,7992964.9664,1629852.3216,6063057.2971,11011.8835
2026-02-28T10:21:38,7944739.4579,1624002.0019,5993617.1759,8993.8835
2026-02-28T11:21:30,7921396.3126,1643381.5041,5984417.2008,8411.8835
2026-02-28T12:24:54,7989603.3918,1724671.8184,5759998.3616,6098.8835
2026-02-28T13:20:05,7929310.5704,1672567.056,5638097.2345,5561.8835
2026-02-28T14:31:16,7871030.4958,1598972.0901,5711070.0174,4790.8835
2026-02-28T15:21:02,7652089.548,1594764.1266,5729109.4095,3462.8835
2026-02-28T16:24:14,7576157.5403,1661875.7552,5681726.6507,1417.8835
2026-02-28T17:20:37,7550475.6549,1596493.9151,5737290.8616,42899.883499999996
2026-02-28T18:22:02,7540222.7399,1551341.3249000001,5717303.0486,40128.883499999996
2026-02-28T19:20:44,7279484.6689,1551292.5626,5590501.0978,37721.883499999996
2026-02-28T22:03:30,7250478.0202,1549498.7895,5241068.1233,51860.883499999996
2026-03-01T00:53:11,7473661.7945,1708136.1459,5464605.3229,78213.6785
2026-03-01T01:51:58,7582020.5179,1696098.1074,5481211.7063,77943.6785
2026-03-01T02:44:01,7516255.29,1690602.8703,5460157.8725,77547.6785
2026-03-01T03:33:17,7504992.5055,1687200.6925,5480260.8947,77547.6785
2026-03-01T04:29:35,7505436.8737,1671034.6238,5487230.889,77547.6785
2026-03-01T05:28:58,7478799.4391,1671245.9761,5509994.0496,77184.6785
2026-03-01T06:23:48,7556024.1687,1727259.9812,5479710.3505,77350.6785
2026-03-01T07:20:01,7635243.353,1874304.9796,5570130.757,77271.6785
2026-03-01T08:43:37,7910241.9542,2091615.7853,13302653.0423,76755.6785
2026-03-01T09:39:14,7852437.7509,2067104.2805,13219810.098299999,76335.6785
2026-03-01T10:23:39,7785225.2964,2012044.8854,13073945.8091,76091.6785
2026-03-01T11:22:18,7717055.4991999995,1937285.5396,12929126.3579,75515.6785
2026-03-01T12:26:22,7638897.3169,1883900.1176,12726016.9013,73672.6785
2026-03-01T13:22:26,7569698.6975,1908491.8269,12561726.7407,72406.6785
2026-03-01T14:31:38,7416124.1996,1892761.9474,12390570.575,70729.6785
2026-03-01T15:22:37,7316694.091,1844845.1526,12302028.179,67776.6785
2026-03-01T16:25:06,7172719.6173,1788328.8653,12188629.6052,65432.678499999995
2026-03-01T17:22:27,7085677.2232,1739087.6696,12017626.3082,63951.678499999995
2026-03-01T18:22:56,6986874.9848,1682067.6949,11888454.991,53554.678499999995
2026-03-01T19:23:01,6869244.0568,1654409.1113,11744832.0387,53494.678499999995
2026-03-01T21:54:54,6677013.8885,1546894.7114,11472435.0656,51928.678499999995
2026-03-02T00:14:27,6650653.8641,1514950.409,11368821.1144,51647.678499999995
2026-03-02T01:53:40,6634786.3813,1490425.1643,11393283.5607,56238.4185
2026-03-02T02:55:50,6686726.1881,1506764.7874,11385843.4881,56490.4185
2026-03-02T03:49:27,6677321.393,1503468.6911,11378443.0605,56490.4185
2026-03-02T04:42:37,6665252.5385,1499070.2998,11363788.8218,56457.4185
2026-03-02T05:46:25,6669376.4548,1466452.2402000001,11362215.6775,55890.4185
2026-03-02T06:43:01,6819492.2423,1430774.7647,11372179.884799998,55694.4185
2026-03-02T07:32:02,6829816.176,1418613.7769,11412698.676099999,56432.678499999995
2026-03-02T08:54:55,7097213.4998,1516231.0419,3983549.4534,27375.8835
2026-03-02T10:00:58,7004087.5279,1505961.5298,3937019.4547,26910.8835
2026-03-02T10:50:48,6855517.0571,1475694.9927,3860939.8903,25504.8835
2026-03-02T11:40:54,6817064.696,1445636.9767,3774607.8918,25165.8835
2026-03-02T12:43:15,6719999.858,1439602.3984,3801186.9155,24128.8835
2026-03-02T13:45:18,6588947.8984,1395739.8532,3673092.7437,23298.8835
2026-03-02T14:44:05,6502293.5947,1364215.1964,3612584.2301,21972.8835
2026-03-02T15:37:48,6536401.3562,1418863.2533,3573498.5543,20833.8835
2026-03-02T16:36:22,6558813.5098,1474666.1666,3489940.02,20177.8835
2026-03-02T17:31:42,6482083.4712,1462824.724,3409366.0503,19508.8835
2026-03-02T18:26:18,6484421.891,1523430.8822,3347470.3058,18535.8835
2026-03-02T19:25:04,6390221.8133,1522059.3232,3341330.8082,16880.6235
2026-03-02T21:56:40,6166969.9079,1451250.4441,3164132.529,15985.8835
2026-03-03T00:15:08,6140951.2675,1435040.1082,3184020.5716,15656.8835
2026-03-03T01:49:04,6120836.3913,1429812.8498,3166366.6919,9077.8835
2026-03-03T02:48:27,6113117.2309,1432022.7658,3154875.556,8965.8835
2026-03-03T03:42:27,6108385.0849,1435619.2514,3150913.5359,8965.8835
2026-03-03T04:39:11,6115166.139,1426043.2894,3179409.8377,8924.8835
2026-03-03T05:41:23,6092053.4722,1409328.1403,3181956.9477,8324.8835
2026-03-03T06:37:55,5922716.6528,1392389.2556,3189647.2147,8227.8835
2026-03-03T07:31:56,6146273.8672,1406837.3146,3237487.3436,7910.8835
2026-03-03T08:53:37,6941415.9372,1437862.265,3690994.9095,26792.8835
2026-03-03T10:00:14,6931862.3195,1392473.4969,3701734.6915,24123.8835
2026-03-03T10:47:10,6887319.8975,1389698.6925,3633171.7719,34584.883499999996
2026-03-03T11:45:49,6880123.9231,1339994.1057,3613116.9626,31184.8835
2026-03-03T12:44:25,6836211.3423,1319369.3346,3568498.2095,27865.8835
2026-03-03T13:43:35,6819115.7163,1260012.7458,3638491.1777,22773.8835
2026-03-03T14:45:17,6602316.4803,1282067.8312,3584656.0494,21159.8835
2026-03-03T16:31:20,6557903.5179,1262626.3425,3470005.3009,14718.8835
2026-03-03T17:33:20,6648126.2701,1273163.4944,3423135.1158,13264.8835
2026-03-03T18:27:47,6588395.2501,1246698.9578,3354805.0194,21197.8835
2026-03-03T19:26:53,6411515.7726,1243720.4917,3223380.0519,20451.8835
2026-03-03T21:50:39,6030213.0334,1141868.9159,2962241.3883,18054.6235
2026-03-04T00:08:51,5920527.9708,1142238.8249,2871247.6147,16848.6235
2026-03-04T01:43:41,5887209.3185,1149382.1398,2885278.4322,16648.6235
2026-03-04T02:44:26,5884316.2211,1158296.3358,2902146.7235,16648.6235
2026-03-04T03:38:09,5887306.1431,1158732.1429,2893480.6708,16168.6235
2026-03-04T04:37:27,5889698.6229,1152206.1285,2880624.0506,16148.6235
2026-03-04T05:39:34,5884085.5874,1141446.552,2852823.343,16029.6235
2026-03-04T06:35:47,5797123.8387,1160313.3659,2839720.1555,15481.6235
2026-03-04T07:29:54,5999604.4812,1150106.7798,2875534.038,15402.8835
2026-03-04T08:52:46,6516684.9217,1304723.9324,3047820.8507,14811.8835
2026-03-04T09:58:29,6704384.4168,1405262.4219,2947937.4191,14130.8835
2026-03-04T10:38:46,6612171.156,1389501.5756,2904060.6393,12502.6235
2026-03-04T11:39:35,6485667.3968,1425364.5243,2815110.3623,12085.6235
2026-03-04T12:41:36,6474279.5473,1478638.3752,2726910.2466,10465.6235
2026-03-04T13:38:19,6358543.5297,1492853.7862,2661023.0518,9784.6235
2026-03-04T14:46:22,6257757.3734,1453379.0465,2577306.1544,27122.6235
2026-03-04T15:38:33,6237138.7225,1491240.9072,2534203.1064,23674.6235
2026-03-04T16:34:09,6215777.4317,1460446.1445,2531109.1352,19181.6235
2026-03-04T17:34:02,6214953.6206,1503932.6117,2573381.7089,23746.6235
2026-03-04T18:30:36,6211467.9545,1497420.9254,2654527.4231,13923.6235
2026-03-04T19:30:09,6094041.8473,1469707.8296,2577041.763,21599.6235
2026-03-04T21:53:39,5789208.6081,1359391.7013,2402678.1916,19619.6235
2026-03-05T00:12:39,5677495.9014,1306395.2013,2428424.53,17475.2939
2026-03-05T01:46:28,5655836.6942,1291631.4164,2407260.016,17434.2939
2026-03-05T02:49:51,5638974.8784,1377742.8328,2370497.3328,17433.6235
2026-03-05T03:42:10,5650734.4028,1374483.1129,2357566.2371,17280.6235
2026-03-05T04:39:17,5616139.0295,1366701.9646,2362690.7387,17280.6235
2026-03-05T05:42:36,5576170.5059,1396126.1721,2352052.6952,17092.6235
2026-03-05T06:38:43,5613394.8226,1393887.2844,2422831.2401,16884.6235
2026-03-05T07:34:01,5632115.5619,1441141.4393,2475060.1352,16653.6235
2026-03-05T08:56:20,6258760.9449000005,1531382.8961,2745924.3358,34657.9845
2026-03-05T10:01:59,6241166.2034,1465778.3274,2788367.4946,32608.9845
2026-03-05T10:57:31,6145350.3612,1393537.0917,2851464.19,30059.9845
2026-03-05T11:52:33,6025632.814,1357292.8794,2789181.1245,29438.9845
2026-03-05T14:02:48,6219896.8253,1352812.1668,2752053.884,28041.9845
2026-03-05T15:27:00,6004511.1595,1326478.2497999999,2811743.218,24937.9845
2026-03-05T16:36:06,5937412.047,1280186.3545,2776031.4311,22027.724499999997
2026-03-05T17:34:44,5903230.0283,1286373.0072,2784967.5627,29294.724499999997
2026-03-05T18:29:53,5945498.409,1304772.4012,2734964.5518,28182.724499999997
2026-03-05T19:50:50,5712091.4929,1194470.7707,2577942.9352,27471.724499999997
2026-03-05T21:55:18,5483801.147,1091670.8829,2451206.3145,56651.7245
2026-03-06T00:10:22,5410362.6828,1087025.952,2425959.7648,56368.7245
2026-03-06T01:44:59,5382231.2405,1083447.9029,2428765.6185,56334.7245
2026-03-06T02:45:19,5377666.9082,1079274.2382,2583896.3298,56288.7245
2026-03-06T03:38:25,5362869.2655,1108110.5407,2631090.45,56117.7245
2026-03-06T04:36:40,5374225.4544,1101308.3576,2592487.0676,55410.7245
2026-03-06T05:37:28,5341270.834,1099760.9611,2583264.6463,54828.7245
2026-03-06T06:34:13,5368089.0846,1079493.9734,2607225.9427,54732.7245
2026-03-06T07:28:13,5436478.5326,1090477.0817,2802271.5027,54151.7245
2026-03-06T08:51:12,6160144.6949,1211662.5479,3411656.3222,24914.2785
2026-03-06T09:55:34,6257114.6393,1139491.8986,3493536.1522,24385.2785
2026-03-06T10:37:24,6353828.3662,1103421.0579,3492661.1025,24136.2785
2026-03-06T11:36:28,6296162.2439,1089361.2088,3420173.7159,23508.2785
2026-03-06T12:38:54,6138154.9562,1151809.0568,3438744.2609,22089.2785
2026-03-06T13:35:02,6153287.3574,1122713.0041,3374090.5943,65280.2785
2026-03-06T14:42:39,6036005.4976,1123606.466,3298778.0491,64646.2785
2026-03-06T15:34:10,5974511.1904,1124239.5255,3319480.7903,61158.2785
2026-03-06T16:31:21,6055302.9356,1152278.0787,3253655.4521,56391.2785
2026-03-06T17:29:42,6041158.0384,1170672.6129,3249890.6028,51318.2785
2026-03-06T18:28:14,5992029.9594,1196148.2771,3286415.8054,47791.2785
2026-03-06T19:27:19,5875372.557,1168950.9906,3261487.3833,34721.883499999996
2026-03-06T21:47:03,5486198.4535,1062973.4194,3204510.1831,22695.8835
2026-03-07T00:00:21,5526549.3359,1026870.5873,3352882.1027,22231.8835
2026-03-07T01:03:05,5557519.1713,1025232.4869,3430572.2142,22177.8835
2026-03-07T02:38:30,5541524.6919,1014804.3314,3346411.7437,20878.6235
2026-03-07T03:29:06,5531406.4347,1011453.4309,3295921.5529,20867.6235
2026-03-07T04:29:11,5520060.7659,1059874.9188,3336554.8865,20449.6235
2026-03-07T05:28:08,5538131.0705,1051303.0891,3464104.2705,19865.6235
2026-03-07T06:22:31,5571422.2807,1039337.5866,3498601.2034,20039.6235
2026-03-07T07:19:40,5689305.8471,1041098.2281,3529212.5775,19978.6235
2026-03-07T08:42:27,6484976.3584,1234511.9354,4343430.9911,21113.8835
2026-03-07T09:38:51,6826308.9252,1338195.4846,4702738.2348,20929.8835
2026-03-07T10:23:35,6813594.363,1240417.6002,4666200.2555,20627.8835
2026-03-07T11:22:17,6780258.4768,1201267.177,4798726.5715,19080.8835
2026-03-07T12:25:43,6927570.6961,1310590.7613,4756260.6060999995,18463.8835
2026-03-07T13:20:39,6951918.852,1349808.1757,4823465.976,17331.8835
2026-03-07T14:31:15,6894397.6339,1348654.7883,4847773.5345,22124.8835
2026-03-07T15:21:34,6803383.7169,1360789.7656,4745689.6369,21614.8835
2026-03-07T16:23:50,6805851.6692,1336972.2209,4873533.3975,20641.8835
2026-03-07T17:20:24,6925712.8836,1339708.5587,4846620.7307,19453.8835
2026-03-07T18:22:32,6736304.0759,1291957.7645,4760272.5269,19048.8835
2026-03-07T19:21:57,6758856.8911999995,1249861.5533,4765533.5029,18915.8835
2026-03-07T21:55:16,6578847.346,1167140.2522,4631536.1708,18515.8835
2026-03-08T00:11:30,6730483.1576,1181169.1231,4695608.4936,28250.8835
2026-03-08T01:42:55,6765387.5488,1170919.4212,4829621.5226,28215.8835
2026-03-08T02:40:56,6751347.4653,1167068.3092,4857000.6658,27022.6235
2026-03-08T03:31:25,6824331.0834,1164997.4182,4900652.4231,27012.6235
2026-03-08T04:30:10,6812615.9194,1154804.9305,4899618.2999,26808.6235
2026-03-08T05:28:54,6839440.1454,1151213.3651,4873413.2521,26808.6235
2026-03-08T06:24:25,6844508.9894,1187685.257,4912449.9876,26767.6235
2026-03-08T07:20:55,7075884.7446,1256440.8764,5059106.9428,27106.6235
2026-03-08T08:43:46,7228266.3934,1268883.6622,5087087.1667,71554.2215
2026-03-08T09:40:11,7270113.0113,1270015.5548,5076672.3269,73036.4815
2026-03-08T10:24:24,7140350.0817,1227800.9356,5010982.5949,72816.4815
2026-03-08T11:23:02,6954330.5983,1176286.0431,4815100.7369,72395.4815
2026-03-08T12:26:42,6797654.7159,1126092.4638,4621478.4765,71960.4815
2026-03-08T13:22:52,6692921.7679,1087374.0819,4447854.356,71890.4815
2026-03-08T14:31:47,6547962.7991,1046179.9242,4273259.3931,70805.4815
2026-03-08T15:23:15,6429359.7975,1018813.9766,4252423.6143000005,70805.4815
2026-03-08T16:24:28,6280559.4343,988584.7345,4074094.0071,70658.4815
2026-03-08T17:22:38,6193249.2719,952923.6853,3935446.5721,69450.2215
2026-03-08T18:22:32,6062687.7133,919609.4204,3874524.0907,69437.2215
2026-03-08T19:23:29,5969044.4135,888101.1847,3789115.2248,69146.2215
2026-03-08T21:56:25,5779661.0164,846228.0247,3766969.7242,69123.4815
2026-03-09T00:17:12,5706945.6238,825471.4756,3688243.2274,67831.4815
2026-03-09T01:58:06,5740223.0867,828967.2777,3697112.3638,67820.4815
2026-03-09T03:00:14,5751918.165,827225.2141,3699631.9556,67800.4815
2026-03-09T03:53:14,5741973.6944,821840.6348,3699192.3815,67800.4815
2026-03-09T04:42:51,5731338.9224,820548.1418999999,3687441.4044,67647.4815
2026-03-09T05:47:49,5704932.1558,816515.3659,3684488.7571,67026.4815
2026-03-09T06:44:06,5693805.4374,775017.9886,3689369.4866,66525.4815
2026-03-09T07:35:22,5854005.4899,761524.8804,3854159.5912,66457.4815
2026-03-09T08:58:29,6143635.8369,755264.9919,4510236.4364,22048.8835
2026-03-09T10:07:48,6277789.5014,774443.6035,4417519.0736,20024.8835
2026-03-09T11:58:21,6209685.21,749084.8854,4510650.9993,18473.8835
2026-03-09T12:57:28,6080002.1693,782012.3521,4457798.0808,27444.8835
2026-03-09T13:47:23,6064635.3855,755892.6149,4507274.4745,27363.8835
2026-03-09T14:50:18,6029774.3737,746652.6992,4423475.7059,27105.8835
2026-03-09T15:40:45,6061572.1541,796589.2102,4552457.9086,26813.8835
2026-03-09T16:32:57,6032979.6937,769451.6231,4542920.0193,26194.8835
2026-03-09T17:32:05,5966105.0911,838767.0492,4674131.8704,24990.8835
2026-03-09T18:27:39,5913578.7401,896249.8569,4736374.0207,53982.883499999996
2026-03-09T19:27:07,5989125.0887,886207.5528,4646099.8605,50268.883499999996
2026-03-09T21:49:22,5729503.2488,881004.3049,4526509.327,50006.883499999996
2026-03-10T00:08:57,5800002.1632,847180.2341,4609969.6178,45126.883499999996
2026-03-10T01:44:49,5843933.7423,792747.7332,4657472.1288,45126.883499999996
2026-03-10T02:46:21,5831865.2406,789280.8086,4646887.048,44402.883499999996
2026-03-10T03:40:40,5821331.2263,787800.4627,4638711.5981,43958.883499999996
2026-03-10T04:40:03,5865149.6007,784278.5324,4602548.9665,43435.883499999996
2026-03-10T05:42:23,5868195.2537,777943.9519,4632159.5833,41257.6235
2026-03-10T06:38:29,5885090.202,774544.4254000001,4722251.055,41090.6235
2026-03-10T07:32:46,5876020.1733,850500.6134,4967467.6038,40374.6235
2026-03-10T08:56:12,6576225.8802,891247.4936,5679936.2765,39836.883499999996
2026-03-10T10:02:25,6619727.4291,864697.4373999999,5789201.4832,37945.883499999996
2026-03-10T11:00:16,6521302.7409,854818.9434,5708958.2157,54832.883499999996
2026-03-10T12:05:41,6496391.2129,887100.253,5717484.9969,52108.883499999996
2026-03-10T13:45:37,6335587.4534,896780.6776,5481480.1721,49758.883499999996
2026-03-10T14:48:48,6261752.9723,893382.4476,5463728.721,48965.883499999996
2026-03-10T15:38:45,6255443.7691,941991.7637,5508576.1795,48314.883499999996
2026-03-10T16:32:12,6386922.4761,1005324.9423,5465889.7926,46681.883499999996
2026-03-10T17:28:58,6349018.1425,1043955.4407,5392030.4121,45733.883499999996
2026-03-10T18:27:40,6497907.844,1037176.7588,5400216.6497,42787.883499999996
2026-03-10T19:26:22,6430921.5884,1019538.4206,5320112.233,42203.883499999996
2026-03-10T21:49:05,6148068.3955,943978.311,5080312.5491,38007.883499999996
2026-03-11T00:10:09,6212895.3998,957315.4941,5050282.8879,35701.883499999996
2026-03-11T01:47:56,6199841.0206,953622.7802,5050939.7919,34895.883499999996
2026-03-11T02:51:59,6180988.7905,950837.4369,5039429.8057,16996.8835
2026-03-11T03:43:40,6177497.5738,949353.7258,5005735.5845,19517.8835
2026-03-11T04:39:47,6166621.0489,946825.9445,5009925.0067,34681.883499999996
2026-03-11T05:41:57,6133786.8506000005,940439.9767,4983050.1323,34660.883499999996
2026-03-11T06:38:10,6244668.1627,925057.8397,4992254.2662,34109.883499999996
2026-03-11T07:33:58,6411563.1532,922346.8092,4998884.7453,33422.6385
2026-03-11T08:56:10,7417389.2049,1103727.0477,5212441.2645,31806.8835
2026-03-11T10:06:14,7349874.8129,1095703.5486,5094944.1179,29626.8835
2026-03-11T11:46:11,7314445.8886,1115941.402,4971359.1,28532.8835
2026-03-11T12:51:04,7224660.5687,1130965.9699,4935518.8464,37680.883499999996
2026-03-11T13:48:10,7142389.0838,1100394.5952,4919088.7017,33559.883499999996
2026-03-11T14:53:26,7214130.692,1084352.1432999999,4823775.1132,32508.8835
2026-03-11T15:41:22,7241658.44,1118901.1544,4770351.925,31591.8835
2026-03-11T16:32:57,7206814.8871,1129055.7504,4757912.692,28287.8835
2026-03-11T17:31:51,7222865.7944,1107403.8502,4653094.6734,26626.8835
2026-03-11T18:26:41,7159406.2457,1115778.165,4512209.7766,24000.8835
2026-03-11T19:24:42,6983345.0122,1059268.5101,4316734.156,23773.8835
2026-03-11T21:52:24,6634644.036,946228.0645999999,4039082.6954,17273.6235
2026-03-12T00:13:41,6660917.6311,946370.503,3994064.3806,13420.6235
2026-03-12T01:51:40,6680452.313,964879.6315,4074335.7038,12106.6235
2026-03-12T02:53:08,6672371.8282,963538.8974,4075542.1208,12106.6235
2026-03-12T03:45:58,6659599.1729,984699.8505,4060332.736,11587.6235
2026-03-12T04:40:47,6664897.8952,980675.2081,4043185.198,11557.6235
2026-03-12T05:41:46,6637524.5127,985832.596,3994838.927,11404.6235
2026-03-12T06:38:05,6771146.5626,1005782.0718,4041735.7816,11024.6235
2026-03-12T07:31:35,6875392.2046,995104.754,4118435.7277,10329.6235
2026-03-12T08:55:53,7143350.1964,1175311.3574,4477004.0797,11453.8835
2026-03-12T10:04:08,7092114.7268,1204102.9749,4408243.5972,10856.8835
2026-03-12T11:58:59,6897703.8317,1382953.7725,4348272.2711000005,10447.8835
2026-03-12T13:02:05,6869217.8390999995,1370953.3364,4406835.0919,30300.8835
2026-03-12T13:52:15,6800156.7969,1371850.9835,4412877.3721,29587.8835
2026-03-12T14:52:18,6810212.5036,1329344.7029,4326567.2898,28973.8835
2026-03-12T15:42:44,6859588.442,1368823.3627,4331093.7168,27012.8835
2026-03-12T16:33:20,6808333.8697,1343190.4709,4249540.213,25908.8835
2026-03-12T17:32:13,7026758.4321,1356258.7788,4162027.2539,24654.8835
2026-03-12T18:25:14,6923414.2088,1334316.1346,4114277.7358,24019.8835
2026-03-12T19:27:19,6769789.4592,1322912.0021,4062425.8555,50247.883499999996
2026-03-12T21:52:54,6598879.5805,1206901.5818,3938808.2562,43728.883499999996
2026-03-13T00:12:35,6621426.4797,1206491.2481,3885414.9813,42575.883499999996
2026-03-13T01:48:12,6628494.6927000005,1191993.4506,3937169.5479,42401.883499999996
2026-03-13T02:50:56,6634224.2534,1185296.079,3937554.0017,42198.883499999996
2026-03-13T03:44:43,6622365.0781,1178923.482,3924803.5061,41479.883499999996
2026-03-13T04:38:17,6606688.9747,1171524.5787,3909932.9124,40820.883499999996
2026-03-13T05:38:16,6652223.538,1161282.2843,3877135.718,40790.883499999996
2026-03-13T06:35:43,6633757.7805,1167018.3485,3849043.3375,40653.883499999996
2026-03-13T07:31:14,6772304.5087,1174497.3032,3974535.4225,57024.883499999996
2026-03-13T08:55:03,7620298.0507,1199615.5596,4391615.3196,55852.883499999996
2026-03-13T10:00:51,7621650.4869,1188131.0594,4365859.7487,51216.883499999996
2026-03-13T10:51:12,7577043.4544,1265095.5067,4289301.731,49307.883499999996
2026-03-13T11:41:29,7424918.5408,1298846.5666,4272516.8442,47529.8835
2026-03-13T12:39:02,7423473.5704,1343233.0352,4204769.51,45375.8835
2026-03-13T13:34:31,7451440.1571,1368927.5756,4112687.4255,44125.8835
2026-03-13T14:39:36,7291299.1203000005,1341213.4269,4080723.8551,42751.8835
2026-03-13T15:31:37,7202948.0835,1347382.9323,4039521.9526,40048.8835
2026-03-13T16:33:18,7175906.8257,1314703.002,4050020.9854,37287.8835
2026-03-13T17:32:32,7091434.4731,1299947.5829,3956478.7482,34720.6235
2026-03-13T18:27:31,7194543.808,1360907.0333,3889029.1927,51709.6235
2026-03-13T19:27:17,7043089.3239,1322220.4964,3954727.1928,49556.6235
2026-03-13T21:50:37,6749352.5628,1286919.238,3878314.3491,46437.6235
2026-03-14T00:10:49,6846312.0787,1274111.0497,3715190.4656,40915.6235
2026-03-14T01:44:45,6869735.6801,1278105.7577,3681097.2696,40857.6235
2026-03-14T02:43:56,6856383.7829,1268240.6121,3689992.4184,40475.6235
2026-03-14T03:35:19,6848782.5398,1276594.8781,3705511.0392,39921.6235
2026-03-14T04:33:07,6845102.3126,1269927.6768,3675452.4182,39842.6235
2026-03-14T05:31:47,6817390.2476,1256229.7479,3653016.1331,39842.6235
2026-03-14T06:26:55,6848689.3174,1278513.9364,3710611.5818,39402.6235
2026-03-14T07:23:42,6965077.2974,1306967.7846,3496768.6455,56887.6235
2026-03-14T08:45:37,7470868.6536,1456804.4119,3833813.6584,55991.883499999996
2026-03-14T09:45:54,7624896.0246,1507721.6108,3781823.6149,54442.883499999996
2026-03-14T10:28:26,7591453.742,1469307.7053,3662551.307,53138.883499999996
2026-03-14T11:27:06,7515464.3208,1554674.9713,3556330.1847,50644.883499999996
2026-03-14T12:30:17,7482374.2239,1537843.8534,3401744.347,48250.883499999996
2026-03-14T13:26:53,7446643.3164,1521876.0093,3337435.6454,46549.883499999996
2026-03-14T14:36:29,7257365.135,1525574.7908,3303261.6202,45809.883499999996
2026-03-14T15:26:30,7183179.884,1565218.9298,3300385.0412,45132.883499999996
2026-03-14T16:27:00,7098633.2259,1501479.6999,3263876.5128,41643.883499999996
2026-03-14T17:25:39,7122900.9754,1424109.3722,3360053.0591,39241.883499999996
2026-03-14T18:25:02,7061619.9973,1367366.6891,3348440.1209,38691.883499999996
2026-03-14T19:26:59,6934918.5344,1289466.4318000001,3343714.7781,37011.883499999996
2026-03-14T22:07:09,6875531.3307,1163104.1297,3228507.4487,33989.883499999996
2026-03-15T01:05:02,6979964.3764,1288010.2263,3515987.6148,32242.8835
2026-03-15T02:55:44,6988888.3273,1327949.6833,3542726.5606,31638.8835
2026-03-15T03:44:55,6992653.224,1321260.0642,3558667.8648,30830.8835
2026-03-15T04:36:07,7031438.2177,1314625.6056,3569275.5731,30820.8835
2026-03-15T05:34:02,7043170.5502,1312006.3022,3621570.4671,30658.8835
2026-03-15T06:28:53,7136585.8238,1362609.4442,3839825.8442,30465.8835
2026-03-15T07:25:34,7327638.2511,1325335.5507,4303634.7777,30465.8835
2026-03-15T08:47:08,7866592.8529,1390321.7473,5020412.0633,30322.8835
2026-03-15T09:46:35,7917283.7393,1372708.3887,5047483.0536,29077.8835
2026-03-15T10:30:08,7793147.8451,1330131.6747,4927445.6214,28301.8835
2026-03-15T11:28:26,7635520.3081,1274761.7397,4717930.6366,27144.8835
2026-03-15T12:31:33,7448796.7796,1219147.5631,4548279.3239,25486.6235
2026-03-15T13:26:53,7311809.7569,1180165.609,4399024.3239,24752.6235
2026-03-15T14:37:29,7127487.6151,1132743.5629,4209832.0153,22684.6235
2026-03-15T15:27:46,7001345.9037999995,1098201.821,4085702.8604,22110.6235
2026-03-15T16:28:25,6908353.6209,1061276.1097,3975093.6102,21356.6235
2026-03-15T17:27:41,6779965.8711,1027158.9562,3863068.1934,19404.6235
2026-03-15T18:26:49,6669844.3734,994554.4311,3795326.6704,18417.6235
2026-03-15T19:28:33,6533179.3362,975123.9585,3705715.3088,16401.6235
2026-03-15T22:08:34,6340908.5940000005,917844.2356,3594802.9773,13334.6235
2026-03-16T01:14:41,6342313.7046,907378.0089,3552381.0652,11231.6235
2026-03-16T03:15:03,6347215.8318,903852.311,3547064.4978,10886.6235
2026-03-16T04:55:04,6318184.6148,901265.0574,3510377.2581,10621.6235
2026-03-16T06:06:06,6350055.9674,881599.8232,3505799.7905,9979.6235
2026-03-16T07:46:02,6199906.6615,870379.1424,3505894.6077,9564.8835
2026-03-16T09:07:25,6599361.9217,835220.4903,4135624.2317,7909.8835
2026-03-16T10:58:56,6470960.0713,903027.176,4079148.2131,5751.8835
2026-03-16T12:06:48,6429900.3113,949858.8291,4250547.9165,20164.8835
2026-03-16T13:59:50,6243712.0279,982655.4613,4034751.0544,18484.8835
2026-03-16T15:06:20,6363135.2875,1067558.8717,4167949.3758,46978.883499999996
2026-03-16T16:37:44,6511070.5942,1116976.5673,4260260.8013,44181.866
2026-03-16T17:39:09,6592271.3806,1086531.1142,4228334.8333,41795.866
2026-03-16T18:31:54,6443451.4691,1071130.3775,4301381.3363,36410.606
2026-03-16T19:30:46,6306480.2163,1022926.254,4358061.7312,52769.606
2026-03-16T21:55:24,5961828.6893,920748.8018,4214276.2884,31083.606
2026-03-17T00:19:25,6088402.6959999995,917990.9564,4355749.3524,30167.606
2026-03-17T01:58:51,6041659.9058,904894.7854,4341753.6835,29988.606
2026-03-17T03:06:53,6019916.8436,899709.3217,4326906.3685,29401.606
2026-03-17T04:52:57,5895750.2525,892512.1112,4331440.7988,29126.606
2026-03-17T05:57:16,6009093.3753,884614.701,4289651.6864,28789.606
2026-03-17T06:50:01,6082426.7379,933859.0429,4258862.0097,28380.606
2026-03-17T07:43:31,6268176.5312,1027067.9005,4121115.3556,28206.606
2026-03-17T09:08:03,6853978.426,1207951.5319,4737807.8812,28855.8835
2026-03-17T10:55:22,6695545.4531,1348201.4285,4616433.3746,27718.8835
2026-03-17T12:05:10,6478712.6296,1354885.2712,4707271.0659,26137.8835
2026-03-17T13:59:42,6232171.5596,1334102.9894,4636078.013,24642.8835
2026-03-17T15:02:17,6166702.1966,1303703.5917,4675375.5222000005,22290.8835
2026-03-17T15:57:02,6335310.1589,1298631.7456,4700891.1138,20090.8835
2026-03-17T16:38:31,6265213.5469,1302359.5338,4699469.7342,18870.8835
2026-03-17T17:37:22,6217752.0975,1336037.3164,4676341.5794,17669.8835
2026-03-17T18:32:39,6331180.3797,1370199.1244,4769411.0966,17404.8835
2026-03-17T19:31:53,6143684.4472,1348369.2472,4628870.9221,16411.8835
2026-03-17T22:00:21,5718013.3815,1239671.1671,4460835.337,15135.8835
2026-03-18T00:28:33,5748504.2326,1207531.3599,4514318.6131,46171.6235
2026-03-18T02:03:18,5798397.489,1197313.0275,4504282.8528,44453.6235
2026-03-18T03:17:13,5784693.7657,1187978.8,4557421.6851,43569.6235
2026-03-18T04:45:54,5759402.2749,1170482.2374,4547243.7818,43569.6235
2026-03-18T05:54:31,5759891.0965,1156264.1531,4506497.3767,42350.6235
2026-03-18T06:52:40,5777457.8549,1137136.5503,4483169.0603,41238.6235
2026-03-18T07:45:00,5837424.8508,1168960.0526,4462242.1741,41187.6235
2026-03-18T09:07:04,6793097.5704,1272648.0785,4898604.6258,39524.883499999996
2026-03-18T11:02:36,6832468.7692,1329948.8154,4784106.0612,34602.883499999996
2026-03-18T12:14:13,6969492.4229,1361642.8003,4801342.9808,26590.8835
2026-03-18T14:01:02,6869736.7141,1322385.874,4701026.799,23133.8835
2026-03-18T15:09:37,6943036.6749,1415212.3305,4723976.8689,18648.8835
2026-03-18T16:34:40,6766178.0433,1413404.38,4668470.6154,4311.8835
2026-03-18T17:33:55,6610368.1209,1398186.1857,4603160.0945,4224.8835
2026-03-18T18:31:10,6532863.8371,1329064.7188,4590846.1186,17879.8835
2026-03-18T19:30:45,6308459.9519,1305343.0286,4519142.1036,17315.8835
2026-03-18T22:00:32,6202092.9307,1231891.773,4434163.8296,16934.866
2026-03-19T00:28:51,6377160.4292,1218054.3035,4459019.9828,49440.866
2026-03-19T01:58:28,6329126.9976,1214941.4069,4438218.7691,47906.866
2026-03-19T02:58:22,6345481.5956,1219461.4151,4431717.3625,47539.866
2026-03-19T03:48:07,6326360.3362,1215019.8365,4422651.3949,46927.866
2026-03-19T04:41:23,6350112.0732,1208091.3025,4456788.2528,46670.866
2026-03-19T05:41:54,6342044.8694,1196875.4123,4424887.9982,46127.866
2026-03-19T06:39:34,6302713.5738,1196882.0763,4440306.2358,44679.866
2026-03-19T07:36:10,6469943.8050999995,1233911.4925,4520537.5063,41674.866
2026-03-19T09:00:12,7220000.4723000005,1187090.6074,5281631.6592,46215.883499999996
2026-03-19T10:10:43,6999097.5005,1178138.6787,5259516.5398,43836.883499999996
2026-03-19T11:58:34,7088107.2738,1188551.2106,5413122.9565,34745.883499999996
2026-03-19T12:58:07,6976025.1778,1220876.8705,5413571.7659,31969.8835
2026-03-19T13:54:37,6859522.0094,1194926.4682,5397950.2897,28416.6235
2026-03-19T14:56:50,6876902.7727,1200861.987,5536096.4181,26226.6235
2026-03-19T15:46:30,6849606.352,1208525.0057,5476822.3464,39746.6235
2026-03-19T16:36:06,6932983.8283,1261187.3777,5515564.7019,38913.6235
2026-03-19T17:35:21,6844081.4328,1426412.1272,5451550.0428,51061.6235
2026-03-19T18:27:25,6791563.7306,1482122.8853,5411016.1014,49131.6235
2026-03-19T19:29:57,6757319.1647,1424577.3456,5311101.4225,47892.6235
2026-03-19T21:55:15,6517024.0915,1320014.3834,5098623.6716,42244.6235
2026-03-20T00:14:31,6606804.1558,1301454.9431,5150238.445,39310.6235
2026-03-20T01:52:42,6579335.451,1307821.1662,5117905.7244,38473.6235
2026-03-20T02:53:24,6561386.3611,1303053.7526,5129484.2757,38243.6235
2026-03-20T03:46:03,6543399.1815,1300727.8916,5141292.0593,38003.6235
2026-03-20T04:39:52,6542153.1582,1297709.8744,5224882.0025,37634.6235
2026-03-20T05:40:04,6551178.895,1291852.6792,5185105.4868,37499.6235
2026-03-20T06:37:13,6540363.7091,1314071.5149,5173644.3636,37023.6235
2026-03-20T07:31:36,6637207.5341,1317541.9255000001,5155016.0884,36615.6235
2026-03-20T08:55:52,7639181.924,1358474.4361999999,5634927.0616,35813.883499999996
2026-03-20T10:01:50,7520402.4925,1340322.3617,5496281.5421,34252.883499999996
2026-03-20T10:54:36,7558100.3711,1332931.9073,5480908.1266,67830.8835
2026-03-20T11:42:34,7516047.6954,1396286.1347,5435301.3451,66502.8835
2026-03-20T12:41:41,7526293.6638,1410720.519,5296034.9996,64140.883499999996
2026-03-20T13:35:45,7458009.3036,1423223.207,5161117.7998,62370.883499999996
2026-03-20T14:45:59,7395460.8754,1488558.76,5044933.5708,58960.883499999996
2026-03-20T15:38:24,7337894.4628,1501913.0429,5123447.9951,55967.6235
2026-03-20T16:31:14,7362674.6125,1470314.4497,5059785.2965,54287.6235
2026-03-20T17:29:46,7447563.4265,1387327.9336,5153593.2248,53382.6235
2026-03-20T18:27:36,7440058.5768,1452028.534,5134044.0168,51002.6235
2026-03-20T19:28:48,7272477.4471,1405142.4291,4882746.8563,49659.6235
2026-03-20T21:49:12,6968718.7077,1313403.8379,4578601.051,45780.6235
2026-03-21T00:05:02,7011626.0002,1291292.0223,4664815.0745,44314.6235
2026-03-21T01:40:30,7025421.3857,1300075.0502,4630119.358,43393.6235
2026-03-21T02:41:10,6999132.9748,1295622.1527,4616251.6573,11743.6235
2026-03-21T03:33:18,6979061.2531,1292172.3331,4613183.3625,43169.6235
2026-03-21T04:31:23,6963524.6826,1287387.7048,4624457.87,43134.6235
2026-03-21T05:30:51,6932105.09,1278215.2117,4601002.9853,42637.6235
2026-03-21T06:25:36,7044964.1206,1291252.6558,4634024.1404,42139.6235
2026-03-21T07:22:32,7209672.3762,1375021.6524,4767389.5609,57129.6235
2026-03-21T08:43:36,8112085.0694,1456207.1103,5610635.9255,57537.883499999996
2026-03-21T09:42:40,8215707.8298,1453978.3507,5613509.4136,54994.883499999996
2026-03-21T10:26:24,8146327.5818,1457884.4234,5648179.6259,52333.883499999996
2026-03-21T11:24:51,8031684.6555,1450666.2199,5559978.0909,51143.883499999996
2026-03-21T12:28:11,8063415.6853,1576151.6238,5669011.8445,48731.883499999996
2026-03-21T13:25:05,7898182.8215,1480499.5909,5540990.4368,44920.883499999996
2026-03-21T14:34:19,7836978.2113,1501735.329,5478545.7508,39012.883499999996
2026-03-21T15:23:57,7755756.5251,1454089.7529,5482699.011,36554.883499999996
2026-03-21T16:25:23,7810831.1565,1447081.3058,5363145.6218,31760.8835
2026-03-21T17:24:04,7834168.6164,1374377.7639,5416858.661,28505.6235
2026-03-21T18:23:02,7753082.8442,1303253.6373,5418716.9936,24659.6235
2026-03-21T19:23:56,7577208.7365,1239901.2501,5141926.4665,13454.6235
2026-03-21T22:00:47,7450661.5623,1099807.3717,4689552.6023,27146.6235
2026-03-22T00:26:05,7447005.6218,1094376.825,4687775.7973,63632.6235
2026-03-22T01:54:16,7472327.4646,1110132.536,4671851.1175,63632.6235
2026-03-22T02:48:53,7530565.4409,1099862.7183,4717041.2334,63632.6235
2026-03-22T03:38:53,7543045.6815,1099721.7587,4742293.2642,63632.6235
2026-03-22T04:33:32,7538909.5581,1099185.1282,4756498.7334,63632.6235
2026-03-22T05:31:32,7535825.806,1098741.3962,4777481.1143,63632.6235
2026-03-22T06:26:32,7643879.8732,1097641.1866,4864748.5905,79132.6235
2026-03-22T07:23:29,7693086.5822,1160894.0684,5107720.6699,102956.9635
2026-03-22T08:45:58,8436302.4073,1211301.1215,5293432.9608,88639.2235
2026-03-22T09:43:54,8562008.6013,1226127.5348,5376717.173,88639.2235
2026-03-22T10:27:36,8598005.4064,1224226.4848,5363563.8846,88639.2235
2026-03-22T11:25:21,8586240.2283,1222228.0545,5346141.6545,88639.2235
2026-03-22T12:28:36,8588428.0284,1219762.2472,5338924.7082,88639.2235
2026-03-22T13:25:07,8574252.1574,1217626.6038,5321089.7102,88639.2235
2026-03-22T14:35:20,8554811.4642,1214627.9846,5296643.2014,88639.2235
2026-03-22T15:25:43,8535289.8417,1212137.3346,5275480.3497,88639.2235
2026-03-22T16:26:06,8516005.4615,1208319.1868,5243513.2617,88639.2235
2026-03-22T17:25:01,8489024.588,1198769.1592,5199588.8481,88639.2235
2026-03-22T18:24:21,8422991.385,1174235.5853,5135903.2139,88639.2235
2026-03-22T19:26:47,8277485.6323,1126475.1044,5030496.3748,88639.2235
2026-03-22T22:01:48,7975507.9637,1024992.4509,4751173.093,84157.2235
2026-03-23T00:36:09,7930508.3387,1067779.3743,4703259.4574,81124.2235
2026-03-23T02:11:43,7875722.3892,1060557.911,4671324.097,79636.9735
2026-03-23T04:02:55,7824081.4989,1051808.7626,4641998.658,79636.9735
2026-03-23T05:12:44,7780092.9965,1046332.8068,4637452.3971,78366.9735
2026-03-23T06:53:25,7638616.6801,1020722.0301,4592910.042,77865.9635
2026-03-23T07:44:25,7534848.682,1018875.4845,4547380.6328,77157.9635
2026-03-23T09:02:52,7734440.2525,977949.5764,4920472.8236,52585.883499999996
2026-03-23T10:21:18,7651525.5237,987875.6415,4933527.3075,49143.883499999996
2026-03-23T11:59:54,7416626.3482,943706.5002,4846700.8326,42425.883499999996
2026-03-23T12:59:41,7343885.1637,869332.5446,4778458.9688,39059.883499999996
2026-03-23T13:53:50,7250623.1553,864103.7636,4747635.3226,34662.883499999996
2026-03-23T14:52:47,7226256.5297,883132.1905,4751887.5184,31867.8835
2026-03-23T15:48:12,7320812.0516,996341.9645,4801694.0347,27794.8835
2026-03-23T16:37:55,7183069.2771,996024.4869,4861112.2425999995,24005.8835
2026-03-23T17:36:04,7207524.9448,1043488.4019,4746161.2394,25577.8835
2026-03-23T18:31:44,7240901.4976,1071282.5753,4793736.8819,25110.8835
2026-03-23T19:31:36,7183273.9336,1051191.6593,4797040.9637,23824.8835
2026-03-23T21:53:23,6820962.5668,1035313.0422,4594688.6789,21536.8835
2026-03-24T00:19:46,6742526.2506,1008019.5373,4390109.0848,21148.8835
2026-03-24T02:00:09,6665184.0109,1021255.4986,4445284.6358,21148.8835
2026-03-24T03:09:59,6634166.6994,1073294.7324,4471590.3816,56059.883499999996
2026-03-24T04:51:52,6620249.0365,1067760.8694,4470078.641,55205.883499999996
2026-03-24T05:55:59,6645244.939,1081905.6557,4466253.2517,53493.883499999996
2026-03-24T06:52:46,6684165.9365,1109064.4042,4555252.5793,52697.883499999996
2026-03-24T07:45:38,6673969.2912,1146282.4534,4659109.141,61225.883499999996
2026-03-24T09:07:51,7311790.9128,1194004.1508,5238000.3819,83049.0305
2026-03-24T10:56:53,7139676.8559,1160852.0809,5299300.195,92093.0305
2026-03-24T12:06:35,7071702.4325,1189562.0652,5294794.7639,86212.0305
2026-03-24T13:56:09,6847735.9943,1139020.5189,5310944.0808,83424.0305
2026-03-24T15:01:00,6837677.042,1152830.9724,5230078.3856,81249.0305
2026-03-24T15:57:24,7149589.7074,1184166.8489,5304713.9167,77584.0305
2026-03-24T16:40:41,7263037.7077,1133824.1108,5323412.9683,75148.0305
2026-03-24T17:37:24,7302969.6618,1132642.804,5249538.1764,71795.0305
2026-03-24T18:29:58,7258417.8929,1204602.4553,5180091.7618,64941.7705
2026-03-24T19:31:29,7160454.4652,1219587.9494,5085572.3104,64219.7705
2026-03-24T21:59:14,6826862.0479,1204762.9443,4865820.8814,49162.7705
2026-03-25T00:23:41,6788634.4707,1187179.9365,4780098.0421,75597.7705
2026-03-25T02:01:41,6863291.1952,1191977.0992,4822605.3221,75032.7705
2026-03-25T03:13:05,6828691.4181,1189304.0478,4804179.4115,73489.7705
2026-03-25T04:50:04,6777903.1913,1177648.004,4807537.9583,73448.7705
2026-03-25T05:53:56,6762617.0524,1242189.7509,4770832.1085,72361.7705
2026-03-25T06:47:19,6977929.2025,1233864.8852,4830508.3665000005,54603.6235
2026-03-25T07:41:42,6918349.8669,1280235.2004,4861090.7284,45431.6235
2026-03-25T09:05:49,7513210.8721,1317107.653,5402100.1952,37651.883499999996
2026-03-25T10:58:39,7323061.0119,1356051.4446,5194454.8927,25698.8835
2026-03-25T12:10:44,7343883.7945,1333239.256,5354375.2317,21971.6235
2026-03-25T13:58:50,7148131.1432,1244812.1745,5344568.843,18048.6235
2026-03-25T14:56:01,7150127.0341,1222359.8618,5402336.0495,15530.6235
2026-03-25T15:46:47,7245010.934,1259993.8012,5388702.9375,11405.6235
2026-03-25T16:37:48,7387124.1945,1319278.6101,5370757.7121,7942.6235
2026-03-25T17:38:18,7279601.0116,1324200.411,5279483.9169,4894.6235
2026-03-25T18:35:27,7421577.9116,1315278.9232,5402878.0103,230.6235
2026-03-25T19:33:56,7300090.5061,1261247.4271,5299401.1168,230.6235
2026-03-25T22:06:02,6954243.9241,1173992.6030000001,5108018.0465,19257.6235
2026-03-26T01:05:13,6815352.3671,1231312.244,5014867.9759,55122.6495
2026-03-26T03:06:31,6798595.3751,1224967.695,5144714.8177,82776.6495
2026-03-26T04:54:07,6755761.5097,1230114.1349,5118806.8038,81193.6495
2026-03-26T06:00:51,6684803.3938,1221545.0375,5080935.1277,63651.6495
2026-03-26T06:58:37,6693993.0716,1223844.2986,5157716.9786,63149.6495
2026-03-26T07:51:24,6913496.5164,1233804.6103,5193635.7265,62217.6495
2026-03-26T09:09:50,7548145.1459,1229389.8985,5782279.2595,75103.9095
2026-03-26T11:03:07,7508286.9,1147573.2602,5921928.7482,87293.9095
2026-03-26T12:20:40,7549076.1821,1199047.4812,5933405.5348,82349.9095
2026-03-26T14:02:08,7474705.925,1239808.6996,5922571.2672,79823.9095
2026-03-26T15:18:38,7606879.8642,1279102.453,5908285.992,60967.89199999999
2026-03-26T16:35:17,7487380.2842,1222747.103,5841754.8332,60026.89199999999
2026-03-26T17:31:22,7336248.7891,1199905.3547,5670783.1701,69775.89199999999
2026-03-26T18:28:57,7370043.9078,1247655.7043,5566979.4654,65731.89199999999
2026-03-26T19:31:53,7077110.124,1267023.9901,5540816.7715,99893.89199999999
2026-03-26T22:06:24,6734050.3001,1192050.1586,5514167.9286,88609.89199999999
2026-03-27T01:06:45,6817323.6703,1204935.9014,5446319.2013,74899.25200000001
2026-03-27T03:05:10,6781650.6909,1214194.9873,5411877.3551,74899.25200000001
2026-03-27T04:49:29,6758312.1833999995,1208059.3806,5392713.9596,74383.25200000001
2026-03-27T05:54:15,6745776.6342,1262330.6241,5384500.4117,74383.25200000001
2026-03-27T06:45:54,6868692.7289,1267728.2029,5450003.0877,61251.932
2026-03-27T07:41:39,6821976.3938,1326086.5758,5496746.9723,60085.932
2026-03-27T09:01:48,7709524.5286,1347212.742,5856466.6879,63770.9495
2026-03-27T10:16:47,7600987.8032,1338896.1447,5655167.8747,59596.9495
2026-03-27T11:52:22,7637969.4632,1344064.3488,5703874.7223,75768.9495
2026-03-27T12:54:19,7662411.491,1332934.6577,5615096.1421,72738.9495
2026-03-27T13:49:25,7583143.2163,1315537.5879,5611572.9929,70493.9495
2026-03-27T14:54:56,7596688.416,1328992.8446,5502865.8194,68918.9495
2026-03-27T15:41:46,7404193.3939,1348086.0445,5509060.7051,66787.9495
2026-03-27T16:37:14,7357888.613,1399179.1318,5487346.2016,64758.9495
2026-03-27T17:33:37,7322449.7944,1384235.6049,5355152.1961,62518.9495
2026-03-27T18:30:30,7380589.6753,1355594.9242,5315677.2337,59411.9495
2026-03-27T19:32:34,7379771.6248,1348863.028,5167689.5738,31449.8835
2026-03-27T21:57:34,7133663.0287,1254220.5512,5048355.0313,43057.883499999996
2026-03-28T00:21:38,7169711.5527,1223464.3519,5196882.1289,80102.2635
2026-03-28T01:56:42,7150969.748,1222501.1497,5200837.3881,79463.2635
2026-03-28T02:57:38,7133979.35,1231108.1052,5222256.9682,79106.2635
2026-03-28T03:45:08,7122315.7872,1219646.8983,5206692.9638,79010.2635
2026-03-28T04:37:18,7103025.3381,1215539.0202,5209741.1293,77593.2635
2026-03-28T05:36:31,7074867.8039,1208732.1744,5226133.2344,77314.2635
2026-03-28T06:30:51,7131300.6088,1201715.2564,5223939.7256,76384.2635
2026-03-28T07:27:46,7063285.9983,1210337.8143,5225649.9837,75981.2635
2026-03-28T08:51:07,7983727.2462,1418575.5013000001,5894725.8333,73151.2635
2026-03-28T09:51:43,8067734.2049,1445960.7366,5935270.0333,72637.2635
2026-03-28T10:32:06,8052598.8871,1421120.0669,5992634.7883,99055.2635
2026-03-28T11:30:43,7826081.2189,1385611.9002,5983470.6248,97792.2635
2026-03-28T12:32:35,7857605.8532,1452116.4446,6004253.9272,94977.2635
2026-03-28T13:28:35,7741823.328,1404731.9713,5863790.5428,91570.2635
2026-03-28T14:38:20,7885562.988,1409708.1439,5783307.0381000005,84647.2635
2026-03-28T15:29:46,7779157.6721,1428429.9817,5660822.3645,81285.2635
2026-03-28T16:29:05,7588105.5964,1449689.5868,5563722.8863,64031.246
2026-03-28T17:29:38,7750943.5698,1405460.6083,5502463.3341,62745.246
2026-03-28T18:28:27,7690420.2319,1378708.1928,5411697.4701,60947.246
2026-03-28T19:30:32,7475765.088,1348088.2742,5290197.0603,59605.986
2026-03-28T22:08:52,7328395.449,1302988.0162,5134035.3143,68553.986
2026-03-29T01:10:53,7460243.3408,1324135.4077,5228950.6985,99269.986
2026-03-29T03:02:53,7316730.7974,1331710.6675,5262622.6084,98622.38
2026-03-29T03:57:41,7541488.7908,1329189.2364,5287711.8049,96994.986
2026-03-29T04:39:33,7398077.5026,1327223.4408,5170312.7569,96948.986
2026-03-29T05:36:38,7583451.6927,1324256.8556000001,5242455.3324,96438.986
2026-03-29T06:32:52,7552450.696,1309501.8959,5283275.9087,95770.986
2026-03-29T07:29:06,7692066.1165000005,1320631.2652,5359046.5203,94826.986
2026-03-29T08:51:42,8119555.4346,1481602.8325,12016213.4913,94364.2635
2026-03-29T09:53:58,8061361.107,1461739.258,11877367.3904,94048.2635
2026-03-29T10:34:21,7976793.653,1408667.8494,11768278.5409,93833.2635
2026-03-29T11:30:42,7835065.4178,1356961.5713,11560667.7116,93615.2635
2026-03-29T12:33:31,7749399.4424,1295703.3063,11415188.928,93543.2635
2026-03-29T13:29:36,7614253.8312,1246107.9555,11253203.5953,91087.2635
2026-03-29T14:40:19,7459909.3286,1190375.2789,11068604.3767,87950.2635
2026-03-29T15:32:11,7347211.0257,1151783.1002,10961923.8738,85838.2635
2026-03-29T16:30:16,7236107.7105,1109086.9828,10842118.9722,85474.2635
2026-03-29T17:30:58,7095070.8913,1120234.6928,10772848.8946,84683.2635
2026-03-29T18:29:56,6938419.912,1079374.1155,10687626.7769,81747.2635
2026-03-29T19:31:35,6797863.5105,1038135.0213,10631936.1649,79997.2635
2026-03-29T22:11:34,6501990.1269000005,961559.6677,10446718.8815,78123.2635
2026-03-30T01:23:44,6535626.9155,995262.9617,10444350.5128,79518.3735
2026-03-30T03:25:09,6592450.1528,992289.157,10414177.2717,79462.3735
2026-03-30T05:10:45,6551299.3806,987811.5386,10386782.5212,78798.3735
2026-03-30T07:01:33,6570709.239,982135.2563,10371452.7423,78219.3735
2026-03-30T07:58:57,6664901.7753,897338.4724,10474723.1351,75309.2635
2026-03-30T09:17:27,7101800.9679,905109.9765999999,4461976.3798,72788.2635
2026-03-30T11:03:25,6841274.2496,916178.5184000001,4416417.4885,70578.2635
2026-03-30T12:13:19,6706021.7589,996496.3518000001,4466157.1236,68659.3735
2026-03-30T13:54:41,6737451.9649,1002289.8338,4420893.5008,63488.3735
2026-03-30T14:58:50,6767725.819,1004449.8602,4449448.1837,59161.2635
2026-03-30T15:57:07,6922948.1622,1025346.1345,4593994.3941,56766.2635
2026-03-30T16:44:37,6988154.6332,1068891.2958,4614573.5915,85667.2635
2026-03-30T17:41:37,6936968.9242,1077758.2863,4704246.7084,80659.2635
2026-03-30T18:35:10,6929221.928499999,1144220.601,4852362.6383,74988.2635
2026-03-30T19:34:14,6722453.1891,1149084.6456,4859563.6724,69974.2635
2026-03-30T22:07:13,6409854.1008,1088330.8333,4601152.0926,57541.2635
2026-03-31T01:09:39,6401342.187,1086418.1789,4513221.2959,59469.2635
2026-03-31T03:11:08,6359409.625,1093847.6524,4481607.9829,62722.2635
2026-03-31T04:58:10,6304997.2258,1087962.024,4516253.4314,62371.2635
2026-03-31T06:06:27,6262373.9713,1060842.1547,4554287.6689,60950.2635
2026-03-31T07:47:55,6351336.5844,1139305.8969,4396587.6961,57126.2635
2026-03-31T09:14:07,7119163.3592,1138224.9889,5088254.6638,13158.8835
2026-03-31T11:01:24,7064566.4141,1158915.9947,5107566.8963,13330.8835
2026-03-31T12:11:06,6901565.6264,1170688.7398,5056513.7025,22147.8835
2026-03-31T13:56:51,6797040.4605,1166893.1433,5053331.6084,21403.8835
2026-03-31T15:01:26,6726739.001,1162898.7685,4960199.4749,20833.8835
2026-03-31T15:58:31,6819552.0909,1184484.3689,4992482.0311,47591.883499999996
2026-03-31T16:42:51,6944380.8112,1155947.0789,5057795.8915,45859.883499999996
2026-03-31T17:39:00,7013289.7782,1226826.3125,4919207.749,57051.883499999996
2026-03-31T18:34:32,6915032.5047,1236235.8804,4946706.7177,53542.883499999996
2026-03-31T19:33:24,6761668.5644,1224776.3928,4834341.4824,29349.8835
2026-03-31T22:15:32,6666197.9371,1250411.8169,4855792.7727,26888.8835
2026-04-01T01:23:37,6929959.4418,1243314.3571,4948665.3023,33083.883499999996
2026-04-01T03:18:50,6855110.3981,1233787.3321,4891770.0224,32899.883499999996
2026-04-01T05:03:18,6803798.9428,1228583.0937,4861631.4736,32588.8835
2026-04-01T06:18:28,6757561.3017,1193524.3106,4601661.3875,32121.8835
2026-04-01T07:53:33,6532323.8573,1165335.3299,4607707.5884,31574.8835
2026-04-01T09:17:28,7363145.4931,1252321.2161,5125831.6633,38500.4835
2026-04-01T11:04:44,7112684.9671,1296919.2338,4963460.2529,34862.4835
2026-04-01T12:52:59,6888878.8155000005,1234631.9444,4975319.7455,27138.483500000002
2026-04-01T13:49:29,6854174.3021,1209861.2519,4935832.7999,26584.483500000002
2026-04-01T15:00:04,6877093.2476,1208057.8052,4717479.444,30952.483500000002
2026-04-01T15:59:58,6810129.2534,1273494.048,4777553.02,64768.4835
2026-04-01T16:49:31,6849126.5575,1309051.4272,4847973.1745,61595.4835
2026-04-01T17:41:03,6855165.7047,1311265.2987,4898214.9874,59052.4835
2026-04-01T18:36:58,6842781.5232,1342837.0009,4777664.2074,53449.4835
2026-04-01T19:36:03,6671221.4443,1332163.4111,4648237.0757,39848.883499999996
2026-04-01T22:03:26,6463695.216,1237625.4582,4343558.5634,44458.883499999996
2026-04-02T01:02:29,6464494.2165,1227091.7065,4313640.9335,37020.883499999996
2026-04-02T02:17:15,6462132.8573,1231921.5621,4310787.4408,36602.883499999996
2026-04-02T04:07:03,6443712.3641,1225818.9922,4334818.4067,35424.883499999996
2026-04-02T06:01:05,6389580.2895,1205328.6967,4298232.0981,34196.883499999996
2026-04-02T06:58:20,6506843.71,1247227.0555,4345035.8691,33436.883499999996
2026-04-02T07:45:57,6672925.978,1249651.4239,4408091.0659,31287.8835
2026-04-02T09:08:23,7208149.4952,1285016.2863,5270694.225,29194.8835
2026-04-02T10:55:47,7120712.8721,1192821.0024,5162584.4015,26109.8835
2026-04-02T12:01:18,7241691.3147,1200384.4317,5196686.5486,22930.8835
2026-04-02T13:01:46,7066064.2935,1201813.7488,5191581.1735,23451.8835
2026-04-02T13:56:13,6931357.3469,1175557.8501,5120364.9218,20928.8835
2026-04-02T14:56:02,7108776.4821,1156127.4151,4926409.3066,20683.8835
2026-04-02T15:50:33,7189976.3823,1140827.5652,5014200.9932,20202.8835
2026-04-02T16:34:59,7255748.461,1114475.3213,4948453.2469999995,18828.8835
2026-04-02T17:37:20,7358662.1059,1176114.4716,4943811.5807,38442.883499999996
2026-04-02T18:31:05,7219653.0286,1206882.8035,4806276.3472,37168.883499999996
2026-04-02T19:34:07,7224823.5593,1204857.733,4742466.1635,69808.8835
2026-04-02T22:05:38,7098419.546,1219994.3751,4508580.2427,27674.8835
2026-04-03T01:04:49,7046811.0177,1253593.5373,4503559.4463,52095.883499999996
2026-04-03T03:06:04,7235851.0825,1227980.8556,4668715.3421,33694.883499999996
2026-04-03T04:52:37,7243572.379,1219354.3834,4699663.4015,48248.883499999996
2026-04-03T05:52:53,7241944.542,1253290.7321,4713058.9509,47649.883499999996
2026-04-03T06:42:08,7382486.6562,1292869.4195,4863503.7682,47468.883499999996
2026-04-03T07:38:17,7801324.0949,1407598.2066,5024676.3729,46476.883499999996
2026-04-03T09:00:14,8334085.5518,1619144.3752000001,5474248.7999,99798.4915
2026-04-03T10:05:14,8224768.4818,1532224.0405,5310914.9313,97884.4915
2026-04-03T11:39:32,8208839.9084,1457934.9134,5013911.3671,94917.4915
2026-04-03T12:39:10,8116384.7647,1387622.7079,4884794.9831,92896.4915
2026-04-03T13:34:15,8016521.3709,1335967.1882,4733237.2005,90312.4915
2026-04-03T14:44:42,7830598.8325000005,1299736.2814,4698464.6091,87626.4915
2026-04-03T15:38:35,7724238.1258,1251531.4914,4576566.3093,85168.4915
2026-04-03T16:35:13,7604293.4139,1205034.4321,4556084.9553,83058.4915
2026-04-03T17:33:31,7434845.4267,1154104.664,4453939.1068,97666.4915
2026-04-03T18:32:19,7259497.2799,1103076.6211,4317054.0235,95148.4915
2026-04-03T19:33:19,7129135.2195,1052322.1967,4224322.2413,94284.4915
2026-04-03T21:57:23,7068976.1896,972227.5592,4044524.4997,92255.2315
2026-04-04T00:17:54,7046157.4433,980295.7616,3936849.7672,91370.2315
2026-04-04T01:57:15,7032386.2619,972596.4124,3980755.1737,91360.2315
2026-04-04T02:59:30,7048514.9292,970786.4533,3968604.4557,91273.2315
2026-04-04T03:51:33,7048894.0506,968748.9983,3971528.8854,91273.2315
2026-04-04T04:39:41,7030598.5776,966612.6141,3959023.0389,90895.2315
2026-04-04T05:37:29,7000404.1965,963227.2027,3938305.4906,90815.2315
2026-04-04T06:32:15,6976324.0823,959211.5012,3923189.6064999998,90479.2315
2026-04-04T07:28:50,7020034.1217,945144.6089,4006334.7101,92769.7775
2026-04-04T08:51:39,7400492.7533,994616.1138,4914211.9817,37455.4295
2026-04-04T09:53:29,7485079.1255,1025152.1943,5056594.2422,36157.4295
2026-04-04T10:33:37,7413219.4305,999335.6537,5168509.6732,35077.4295
2026-04-04T11:30:46,7559677.2839,999418.3821,5151461.4701,34195.4295
2026-04-04T12:33:56,7462188.6758,1065689.905,5222689.7406,34195.4295
2026-04-04T13:29:27,7543370.2573,1065625.9212,5163688.9851,34195.4295
2026-04-04T14:40:11,7399413.2697,998212.8475,5124994.4697,33013.1695
2026-04-04T15:31:30,7198887.8976,988432.1518,5037847.3429000005,30987.1695
2026-04-04T16:30:56,7388382.4091,1028159.2507,4989535.8872,29965.1695
2026-04-04T17:31:00,7512922.9718,1035443.6144,5111282.1595,28531.1695
2026-04-04T18:28:29,7465003.6579,1020172.6219,5225463.8136,27250.1695
2026-04-04T19:30:01,7387882.157,960890.0712,5125290.0385,26021.1695
2026-04-04T22:11:11,7318305.7403,944886.8403,5147981.0618,24792.1695
2026-04-05T01:11:32,7366574.7838,1022137.1629,5249999.3759,21743.6235
2026-04-05T03:04:11,7472030.8198,1046016.8868,5336925.9631,21733.6235
2026-04-05T04:41:23,7573027.8757,1040195.3228,5367070.5644,21707.6235
2026-04-05T05:38:05,7610351.6947,1045438.2428,5364323.6488,21558.6235
2026-04-05T06:33:20,7644377.8224,1052217.6839,5371124.6138,21464.6235
2026-04-05T07:29:37,7860107.6221,1174489.901,5581069.4278,21464.6235
2026-04-05T08:53:54,8087612.6731,1239671.978,5610649.702,21413.6235
2026-04-05T09:55:15,8318916.6391,1239472.0304999999,131649164.3153,22332.8835
2026-04-05T10:35:30,8192208.9983,1187717.5447,131486130.0034,21271.8835
2026-04-05T11:31:48,8026969.0774,1113294.7118,131297907.22559999,21230.8835
2026-04-05T12:35:13,7834501.6582,1045086.4171,131105900.5107,20939.8835
2026-04-05T13:30:17,7694271.9226,997423.6804,130948903.9699,20419.8835
2026-04-05T14:41:43,7589778.5998,972684.1133,130775911.9739,19623.8835
2026-04-05T15:34:09,7433359.9813,938917.8781,130627303.9841,19108.8835
2026-04-05T16:32:03,7284592.7618,894562.1532,130464137.1574,38677.883499999996
2026-04-05T17:30:43,7175071.5853,845058.8165,130372547.27189998,37312.6235
2026-04-05T18:29:55,7045094.5896,795051.0958,130202452.20329998,37298.6235
2026-04-05T19:33:06,6954650.8462,749292.0114,130052288.4037,36779.6235
2026-04-05T22:12:25,6750546.1276,671392.0016,129781869.4769,34982.2102
2026-04-06T01:23:20,6641649.6148,630998.6957,129750649.7984,33778.2102
2026-04-06T03:27:48,6645690.8672,638067.7488,129731261.07890001,33311.2102
2026-04-06T05:08:10,6609096.4613,635145.6516,129738478.2018,32076.2102
2026-04-06T06:56:10,6542627.8723,637391.1119,129615045.8382,31207.6235
2026-04-06T07:48:27,6408376.5008,647296.5819,129698228.45760001,31450.8835
2026-04-06T09:05:40,6802921.4611,622407.9184,3914649.7939999998,43228.883499999996
2026-04-06T10:45:48,6766070.3834,667527.3261,3949625.2802999998,40022.883499999996
2026-04-06T11:45:51,6686195.8795,709981.5142,3893991.6797,39669.883499999996
2026-04-06T12:45:20,6505800.3104,718614.1213,3880685.6806,39911.883499999996
2026-04-06T13:44:07,6485154.3833,715609.3852,3920587.4778,39180.2775
2026-04-06T14:57:05,6482658.9566,705674.9593,3861528.1105,37951.2775
2026-04-06T15:53:54,6631415.7583,784634.729,3842370.9478,46788.2775
2026-04-06T16:38:01,6638026.4056,828113.5131,3858046.0418000002,45387.2775
2026-04-06T17:37:34,6610103.1761,843164.9291,3768932.4512,43859.883499999996
2026-04-06T18:35:31,6614431.8682,860128.8395,3721419.7891,75884.6235
2026-04-06T19:35:09,6419889.9227,844854.4202,3641585.1076,72635.6235
2026-04-06T22:07:38,6144871.7659,739214.1279,3558769.9234,65349.6235
2026-04-07T01:09:15,6224064.9111,753886.9103,3755597.2127,61615.6235
2026-04-07T03:14:17,6230142.5962,749616.5758,3854631.1735,60875.6235
2026-04-07T05:01:02,6231703.9219,722890.8789,3850007.8033,35033.6235
2026-04-07T06:12:53,6304525.9701,722240.8673,3958931.2483,60256.6235
2026-04-07T07:54:03,6417631.9761,860304.785,4167820.5007,59079.6235
2026-04-07T09:15:24,6834405.2072,859701.2796,4774782.9569,44639.883499999996
2026-04-07T11:07:18,6753227.3218,960876.5234,4800720.0961,40701.883499999996
2026-04-07T12:57:01,6616351.2682,967182.3206,4694730.942,37548.883499999996
2026-04-07T13:58:47,6550493.052,940629.862,4569440.5902,32963.883499999996
2026-04-07T15:04:27,6518659.2575,962507.6285,4486196.2145,31375.8835
2026-04-07T16:45:50,6201459.7753,986894.7925,4257601.5096,26528.8835
2026-04-07T17:41:36,5884939.4798,910676.0091,4327314.7621,25460.8835
2026-04-07T18:37:53,5746117.7366,895551.3038999999,4285109.5148,43094.883499999996
2026-04-07T19:36:39,5638170.0012,886037.6272,4220821.3083,39731.883499999996
2026-04-07T22:08:45,5378529.5581,873706.5636,4253173.1884,29973.6235
2026-04-08T01:11:05,5335004.8384,870369.4719,4200644.3736,25959.6235
2026-04-08T03:16:06,5335650.1689,865198.9538,4197122.6382,24409.6235
2026-04-08T04:59:39,5301159.0246,858240.1488,4182610.1829,23986.6235
2026-04-08T06:11:31,5320856.2528,846940.1087,4247098.5386,22630.6235
2026-04-08T07:55:27,5392046.9338,890349.9429,4313944.6056,21637.6235
2026-04-08T09:17:30,6111553.342,986949.4117,4891693.9099,21097.8835
2026-04-08T11:09:17,5974039.627,1036121.6501,4781623.5836,19752.8835
2026-04-08T13:00:09,5750295.2685,1045497.4359,4536984.4405,36547.883499999996
2026-04-08T14:09:59,5571900.5417,1003081.8974,4506926.9617,18354.8835
2026-04-08T16:00:15,5508881.8584,1024219.4406,4510764.1904,17410.8835
2026-04-08T16:45:51,5522777.4872,1001078.2543,4471720.1871,15774.8835
2026-04-08T17:41:26,5532926.0164,1046618.3271,4369400.6708,15667.8835
2026-04-08T18:38:36,5606150.2818,1064310.6479,4429640.6716,14158.6235
2026-04-08T19:37:44,5549999.6203,1058750.0392,4327824.9934,55348.6235
2026-04-08T22:00:58,5218383.651,1014080.6505,4122456.7937,50229.6235
2026-04-09T00:40:25,5233640.0653,1103016.0343,4292475.8336000005,45528.6235
2026-04-09T02:22:01,5232131.6486,1104449.4068,4321583.3225,40186.6235
2026-04-09T04:21:30,5191380.3879,1119933.224,4387664.0708,38347.6235
2026-04-09T06:12:57,5183076.3652,1100873.3391,4454511.4586000005,36434.6235
2026-04-09T07:55:54,5219617.8481,1124163.7828,4562256.2217,34431.883499999996
2026-04-09T09:23:30,5351734.4877,1255125.6681,4945257.1362,48235.883499999996
2026-04-09T11:22:29,5822478.8904,1318342.1723,4836914.438,38033.883499999996
2026-04-09T13:06:32,5626547.0065,1283891.3275,4749566.758,29339.8835
2026-04-09T15:03:19,5543468.7313,1314092.6171,4567030.1358,22299.8835
2026-04-09T16:07:54,5594992.462,1333194.5194,4503555.7792,23771.8835
2026-04-09T17:45:03,5633908.6534,1329262.8661,4357045.5895,21824.8835
2026-04-09T18:40:01,5536598.2934,1308032.8097,4276270.8516,20402.8835
2026-04-09T19:37:51,5419531.4177,1281300.6417,4169594.3328,18299.6235
2026-04-09T22:13:24,5101309.1074,1267468.232,3997317.0280999998,48563.6235
2026-04-10T01:24:46,5071857.9041,1256357.2753,4161524.1697,13282.6235
2026-04-10T03:26:10,5010696.5194,1242474.4847,4208625.4232,11851.6235
2026-04-10T05:07:56,5126541.9215,1241842.1398,4230662.0257,39189.6235
2026-04-10T06:53:55,5056484.2792,1226518.8965,4092438.4332,29805.6235
2026-04-10T07:47:00,5050398.794,1340379.0348,4152838.3874,30266.866
2026-04-10T09:05:58,5370953.5329,1422198.0261,4648716.1267,45495.883499999996
2026-04-10T10:47:21,5279242.7409,1399660.6857,4527204.1549,39796.883499999996
2026-04-10T11:52:03,5201857.6201,1365042.0833,4477195.091,35062.883499999996
2026-04-10T12:49:31,5193604.5027,1349883.8909,4439527.9307,53873.883499999996
2026-04-10T13:46:45,5134144.0775,1306259.7746000001,4495022.5032,51728.883499999996
2026-04-10T14:49:40,5047759.8803,1475030.0151,4402597.933,49692.866
2026-04-10T15:43:48,5164345.1547,1571950.091,4315998.9201,48416.866
2026-04-10T16:34:40,5148450.2811,1557302.8663,4354819.115,45383.866
2026-04-10T17:36:22,5144217.3949,1541519.4921,4319064.0992,43003.866
2026-04-10T18:38:04,5113927.5333,1557562.7406000001,4344080.8083,40124.883499999996
2026-04-10T19:35:18,4989751.7581,1505128.1852,4174669.2859,39425.883499999996
2026-04-10T22:02:02,4753561.73,1425415.3594,3960421.3981,30572.6235
2026-04-11T00:28:59,4713530.9434,1387509.4002,3864236.3499,30572.606
2026-04-11T02:00:37,4676263.7925,1374271.5776,3856953.4794,30572.606
2026-04-11T03:08:30,4666092.3026,1370619.3532,3870274.9181,30572.606
2026-04-11T04:41:31,4650014.061,1376665.5747,3886558.8384,49555.606
2026-04-11T05:39:13,4618788.8538,1367257.7308,3917764.8019,49198.606
2026-04-11T06:33:01,4613605.5509,1359835.1421,3906583.8255,48984.606
2026-04-11T07:29:49,4680046.8733,1422634.123,3900420.033,48341.606
2026-04-11T08:54:14,5022793.3942,1629814.1991,4501491.351,47550.883499999996
2026-04-11T09:56:28,5167674.1829,1674440.1045,4546072.8564,45850.883499999996
2026-04-11T10:36:27,5203793.4941,1676773.6756,4510655.9694,52499.883499999996
2026-04-11T11:32:41,5186226.0553,1634425.1568,4590974.7437,47936.883499999996
2026-04-11T12:35:28,5342026.897,1631819.6508,4624703.9828,32541.8835
2026-04-11T13:30:39,5338007.847,1563967.4106,4700446.2138,30506.8835
2026-04-11T14:42:04,5324071.2342,1574057.6674,4676930.3249,28146.866
2026-04-11T15:35:04,5263673.5428,1562709.309,4592115.7357,26972.866
2026-04-11T16:31:32,5361922.5932,1539422.3385,4611134.7592,59742.866
2026-04-11T17:31:49,5348475.7772,1536048.5563,4560229.0325,55724.866
2026-04-11T18:30:46,5334898.2278,1545666.2193,4540850.2173999995,52520.866
2026-04-11T19:33:00,5204508.0489,1482650.1947,4469810.5064,83934.26
2026-04-11T22:15:07,5167298.7049,1404296.7156,4416183.0655,73251.2775
2026-04-12T01:23:19,5163650.5323,1376853.7017,4674156.6558,27586.2775
2026-04-12T03:12:32,5152755.8289,1364527.3894,4630055.1014,26720.8835
2026-04-12T04:45:35,5130394.9084,1323977.9906,4635078.7674,27120.8835
2026-04-12T05:44:59,5090527.6886,1315335.3984,4641883.4714,27120.8835
2026-04-12T06:38:27,5116782.8944,1387219.6336,4712813.3708,61753.883499999996
2026-04-12T07:34:24,5272356.9535,1431038.1296,4744185.8267,53751.883499999996
2026-04-12T08:57:44,5500156.3879,1573615.1996,4969123.4963,108305.5655
2026-04-12T10:00:55,5378998.6521,1497020.8984,4842988.6271,104910.5655
2026-04-12T10:47:06,5246322.372,1444634.3772,4757262.4584,99938.5655
2026-04-12T11:35:37,5097721.2039,1390660.8281,4634116.3386,97985.5655
2026-04-12T12:37:15,4949284.2111,1330324.0021,4472779.2467,94571.5655
2026-04-12T13:34:27,4948902.2312,1279876.8494,4322002.4608000005,91531.5655
2026-04-12T14:45:02,4794720.7862,1224343.7083,4152124.6085,88286.5655
2026-04-12T15:39:47,4706022.2963,1176339.7141,4025549.5381,85815.5655
2026-04-12T16:34:46,4620772.6671,1123464.3892,3879246.4459,85318.5655
2026-04-12T17:34:03,4532999.8427,1069451.2832,3732226.4395,83620.5655
2026-04-12T18:32:39,4452372.8525,1012531.8244,3598443.7766,83620.5655
2026-04-12T19:34:00,4311913.3583,955828.2411,3458791.1675,83102.5655
2026-04-12T22:28:04,4123823.7105,835226.9117,3194201.7770000002,80454.5655
2026-04-13T01:40:18,4101261.3394,850103.5911,3173966.1703,76278.5655
2026-04-13T04:00:36,4060941.9707,846501.7951,3151337.7993,75488.5655
2026-04-13T06:01:12,4016997.9116,839559.8504,3170119.4148,73861.5655
2026-04-13T07:22:27,3949876.3886,766289.086,3165118.4792,68467.5655
2026-04-13T09:23:07,4355190.8365,784421.8896999999,3524104.5942,7849.8835
2026-04-13T11:15:58,4512505.5179,886981.9151,3591221.9935,7849.8835
2026-04-13T13:04:22,4409330.8819,939561.6091,3645547.0029,7849.8835
2026-04-13T14:14:30,4368102.9505,939892.5894,3668655.0706,7849.8835
2026-04-13T16:07:00,4505301.3298,983933.4696,3481105.7159,17302.8835
2026-04-13T17:46:35,4531896.067,1062767.2882,3459532.0624,40044.6235
2026-04-13T18:42:09,4488315.0934,1055891.4612,3488439.0298,34394.6235
2026-04-13T19:42:11,4338253.779,1027737.4585,3351284.5728,28419.6235
2026-04-13T22:14:19,4083294.3365,963432.9352,3119417.6503,346.0
2026-04-14T01:23:06,4130677.3422,943020.975,3041980.9194,
2026-04-14T03:29:43,4170251.0108,935457.3988,3058032.4532,
2026-04-14T05:17:16,4132957.4051,934501.8324,3105148.8507,34782.0
2026-04-14T07:03:59,4206248.1032,942279.8674,3107716.3009,33687.0
2026-04-14T08:06:03,4225699.3654000005,899359.5803,3264755.1255,34600.2775
2026-04-14T10:51:02,4821422.2766,1076791.6222,4025286.6438,29508.8835
2026-04-14T12:08:12,4775662.2917,1136456.2292,4092241.2869,24907.8835
2026-04-14T14:04:15,4686417.0486,1141600.4929,4020133.023,22496.8835
2026-04-14T16:05:42,4789686.4427000005,1078492.4408,3993245.3086,17978.8835
2026-04-14T17:51:55,4758587.7024,1209273.4264,4053879.2738,29561.8835
2026-04-14T18:44:08,4733659.9503,1198121.3673,4023098.8951,24725.8835
2026-04-14T19:44:09,4471920.9037,1171327.3307,3874658.8514,17558.0175
2026-04-14T22:11:20,4335244.4208,1123417.8308,3759118.9797,23128.0175
2026-04-15T01:23:22,4279070.7628,1154900.0015,3766407.8466,19235.0175
2026-04-15T03:29:09,4246039.9869,1147125.8802,3765978.1551,18286.0175
2026-04-15T05:18:00,4204699.5442,1138210.9473,3725681.7471,18286.0175
2026-04-15T06:59:42,4213379.2839,1109350.4649,3736970.3129,420.0175
2026-04-15T07:59:01,4271943.5129,1151177.5436,3704308.7958,18109.8835
2026-04-15T09:22:14,5016130.9331,1219394.2009,4132932.3998,12716.8835
2026-04-15T11:06:43,4866288.7191,1223045.9853,4239855.0678,16195.8835
2026-04-15T13:02:24,4826439.1456,1155152.4556,4325815.7498,3464.8835
2026-04-15T14:12:00,4793369.2324,1134046.1254,4208873.4835,1832.8835
2026-04-15T16:03:25,4670127.3152,1150319.1596,4150582.3672,2335.8835
2026-04-15T17:52:51,4678608.8994,1228074.5001,4310806.3983000005,1602.2775
2026-04-15T18:40:56,4638714.4568,1226924.9479,4176908.8485,1602.2775
2026-04-15T19:41:25,4488352.3998,1186313.1334,4099061.4436,1602.2775
2026-04-15T22:27:21,4162691.7936,1086685.5923,3785289.8549,1602.2775
2026-04-16T01:30:42,4221989.6238,1076842.4413,3964544.1276,7725.2775
2026-04-16T03:30:22,4240859.8227,1085378.2754,3934631.5024,1602.2775
2026-04-16T05:17:58,4226216.8613,1079734.7094999999,3960725.3306,1602.2775
2026-04-16T07:03:04,4277169.3678,1092507.8251,3956834.9649,420.0175
2026-04-16T08:06:33,4394539.3045,1117520.5776,3969605.9124,420.0175
2026-04-16T10:54:55,4912914.8425,1224069.8405,4437107.1652,650.6235
2026-04-16T12:22:56,4925902.8024,1219546.2926999999,4655415.2531,650.6235
2026-04-16T14:08:59,4702689.3628,1170149.6499,4521126.1791,650.6235
2026-04-16T16:00:42,4565189.6549,1273776.3371000001,4279024.7852,650.6235
2026-04-16T16:56:01,4560400.2855,1274798.587,4139204.0923,650.6235
2026-04-16T17:42:15,4522474.3161,1309890.3037,4074521.202,650.6235
2026-04-16T18:39:23,4580507.6022,1365164.6913,3994907.4706,650.6235
2026-04-16T19:40:45,4326503.3698,1345856.8527,3837865.1483,650.6235
2026-04-16T22:15:04,3971713.5453,1277717.7435,3688095.2209,650.6235
2026-04-17T01:27:37,3830866.6502,1315478.1347999999,3646903.6829,650.6235
2026-04-17T03:30:44,3812936.1143,1303548.931,3644706.519,650.6235
2026-04-17T05:17:05,3759452.6481,1301457.0864,3657829.5165,650.6235
2026-04-17T06:54:31,3782638.7668,1295138.6069,3670887.7618,650.6235
2026-04-17T07:52:04,3894677.1991,1284439.6846,3807191.2504,1832.8835
2026-04-17T09:15:39,4351535.1914,1358454.6505,4143638.8213,2383.8835
2026-04-17T10:55:22,4167405.671,1437606.204,4155596.721,2383.8835
2026-04-17T12:00:54,4283682.4177,1428865.028,4108396.6202000002,2383.8835
2026-04-17T12:58:36,4311294.4762,1470192.1772,4118959.7913,2383.8835
2026-04-17T13:50:07,4253044.7539,1404425.5853,4001725.0417,2383.8835
2026-04-17T14:58:31,4285936.1098,1430216.3292,4134397.7212,27183.8835
2026-04-17T16:00:01,4261385.7121,1403746.083,4205226.706,26611.8835
2026-04-17T16:49:23,4218488.0452,1456444.7469,4174320.4708,23525.8835
2026-04-17T17:42:14,4273776.9538,1513779.9305,4162342.703,39851.883499999996
2026-04-17T18:37:56,4205389.5372,1558910.3543,4123349.7954,36712.883499999996
2026-04-17T19:38:33,4217416.0915,1536232.5532,3933527.9116,20029.8835
2026-04-17T22:06:29,3791056.8582,1386445.3355,3655766.0139,7468.6235
2026-04-18T01:06:52,3690525.2314,1365469.9289,3584054.8009,1201.6235
2026-04-18T03:05:19,3658901.1928,1348917.9231,3513141.9337,1201.6235
2026-04-18T04:45:43,3613447.8783,1353119.5519,3576155.0327,1385.6235
2026-04-18T05:46:30,3555698.4271,1343043.541,3537279.685,1201.6235
2026-04-18T06:39:28,3561714.6154,1332889.2706,3478781.7851,1201.6235
2026-04-18T07:34:39,3747859.5159,1392207.2013,3478476.1826,1201.606
2026-04-18T08:58:56,4415206.0648,1430199.118,3968358.591,1412.8835
2026-04-18T10:03:04,4487899.1075,1432993.7201999999,4075871.915,1412.8835
2026-04-18T10:54:19,4520437.2897,1434112.1216,4306137.7893,1412.8835
2026-04-18T11:37:05,4633368.4657,1417399.8544,4420825.4379,1412.8835
2026-04-18T12:38:45,4529754.2127,1407134.2373,4500013.052,1412.8835
2026-04-18T13:36:37,4548291.3148,1393905.2789,4680278.2271,1412.8835
2026-04-18T14:45:29,4552567.2031,1353482.9663,4512843.5752,1412.8835
2026-04-18T15:41:14,4475004.2879,1350588.1431,4412312.8855,31212.8835
2026-04-18T16:35:20,4350489.2759,1370862.2889,4299833.6175,31212.8835
2026-04-18T17:34:44,4171471.6002,1361753.374,4336699.7931,31212.8835
2026-04-18T18:33:44,4102892.997,1337736.6273,4235304.1416,31212.8835
2026-04-18T19:33:48,4053730.1456999998,1305507.5464,4060398.5954,31212.8835
2026-04-18T22:27:56,4059980.7131,1204630.3166,4070599.6585,31212.8835
2026-04-19T01:28:29,4271038.4794,1292980.2133,4206572.9384,41182.883499999996
2026-04-19T03:17:03,4311664.1098,1296206.4025,4369722.8847,41182.883499999996
2026-04-19T04:53:26,4311662.7578,1308159.7572,4365244.9195,41182.883499999996
2026-04-19T05:46:02,4314995.2825,1305275.3771,4377723.1459,41182.883499999996
2026-04-19T06:38:17,4307721.7822,1349551.4257,4481723.6341,41602.883499999996
2026-04-19T07:35:29,4373775.8067,1398865.4036,4689931.7056,41602.883499999996
2026-04-19T08:57:50,4539299.8124,1546020.3048999999,4803896.0372,41602.883499999996
2026-04-19T10:01:40,4513147.5354,1520630.0837,4769072.1519,41602.883499999996
2026-04-19T10:51:02,4445292.9983,1500553.7921,4651109.4394,41602.883499999996
2026-04-19T11:37:17,4378520.4561,1480964.3492,4554926.2706,41602.883499999996
2026-04-19T12:38:52,4422233.863,1458229.5852,4442848.3001,41602.883499999996
2026-04-19T13:35:26,4345040.3767,1439912.4157,4331707.865,41602.883499999996
2026-04-19T14:45:50,4246244.986,1419428.007,4226902.3508,41602.883499999996
2026-04-19T15:41:29,4180124.6225,1401636.2065,4175236.5163,41602.883499999996
2026-04-19T16:36:29,4109541.3958,1381443.2933,4083475.6004,41602.883499999996
2026-04-19T17:34:47,4072593.0072,1348309.0714,4024056.7732,41602.883499999996
2026-04-19T18:34:11,3948077.7728,1292225.0829,3948357.8097,41602.883499999996
2026-04-19T19:36:22,3788152.5945,1222245.1007,3812191.4261,41602.883499999996
2026-04-19T22:28:16,3506464.5959,1097207.2209,3567739.4373,28904.8835
2026-04-20T01:40:19,3460335.679,1042885.5571,3499007.9422,1832.8835
2026-04-20T04:04:58,3442430.2873,1026965.4412,3537572.2967,15336.8835
2026-04-20T06:47:40,3359574.0397,1000705.4433,3545500.8892,8553.8835
2026-04-20T08:03:59,3283353.5713,1007246.2562,3491089.9976,7785.8835
2026-04-20T10:48:43,3620149.1506,970344.7825,3511496.8154,36385.883499999996
2026-04-20T12:08:25,3695283.523,1003108.4904,3661519.5709,66661.8835
2026-04-20T13:57:16,3566095.2954,1014619.5411,3551109.9711,61711.883499999996
2026-04-20T15:02:48,3669976.1167,991967.9351,3606069.4965,56739.883499999996
2026-04-20T16:06:23,3705925.2846,1037487.9714,3489147.6005,16750.8835
2026-04-20T17:45:43,3530289.2869,1011965.0162,3523694.8719,11484.8835
2026-04-20T18:42:49,3579822.6699,1145172.351,3599311.1047,8493.8835
2026-04-20T19:42:15,3568330.7034,1099644.0458,3669305.957,5181.8835
2026-04-21T01:26:41,3191941.2007,1039443.2722,3596693.0715,650.6235
2026-04-21T03:47:07,3090888.3438,1037657.0714,3589818.9453,35450.6235
2026-04-21T05:24:45,3051276.8639,1029358.3099,3610983.9323,31967.6235
2026-04-21T07:05:59,3326141.7864,1010046.1464,3613845.2488,25097.6235
2026-04-21T09:22:02,3648086.6736,1106692.3752,4096640.9031,19102.8835
2026-04-21T11:13:59,3578989.5648,1113292.4243,3960970.9367,10736.8835
2026-04-21T12:59:28,3403269.7139,1132640.1617,3799564.1322,5298.8835
2026-04-21T14:02:16,3223951.7363,1075945.3898,3760779.8425,1832.8835
2026-04-21T15:23:18,3136564.4973,1079231.1531,3908247.565,1832.8835
2026-04-21T16:51:11,2984996.259,1142703.3814,3891268.0871,1832.8835
2026-04-21T17:44:05,2964542.079,1154514.3167,3836397.9031,1832.8835
2026-04-21T18:38:09,2975540.8111,1243285.9739,3792232.8832,1832.8835
2026-04-21T19:34:50,2921415.1909,1213501.539,3647724.5677,1832.8835
2026-04-21T22:14:02,2642433.0889,1100420.2528,3388498.8449,1602.2775
2026-04-22T01:25:17,2657650.1917,1135899.1147,3401702.6547,5834.8075
2026-04-22T03:30:39,2651631.0651,1145669.2331,3419383.1255,1182.2775
2026-04-22T05:19:39,2607125.2269,1143264.1017,3422103.5859,41742.0099
2026-04-22T07:04:43,2600996.5041,1153679.5974,3489901.2188,41742.0099
2026-04-22T09:23:03,2835561.0177,1266471.4806000001,3962421.6839,42492.615900000004
2026-04-22T11:13:16,2900169.7387,1223509.2985,3776664.8785,47145.1459
2026-04-22T12:58:05,2732417.739,1259409.2223,3817581.8639,78981.1459
2026-04-22T14:01:23,2749483.8773,1247137.5539,3735755.7911,74901.1459
2026-04-22T15:24:03,2830141.0436,1243521.7676,3727108.3071,70557.1459
2026-04-22T16:54:27,2793484.56,1229697.796,3766142.5602,66623.1459
2026-04-22T17:50:50,2804033.3316,1319850.5452,3724417.2911,63452.5399
2026-04-22T18:45:59,2920591.7944,1351096.5779,3644282.3723,60962.1459
2026-04-22T19:44:50,2793143.7233,1325412.0777,3529510.2379,58596.1459
2026-04-22T22:26:19,2510919.0124,1233534.4907,3327567.3761,50123.1459
2026-04-23T01:29:26,2598468.7621,1235105.1967,3416743.0252,47145.1459
2026-04-23T03:48:38,2518372.3789,1223614.2475,3405206.46,47145.1459
2026-04-23T05:26:37,2493558.8255000003,1213799.3508000001,3372057.6408,6585.4135
2026-04-23T07:07:16,2504311.4228,1213491.3505,3448691.58,1932.8835
2026-04-23T09:24:21,2645642.939,1352562.6199,4124822.3987,1832.8835
2026-04-23T11:52:26,2804078.4719,1332240.2546,4151586.1802,1832.8835
2026-04-23T13:20:40,2730752.6647,1297818.1354,4046389.4902,1832.8835
2026-04-23T15:06:19,2597638.2179,1276614.1855,3977649.8174,25450.6235
2026-04-23T17:44:52,2634836.1314,1456911.7391,3691739.9314,16843.606
2026-04-23T18:42:47,2626414.8197,1439119.9143,3698236.7935,13754.606
2026-04-23T19:45:08,2575398.4383,1387813.686,3526988.6355,10954.606
2026-04-23T22:27:07,2483282.6109,1258855.3197,3248434.7687,1575.606
2026-04-24T01:34:41,2422868.7484,1294909.8742,3382938.2081999998,650.606
2026-04-24T04:01:02,2443043.6113,1284771.1974,3371229.6935,16334.606
2026-04-24T05:50:30,2637234.5102,1308902.3503,3326904.9123,10450.606
2026-04-24T07:06:16,2576412.3483,1302518.9844,3271530.0246,48651.606
2026-04-24T09:19:40,3070824.4482,1407893.8874000001,3823846.4663,86082.7255
2026-04-24T11:07:57,3019524.1992,1411971.0822,3940950.0433,76927.46549999999
2026-04-24T12:54:50,3087541.6267,1413055.2017,3980545.2796,71379.46549999999
2026-04-24T13:49:30,2992945.4288,1364890.3746,3918481.3344,68726.46549999999
2026-04-24T14:46:24,2897969.0671,1348708.7356,3872181.4529,76859.46549999999
2026-04-24T15:53:50,2731408.2376,1455861.05,3765372.2343,56159.4655
2026-04-24T16:45:01,2793165.7184,1459940.3149,3645961.8691,60497.4655
2026-04-24T17:45:53,2839708.3032,1682962.0586,3452452.3283,55461.4655
2026-04-24T18:38:35,2800163.9289,1736156.9612,3357669.5666,53834.4655
2026-04-24T19:39:22,2686912.4667,1666394.7651,3219145.6866,50324.4655
2026-04-24T22:08:32,2544194.2518,1559683.4038,3105703.0441,47938.4655
2026-04-25T01:11:17,2522150.5397,1577082.4491,3145117.3482,79853.46549999999
2026-04-25T03:13:07,2485703.7533,1589275.9331,3104509.1317,74244.46549999999
2026-04-25T04:51:24,2489818.8508,1577790.5652,3109679.5965,73121.46549999999
2026-04-25T05:52:11,2456386.8157,1568762.7236,3076405.8254,47518.4655
2026-04-25T06:42:35,2510547.483,1552330.3671,3127010.1949,48700.7255
2026-04-25T07:38:36,2708655.195,1640030.6568,3166514.2931,49120.7255
2026-04-25T09:00:02,3487134.7417,1690009.9836,3668827.0223,16578.6235
2026-04-25T10:05:57,3432854.3774,1656394.8476,3651215.9145,11722.6235
2026-04-25T11:39:23,3477663.8976,1659040.09,3673269.4714,9141.6235
2026-04-25T12:40:04,3415682.007,1664897.7382,3767360.4333,5652.6235
2026-04-25T13:37:15,3318157.7575,1615730.126,3873124.2958,37092.6235
2026-04-25T14:48:16,3421128.9211,1588969.0371,3817816.4945,32585.6235
2026-04-25T15:43:50,3302241.025,1580653.6513,3702973.957,31949.6235
2026-04-25T16:37:32,3292083.4305,1560638.5645,3820748.7038000003,29213.6235
2026-04-25T17:35:55,3157743.0241,1510163.1941,3844767.6145,27807.0175
2026-04-25T18:35:47,3044919.3046,1506213.8295,3817590.6723,45167.0175
2026-04-25T19:36:53,3088918.7573,1451418.3795,3797152.4921,39254.0175
2026-04-25T22:31:13,2961318.6839,1385364.2481,3611080.9475,10296.0175
2026-04-26T01:38:44,3075271.1713,1435853.2693,3711184.4088,0.0175
2026-04-26T03:26:53,3119453.8934,1479628.6983999999,3786339.129,33212.6235
2026-04-26T04:59:19,3109974.635,1488585.4901,3825085.0237,31585.6235
2026-04-26T05:56:35,3172381.2237,1502167.3104,3786449.8769,29899.6235
2026-04-26T06:44:26,3152656.545,1563905.2304,3916493.1071,28205.6235
2026-04-26T07:39:11,3325570.6439,1602209.5636,4023464.8213,23603.6235
2026-04-26T09:02:23,4087947.7029,1582413.2252,4584365.4671,38024.6235
2026-04-26T10:09:04,3876700.4231,1491212.1601,4393476.3111,36104.6235
2026-04-26T11:41:27,3613913.2806,1399697.986,4195567.4698,35806.6235
2026-04-26T12:41:24,3481204.3634,1322884.359,4060263.276,53001.6235
2026-04-26T13:38:05,3352242.0025,1260664.1004,3951223.6963,51562.6235
2026-04-26T14:51:11,3214588.3478,1183166.5406,3799742.3949,50824.6235
2026-04-26T15:45:40,3167452.9431,1124584.746,3665832.4981,47212.6235
2026-04-26T16:37:38,3144380.3056,1068063.8619,3588278.8117,43276.6235
2026-04-26T17:37:19,3153645.2745,1002324.9967,3452898.7636,39668.6235
2026-04-26T18:37:00,3084740.758,939231.4386,3333944.5794,35073.6235
2026-04-26T19:38:18,2999485.9415,882479.073,3248929.036,22917.6235
2026-04-26T22:32:49,2879053.5695,808394.1804,2994053.1247,20055.6235
2026-04-27T01:53:30,2751561.2847,778020.0754,2922959.5033,18650.6235
2026-04-27T04:20:23,2717657.5765,771438.6237,2913498.298,18650.6235
2026-04-27T07:03:29,2648480.3427,741144.3621,2852527.7842,19832.8835
2026-04-27T08:25:01,2976478.1252,663352.9236,2964917.7358,19832.8835
2026-04-27T11:08:53,3199523.3506,760357.9342,3066633.2939,2288.8835
2026-04-27T13:21:56,3389383.2003,958687.3285,3349734.6738,2288.8835
2026-04-27T15:17:27,3377094.2863,1000049.4679,3358623.7519,35179.6235
2026-04-27T17:02:18,3417628.3715,968223.6025,3462890.4384,51331.6235
2026-04-27T17:59:30,3514196.1294,1013298.6785,3429581.9995,46794.6235
2026-04-27T18:56:39,3469356.7467,1009297.4373,3493529.3667,41432.6235
2026-04-27T19:53:36,3377530.758,991719.0569,3448495.2263,35217.6235
2026-04-27T22:40:39,2978790.3681,866969.1374,3268780.5623,41359.6235
2026-04-28T01:58:57,2878469.876,873835.3098,3263439.3802,34553.6235
2026-04-28T04:26:09,2876166.557,866404.8341,3266336.8765,26959.6235
2026-04-28T07:05:12,3113506.3726,882522.3352,3276842.865,26764.8835
2026-04-28T12:09:59,3803670.7555,1071219.7417,3964799.9018,9034.8835
2026-04-28T14:17:56,3583069.778,1049575.8994,3954646.7246,21996.6235
2026-04-28T16:15:24,3601476.5049,1156274.7552,4141421.4568,13514.6235
2026-04-28T17:56:44,3602773.9939,1211960.3471,4182519.6104,28394.6235
2026-04-28T18:57:34,3533069.9715,1227556.6983,4014592.8301,22914.6235
2026-04-28T19:55:15,3422836.3358,1219084.0473,4012681.0699,22309.6235
2026-04-28T22:40:22,3219041.0107,1198510.352,3824859.5048,9654.6235
2026-04-29T01:56:44,3250433.7002,1224450.1983999999,3812171.5286,3661.6235
2026-04-29T04:13:27,3217600.1516,1214967.6932,3792926.6739,1688.6235
2026-04-29T06:56:45,3450611.2429,1252593.2065,3730029.3876,2870.8835
2026-04-29T08:17:37,3597782.7476,1224656.2618,3843053.6509,1832.8835
2026-04-29T11:12:34,3834669.6343,1205055.7974,4153730.6984,650.6235
2026-04-29T13:27:13,3657717.2166,1172886.6477,4137341.8292,650.6235
2026-04-29T15:22:57,3875072.3727,1214757.4293,4078834.534,33819.6235
2026-04-29T17:03:11,3856388.0739,1235149.1727,4041751.4408,28391.6235
2026-04-29T18:10:33,3718383.3079,1291297.2737,4079116.1974,23635.0175
2026-04-29T19:54:45,3739793.6503,1291965.7739,3941105.9177,19586.6235
2026-04-29T22:41:44,3520450.2154,1170689.0944,3625395.0004,32229.6235
2026-04-30T01:59:19,3480392.7648,1206867.9086,3561364.4455,14347.6235
2026-04-30T04:18:21,3397038.7925,1209714.9912,3544132.268,10419.6235
2026-04-30T06:54:45,3297681.6447,1188528.0872,3558104.0525,30960.0175
2026-04-30T08:15:42,3388350.2744,1184121.0035,3610745.9884,32065.2775
2026-04-30T11:09:13,3870434.5504,1101969.5014,3049722.6966,50574.883499999996
2026-04-30T13:19:24,4046230.4254,1295316.487,3967628.5947,55034.883499999996
2026-04-30T15:18:36,4184626.0796,1321115.6729,4022736.316,47942.883499999996
2026-04-30T17:00:26,4068393.3003000002,1325923.1398,4134906.4227,58341.883499999996
2026-04-30T17:58:17,4016449.4078,1317551.1818,4255999.9451,53245.883499999996
2026-04-30T18:53:49,4055955.5185,1330254.626,4158704.1658,34275.883499999996
2026-04-30T19:53:14,4033575.0826,1276407.3204,4217751.0016,22412.8835
2026-04-30T22:47:30,3753855.151,1262215.1169,4259319.2271,27412.8835
2026-05-01T02:16:13,3821303.4336,1323897.4492,4339137.696,33514.883499999996
2026-05-01T05:00:30,3762790.8795,1339293.8777,4332079.0485000005,32656.8835
2026-05-01T06:26:59,3715943.2363,1327501.9575,4329785.2912,32556.8835
2026-05-01T07:59:27,3896208.4941,1467911.9452,4445316.4953,27556.8835
2026-05-01T09:21:33,4250996.0724,1442191.2747,4733811.5628,26624.8835
2026-05-01T10:55:03,4053133.2042,1331149.5169,4496596.0955,26157.8835
2026-05-01T11:57:58,4021313.6727,1270509.9429,4451207.8734,25946.8835
2026-05-01T12:57:53,3917517.6041,1198358.3674,4413854.4847,24171.6235
2026-05-01T13:59:59,3783916.1852,1193209.6247,4323207.6043,23985.6235
2026-05-01T15:15:44,3666398.8157,1119219.2677,4234187.7352,23291.6235
2026-05-01T16:51:07,3573163.8276,1048482.0171,3991706.7821,21650.6235
2026-05-01T17:53:53,3472510.3765000002,990384.1662,3827155.256,21650.6235
2026-05-01T18:48:38,3358660.1053,955522.5081,3671942.2445,21650.6235
2026-05-01T19:51:06,3305072.5601,928304.692,3634451.4003,21650.6235
2026-05-01T22:30:17,3193748.5337,933426.5572,3469124.0768,21650.6235
2026-05-02T01:36:39,3157998.7975,922738.3277,3417981.4289,22087.0465
2026-05-02T03:30:15,3152887.5079,932854.538,3472419.3712,22087.0465
2026-05-02T05:05:07,3134907.3788,927635.6071,3458825.0418000002,22087.0465
2026-05-02T06:50:07,3082341.7953,947256.3017,3514839.2716,22087.0465
2026-05-02T07:44:39,2977126.2133,977501.5279,3488151.9707,22087.0465
2026-05-02T09:06:07,3203795.8833,1087514.9424,3614582.43,45016.3065
2026-05-02T10:45:00,3650697.7618,1138631.5476,3707196.3815,74057.3065
2026-05-02T11:45:00,3709071.9379,1133989.4422,3812719.4055,91569.3065
2026-05-02T12:44:20,3674173.6951,1128825.7745,3906802.421,86532.3065
2026-05-02T13:43:23,3738374.7742,1126538.7477,4019573.9067,81568.3065
2026-05-02T14:57:10,3655976.9429,1108149.6971,3863914.3686,75046.3065
2026-05-02T15:55:23,3616652.4717,1116627.2526,3852264.9554,71677.3065
2026-05-02T16:40:45,3576452.3037,1065101.461,3833072.2688,68111.3065
2026-05-02T17:39:55,3579142.0306,1036550.393,3787409.3803,65020.7005
2026-05-02T18:39:46,3576129.7512,1060167.6195,3731375.0067,61811.7005
2026-05-02T19:42:11,3460056.5429000002,1000259.9348,3730812.0253,60066.7005
2026-05-02T22:39:24,3397301.3715,989859.6461,3659289.8971,57848.7005
2026-05-03T01:58:28,3492661.4834000003,1124346.1256,3572100.0416,44349.2775
2026-05-03T04:00:36,3490272.7227,1122849.0222,3499604.4878,44579.883499999996
2026-05-03T05:25:55,3456498.629,1119418.2468,3484076.9504,44579.883499999996
2026-05-03T06:54:47,3519496.5437,1219830.2005,3581361.1721,44579.883499999996
2026-05-03T07:41:51,3517402.6793,1245159.3163,3647568.8396,44579.883499999996
2026-05-03T09:04:57,3918719.9306,1266643.5699,3979066.8616,19332.8835
2026-05-03T10:47:20,3682867.0175,1142831.7098,3741295.7793,19332.8835
2026-05-03T11:45:37,3500391.7882,1087598.5988,3610635.7776,19332.8835
2026-05-03T12:46:44,3361788.2007,1014360.3467999999,3479214.4975,19332.8835
2026-05-03T13:45:43,3237997.8298,951912.5373,3339151.7478,19332.8835
2026-05-03T14:57:44,3098324.5411,877655.1969,3223141.592,19332.8835
2026-05-03T15:55:45,2991668.3733,823579.8429,3097001.6191000002,19332.8835
2026-05-03T16:41:41,2917179.0696,784649.9122,2985843.2638,19332.8835
2026-05-03T17:40:57,2849655.0654,735493.5409,2868166.4234,19332.8835
2026-05-03T18:39:41,2761428.0571,688307.0313,2748209.994,19332.8835
2026-05-03T19:43:21,2672381.0712,641977.9791,2618419.0857,19332.8835
2026-05-03T22:38:00,2545973.0187,571949.906,2350676.5693,19332.8835
2026-05-04T02:11:52,2529627.3972,591135.4035,2331866.0566,19332.8835
2026-05-04T05:17:28,2484842.0696,588225.0038,2279859.1546,19332.8835
2026-05-04T07:48:09,2520444.4596,566110.5085,2399635.2711,19332.8835
2026-05-04T09:54:07,2899262.8646,529380.4692,2954500.8087,1832.8835
2026-05-04T12:03:05,3133558.5287,719466.6239,3160657.1121,1832.8835
2026-05-04T13:48:51,2872173.3095,755503.443,3071884.9639,1832.8835
2026-05-04T15:27:57,2972022.6482,733286.3851,3047022.7196,28589.2775
2026-05-04T17:08:16,3174875.5902,764857.7339,3178119.7235,30216.8835
2026-05-04T18:57:34,3086477.9359999998,748574.1497,3046394.424,24612.8835
2026-05-04T19:55:25,2912161.0909,748316.6008,3010223.0021,21099.8835
2026-05-04T22:31:39,2636183.4554,701529.7047,2775726.5783,31055.6235
2026-05-05T01:42:48,2656651.4942,693983.4053,2703439.83,650.6235
2026-05-05T04:06:59,2686426.6296,726397.1213,2622876.333,18351.6235
2026-05-05T06:47:04,2785686.729,743598.0417,2669294.0437,14025.6235
2026-05-05T08:00:30,2821338.2975,851716.542,2708099.148,15207.8835
2026-05-05T12:24:32,2890713.3024,945472.5311,2980987.8406,10926.8835
2026-05-05T14:10:06,2858805.36,939335.9511000001,2997986.5915,10460.8835
2026-05-05T16:07:34,2853492.9674,965927.6992,3012648.5544,8865.8835
2026-05-05T18:01:01,2809900.052,985703.3704,3054960.8796,7364.866
2026-05-05T19:00:54,2859207.1991,972662.0002,3183839.3058,6247.866
2026-05-05T19:54:46,2915244.6306,986511.6209,3231187.3807,6247.866
2026-05-05T22:35:47,2702970.228,911892.4837,2937737.9193,16046.8835
2026-05-06T01:56:48,2551729.8431,901502.7481,2880550.1012,18784.6235
2026-05-06T07:06:51,2710302.4084,920904.3442,2776363.2549,6247.8835
2026-05-06T10:04:58,3237897.2898,1097529.2241,3268430.7009,1412.8835
2026-05-06T12:28:20,3148144.2455,1155958.6898,3542377.436,1412.8835
2026-05-06T14:15:51,3121659.3676,1132736.19,3605813.8484,1412.8835
2026-05-06T16:23:08,3225245.0995,1166480.6461,3628549.0791,1412.8835
2026-05-06T17:57:52,3021578.4279,1152532.1379,3520910.7076,1412.8835
2026-05-06T18:52:47,3056786.4202,1152828.86,3424732.1581,1412.8835
2026-05-06T19:48:54,2998748.6409,1100532.1719,3301373.8893,1412.8835
2026-05-06T22:37:41,2823051.4614,1039930.3286,3106592.5673,1182.2775
2026-05-07T02:01:42,2846255.6151,1069437.7799,3082224.3526,25288.2775
2026-05-07T04:44:08,2771182.8613,1075780.9724,3083336.0194,21619.2775
2026-05-07T07:09:59,2759212.121,1089197.0735,3093393.7021,20003.2775
2026-05-07T10:02:13,3353554.2175,1210599.0771,3793259.8058,15959.8835
2026-05-07T12:11:03,3308972.5329,1175627.3167,4056469.8693,30774.6235
2026-05-07T14:23:33,3138491.4028,1150656.4883,4169135.9071,20474.6235
2026-05-07T16:14:04,3180767.8703,1068766.5315,4219310.2984,650.6235
2026-05-07T17:57:10,3214010.9726,1085880.277,4095192.9488,650.6235
2026-05-07T19:01:29,3221821.1649,1173343.2325,4079992.2076,35450.6235
2026-05-07T19:59:38,3176815.255,1188084.4133,3983732.9977,33404.6235
2026-05-07T22:58:57,2934162.9193,1101238.3582,3815470.5652,25754.6235
2026-05-08T01:31:57,2978031.5667,1107956.5347,3819531.6817,22608.6235
2026-05-08T03:28:18,2997829.1774999998,1111557.241,3854876.4706,22608.6235
2026-05-08T05:18:00,3012147.1127,1110234.312,3848813.6819,22057.6235
2026-05-08T07:13:44,2983396.5916,1128999.7343,3739810.1011,21593.6235
2026-05-08T09:27:54,3696476.6557,1242616.181,4426214.3566,32071.2775
2026-05-08T11:21:48,3823597.6148,1233462.1196,4416632.3329,24643.866
2026-05-08T13:15:19,3565586.5229,1153543.392,4350111.0073,14964.866
2026-05-08T15:15:04,3486254.1755,1140156.5218,4458875.7753,10186.606
2026-05-08T16:59:22,3448608.4279,1217563.0402,4390925.8204,650.8123
2026-05-08T18:00:55,3522689.2933,1222826.6246,4376784.4855,650.8123
2026-05-08T19:01:30,3587499.2946,1261927.783,4408403.4640999995,45837.8123
2026-05-08T20:03:02,3629018.2388999998,1221901.4033000001,4392836.3139,29037.8123
2026-05-08T23:49:19,3632447.5744,1129436.3043,4227461.7636,19815.7948
2026-05-09T02:15:06,3576298.6264,1146300.0456,4224402.4978,23045.7948
2026-05-09T04:27:52,3547871.7032,1138243.5178,4281372.3629,31347.606
2026-05-09T06:05:45,3572639.9177,1152929.032,4284206.52,25091.606
2026-05-09T07:50:45,3783365.1071,1212399.5854,4199825.019,40425.966
2026-05-09T09:12:24,4432691.5457,1421459.895,4262716.8157,34647.9835
2026-05-09T10:49:58,4437598.4452,1387202.0195,4281173.3986,22163.7235
2026-05-09T11:51:26,4377787.2634,1399644.0332,4467730.5483,20866.7235
2026-05-09T12:54:15,4309317.6861,1411273.1247,4568051.5416,20866.7235
2026-05-09T13:48:48,4287243.337,1377092.5734,4557884.1638,20866.7235
2026-05-09T14:58:32,4331634.8466,1377669.7841,4458547.6381,20792.7235
2026-05-09T15:59:01,4256056.0739,1404792.0524,4338592.4063,50866.7235
2026-05-09T16:43:51,4259888.6628,1394208.0851,4308546.0934,50706.7235
2026-05-09T17:42:09,4391120.6834,1366686.3655,4206131.814,48897.7235
2026-05-09T18:41:48,4375914.7187,1390365.2512,4107613.4444,20792.7235
2026-05-09T19:46:02,4337199.8836,1361422.7924,3983495.6446,20792.7235
2026-05-09T22:41:57,4326378.6104,1272994.3702,3935268.7018,55591.7235
2026-05-10T02:10:56,4594438.59,1395286.1341,3894886.1119,76800.7235
2026-05-10T04:53:24,4595587.5271,1422934.6337,3868684.0852,76587.7235
2026-05-10T06:13:28,4573502.1493,1452863.8968,3845127.2678,76080.7235
2026-05-10T07:51:05,4689105.8367,1528852.5851,4097451.651,76888.9835
2026-05-10T09:13:39,4760844.0954,1601171.5624,4118738.9659,55621.883499999996
2026-05-10T10:52:00,4484593.2479,1447375.5462,3866188.8053,54573.883499999996
2026-05-10T11:53:10,4320412.2158,1350296.7045,3753978.0445,53584.883499999996
2026-05-10T12:54:36,4247154.8973,1282891.7396,3647969.9375,52711.883499999996
2026-05-10T13:52:33,4155014.2161,1237715.512,3527808.4849,51049.883499999996
2026-05-10T15:00:21,4035889.6999,1167330.4402,3432352.7243,50415.883499999996
2026-05-10T16:01:42,3927686.9636,1155937.5983,3336136.417,49894.883499999996
2026-05-10T16:58:24,3822284.9008,1109428.8585,3227159.1621,49319.883499999996
2026-05-10T17:47:00,3753937.4131,1069513.2406,3162245.9391,48693.883499999996
2026-05-10T18:44:51,3658328.4269,1026041.2632,3051002.3488,48693.883499999996
2026-05-10T19:52:13,3619685.8201,988293.7057,3064720.3526,47436.883499999996
2026-05-10T22:52:22,3442845.6801,914856.3726,2831524.9445,43371.883499999996
2026-05-11T02:39:51,3393855.3691,883165.7145,2788939.1637,41044.883499999996
2026-05-11T06:38:23,3405819.6297,866192.8455,2716451.7688,40721.5835
2026-05-11T09:49:21,3772974.0979,855659.7381,3036582.2226,37755.883499999996
2026-05-11T12:33:50,3884884.8788,1008469.4293,3163456.8418,28758.8835
2026-05-11T14:58:12,3996386.4276,1053694.6073,3309515.8044,26929.8835
2026-05-11T16:47:54,4023779.7701,1079064.55,3328459.4012,59464.883499999996
2026-05-11T18:06:10,4123391.2585,1107502.6245,3315243.7652,55614.883499999996
2026-05-11T19:57:46,3858610.811,1060583.3731,3165878.8685,53225.883499999996
2026-05-11T22:44:14,3741961.7206,1069079.3216,2992848.3505,49671.883499999996
2026-05-12T02:15:18,3775673.7589000002,1095146.118,2980029.8105,46390.883499999996
2026-05-12T05:37:17,3773757.6922,1084467.1113,3009270.5024,45640.883499999996
2026-05-12T07:54:01,4114355.4549,1307921.8499,3096632.2812,43910.883499999996
2026-05-12T10:18:08,4465609.3971,1441524.2985,3547988.1445,40812.883499999996
2026-05-12T13:11:04,4152020.6523,1384525.0804,3535945.6269,37518.883499999996
2026-05-12T15:48:17,4309986.2748,1327539.4991,3595539.4182,30134.8835
2026-05-12T17:19:45,4250364.841,1387340.1618000001,3483153.5202,27447.8835
2026-05-12T18:59:59,4040910.2061,1437085.9593,3476002.0145,23374.8835
2026-05-12T20:02:30,3970724.4044,1422022.5491,3454552.787,19487.8835
2026-05-13T00:09:36,3936930.3788,1414495.9016,3475688.4137,9187.8835
2026-05-13T03:49:10,3883903.8384,1417234.969,3463034.1916,6497.6235
2026-05-13T06:26:26,3829430.1705,1412894.8722,3389150.483,7628.8835
2026-05-13T09:11:04,4013836.5438,1473483.6589,3595910.2997,4829.6235
2026-05-13T12:18:24,3927885.0969000002,1438071.442,3677901.2764,650.6235
2026-05-13T14:57:20,3715060.2358,1350301.0499,3592814.5615,650.6235
2026-05-13T16:31:41,3699514.0209,1408659.3312,3544062.12,650.6235
2026-05-13T18:10:23,3562467.7125,1516398.9495,3464960.0813,650.6235
2026-05-13T19:56:28,3319460.1941,1500835.9311,3300575.9133,650.6235
2026-05-13T22:51:10,3152876.8534,1469926.2674,2984421.5864,650.6235
2026-05-14T02:25:12,3208322.7184,1457412.3142,2887749.8138,10371.6235
2026-05-14T05:33:55,3160441.7618,1458846.7748,2867414.9483,650.6235
2026-05-14T07:52:08,3111653.2963,1435664.5675,2890037.1001999998,2479.8835
2026-05-14T10:04:46,3511763.9241,1518116.9968,3064254.099,13704.8835
2026-05-14T13:00:59,3537309.4325,1547800.3209,3358927.4923,2479.8835
2026-05-14T14:57:45,3315808.6569,1534385.2991,3250612.3453,2479.8835
2026-05-14T16:28:46,3367199.0145,1497728.0443,3193986.6564,2479.8835
2026-05-14T18:09:48,3168528.1518,1418066.1557,3039359.1221,2479.8835
2026-05-14T19:57:15,3023324.9836,1439790.682,2873852.114,2059.866
2026-05-14T22:52:35,2860793.115,1420149.6283,2691787.9302,44944.866
2026-05-15T02:34:45,2747543.9238,1453689.7674,2609908.453,29363.866
2026-05-15T05:47:19,2700205.6749,1446443.6576,2585756.0459,21244.866
2026-05-15T07:55:32,2777348.7288,1532720.8699,2443810.8967999998,14616.606
2026-05-15T10:01:28,3175341.8739,1577886.4061999999,2877612.1225,19570.8835
2026-05-15T12:08:39,3252600.2481,1582008.7172,3010279.5308,12626.8835
2026-05-15T14:22:52,3053713.1089,1514827.925,3069573.9693,11444.6235
2026-05-15T16:17:04,3105819.2906,1591767.5362,3002277.757,11444.6235
2026-05-15T17:59:36,2954235.1481,1535278.8864,2975979.6293,11444.6235
2026-05-15T18:56:14,2806368.4973,1562659.298,2996935.917,11444.6235
2026-05-15T19:55:57,2705509.789,1520250.3375,2896710.5754,11444.6235
2026-05-15T22:40:46,2609584.3915,1417212.1635,2681179.6527,11444.6235
2026-05-16T01:54:21,2687872.7647,1502529.7056,2606251.8181,11444.6235
2026-05-16T04:02:39,2672960.6012,1478854.1673,2576382.9507999998,11444.6235
2026-05-16T05:50:31,2609467.9329,1467659.6018,2579690.2415,11444.6235
2026-05-16T07:02:34,2591213.7234,1592767.5997,2595807.2492,11444.6235
2026-05-16T08:01:09,2676839.9545,1640444.5407,2657799.4264,650.6235
2026-05-16T09:44:38,3114930.7561,1745151.6181,3032819.7892,8032.8835
2026-05-16T10:55:43,3190631.6501,1779779.8774,3193297.5177,8032.8835
2026-05-16T11:58:00,3154861.9247,1776415.1934,3349730.6205,8032.8835
2026-05-16T12:58:24,3273108.1138,1866658.4601,3539371.5264,8032.8835
2026-05-16T13:56:45,3341941.9793,1901415.855,3808563.667,7802.2775
2026-05-16T15:03:04,3268677.8699,1851413.8389,3748741.4405,30148.0175
2026-05-16T16:07:28,3339112.6724,1806423.9673,3692718.3225,50346.0175
2026-05-16T17:46:30,3374829.62,1825185.7632,3576601.0802,28860.2775
2026-05-16T18:43:48,3325696.0997,1783498.9642,3441941.412,24319.0175
2026-05-16T19:52:33,3296921.6715,1712616.0118,3351710.5989,21335.2775
2026-05-16T22:49:48,3191472.4173,1604248.9972,3289082.3712,10783.2775
2026-05-17T02:22:41,2621483.2631,1549028.5553,3017795.1895,8032.8835
2026-05-17T05:05:08,2523108.1286,1538101.8395,2984233.6164,8032.8835
2026-05-17T07:04:45,2487571.1794,1515584.5771,3068228.8185,8032.8835
2026-05-17T09:16:15,17371012.8541,5529340.9839,3142094.1642,2864.8835
2026-05-17T10:55:52,17209725.649299998,5388650.5558,2977827.0399,2864.8835
2026-05-17T11:58:52,17168611.0074,5354268.4226,2918598.6722,2864.8835
2026-05-17T12:58:36,17120819.3072,5289075.3376,2835446.3615,2864.8835
2026-05-17T13:58:41,17052129.798,5231794.4617,2792393.1941,2864.8835
2026-05-17T15:08:18,17037362.814099997,5195487.4154,2691632.032,2864.8835
2026-05-17T16:48:03,16932931.3448,5112398.7507,2579788.7071,2864.8835
2026-05-17T17:54:30,16927720.2198,5064520.5273,2464597.6494,2864.8835
2026-05-17T18:53:06,16881970.3156,5021724.4569,2403245.4415,2864.8835
2026-05-17T19:57:56,16878357.9498,4987497.9324,2351542.252,2864.8835
2026-05-17T22:59:29,16787869.2225,4924928.6631000005,2251964.4023,2864.8835
2026-05-18T02:59:34,16777100.2486,4929822.471,2167254.632,2864.8835
2026-05-18T11:25:46,2483054.2725,1201156.6222,2448575.5279,32943.883499999996
2026-05-18T14:01:53,2714224.7244,1198643.372,2704001.0724,26949.8835
2026-05-18T15:50:05,2764829.742,1321878.9126,2458103.4695,20755.8835
2026-05-18T17:10:45,2816678.5743,1397240.8733,2423589.6027,16995.8835
2026-05-18T19:00:47,2792454.3559,1469172.3749,2425984.9474,11142.8835
2026-05-18T20:13:21,2671156.5522,1455421.4658000001,2362831.7572,6302.8835
2026-05-19T01:00:13,2483423.6368,1326500.2656,2113229.3736,2002.2775000000001
2026-05-19T04:30:56,2421389.0117,1312050.4986999999,2169268.6938,2002.2775000000001
2026-05-19T08:08:32,2396373.5047,1408191.8246,1978788.0652,2002.2775000000001
2026-05-19T12:19:11,2840041.6252,1501829.8742,2627985.6426,1832.8835
2026-05-19T15:00:09,2884846.3078,1408393.2837,2592305.0131,230.6235
2026-05-19T16:48:02,2969279.1976,1528304.1524,2422848.2805,19226.6235
2026-05-19T18:16:02,2971185.9904,1518406.7737,2434860.38,13307.6235
2026-05-19T20:03:26,2804266.3103,1450786.9273,2321755.3772,7662.6235
2026-05-20T01:03:42,3002354.0313,1363108.8202,2126945.2773,24470.6235
2026-05-20T05:28:34,2871668.8885,1331685.9124,2119754.8731,230.6235
2026-05-20T08:22:56,3035020.6444,1432171.7076,2249210.1164,1832.8835
2026-05-20T12:25:44,3283826.2995,1477996.0757,2129475.4055,16782.5374
2026-05-20T15:24:30,3135106.9283,1440819.3326,1831022.4258,9111.5374
2026-05-20T17:51:40,3040227.77,1346796.1857,1870972.9097,26217.5374
2026-05-20T19:11:51,3045852.609,1285886.8406,1769258.3881,20777.5374
2026-05-20T22:59:55,2856194.4369,1258001.057,1791320.8473,1982.5374
2026-05-21T02:57:00,2747965.8126,1286396.3887,1764665.9482,15661.8835
2026-05-21T06:40:28,2787889.2234,1281124.6429,1883930.0347,3154.8835
2026-05-21T10:15:09,3615401.2122,1365542.6648,2304161.6014,230.6235
2026-05-21T13:32:02,3697693.7849,1260756.9016,2307992.5364,650.6235
2026-05-21T15:51:43,3393730.6559,1327682.8744,2357147.9798,650.6235
2026-05-21T17:27:32,3445269.7072,1394078.0789,2377450.9229,650.6235
2026-05-21T19:03:21,3493187.8645,1434861.3573,2336041.6184,650.6235
2026-05-21T20:14:25,3439360.8308,1389229.5396,2250920.0032,650.6235
2026-05-22T01:00:35,3305364.4213,1379879.8563,2170495.3517,650.6235
2026-05-22T04:25:38,3241410.7036,1363695.5659,2146912.7069,650.6235
2026-05-22T07:47:00,3265331.3446,1500999.8052,2056363.9864,650.6235
2026-05-22T10:35:19,3659734.6173,1625499.6994,2406850.5014,10642.8835
2026-05-22T13:09:53,3544681.0285,1677118.7409,2624296.679,45381.883499999996
2026-05-22T15:43:40,3558875.3141,1621103.1702,2622897.459,23557.8835
2026-05-22T17:10:00,3568735.5838,1638326.1733,2619274.031,1832.8835
2026-05-22T18:57:40,3495760.9039,1694581.8753,2553951.1961,1832.8835
2026-05-22T20:06:32,3413941.851,1620782.1561,2478688.2782,1832.8835
2026-05-23T00:39:16,3388295.5317,1636225.1208,2347552.6165,1832.8835
2026-05-23T03:31:29,3352766.957,1612509.4009,2291513.6847,1832.8835
2026-05-23T05:51:47,3292955.7304,1614285.6302,2263685.7025,7486.8835
2026-05-23T09:20:25,3616515.7478,1828413.6686,2822915.8064,5853.8835
2026-05-23T11:00:28,3647316.0417,1825584.4875,2973289.5972,5201.8835
2026-05-23T12:05:28,3645365.1622,1802094.3706,3060445.2241,2802.8835
2026-05-23T14:00:43,3860369.6683,1814247.6002,3115498.7542,1832.8835
2026-05-23T15:18:19,3862438.0159,1769446.1714,3088382.8626,650.6235
2026-05-23T16:48:29,3861023.1295,1712280.9578,3088108.2068,20364.6235
2026-05-23T17:54:06,3813821.1057,1615120.9772,3090331.7228,18413.6235
2026-05-23T18:53:12,3846961.4753,1583274.8712,3109229.3895,30212.8835
2026-05-23T19:57:06,3776697.2402,1538572.7877,3107052.2193,11848.6235
2026-05-23T22:57:42,3770494.4179,1449285.9837,3082971.0806,650.6235
2026-05-24T02:38:14,3861738.7176,1465157.9065,3162804.1253,7245.0175
2026-05-24T05:22:30,3874390.432,1446096.1875,3182139.6799,6699.0175
2026-05-24T07:16:24,3969710.5663,1547485.867,3140701.2499,7565.2775
2026-05-24T09:21:28,19113055.996999998,1529559.8803,10884056.4497,5989.2775
2026-05-24T11:03:17,18936764.8798,1435937.1594,10745662.7308,4454.2775
2026-05-24T12:12:00,18850407.1053,1371829.7344,10624318.151999999,2976.2775
2026-05-24T14:00:05,18718053.145,1295733.0356,10452907.3827,1602.2775
2026-05-24T15:21:15,18641888.1779,1247353.8476,10320603.6582,1602.2775
2026-05-24T16:54:36,18605784.532700002,1197624.1879,10190793.5189,1602.2775
2026-05-24T17:55:53,18542477.2861,1158126.0798,10113401.7994,1602.2775
2026-05-24T18:57:13,18487635.1553,1120359.1893,10017344.5508,1602.2775
2026-05-24T19:59:52,18426621.1308,1166903.4246,9952285.1954,1602.2775
2026-05-25T04:21:32,18286152.7585,1122188.2347,9773151.1911,1602.2775
2026-05-25T08:30:07,18425537.567,1179368.287,9822314.8272,2142.8955
2026-05-25T11:50:44,3538356.0408,1150907.8183,2519645.7978,2373.5015000000003
2026-05-25T13:43:20,3522210.9909,1166295.094,2539216.5723,2373.5015000000003
2026-05-25T15:27:15,3675642.3373,1225952.0145999999,2582951.6081,2373.5015000000003
2026-05-25T17:04:57,3595759.9877,1169923.3082,2540421.766,2373.5015000000003
2026-05-25T19:00:37,3478894.4298,1156787.7588,2500166.3841,2373.5015000000003
2026-05-25T20:10:41,3451684.1353,1136267.6702,2388965.1621,2373.5015000000003
2026-05-26T01:02:47,3375957.6721,1167529.9566,2325422.8117,2373.484
2026-05-26T04:41:45,3330932.2117,1160603.5426,2318757.3113,2373.484
2026-05-26T10:14:30,3694993.0579,1430948.9999,2884813.5641,1832.8835
2026-05-26T14:08:19,3598628.0454,1470492.0,2966160.8075,14609.8835
2026-05-26T16:59:56,3635083.8165,1460004.4279,2942248.5085,5551.8835
2026-05-26T18:26:41,3594788.1043000002,1424288.3672,2828446.2899,22043.8835
2026-05-26T20:17:12,3498946.953,1472572.7307,2699790.8277,17308.8835
2026-05-27T01:24:21,3535942.3517,1355950.2803,2528983.0648,1602.2775
2026-05-27T06:08:54,3460886.2295,1357192.1441,2547783.7574,1602.2775
2026-05-27T10:33:38,3724027.4652,1447414.1976,2965925.8443,4346.1785
2026-05-27T14:08:41,3659178.9586,1414924.8923,3064752.7827,4346.1785
2026-05-27T17:07:03,3634810.3504,1384324.5244,2957068.2705,4346.1785
2026-05-27T19:24:19,3532223.5862000003,1398165.5219,2809366.2237,4346.1785
2026-05-28T00:15:25,3397558.3583,1344514.9467,2681660.7335,4346.1785
2026-05-28T04:51:09,3387042.848,1331804.3544,2682521.691,4346.1785
2026-05-28T08:38:14,3500718.3855,1393847.6644,3004561.642,650.6235
2026-05-28T13:00:38,3463930.0053,1400005.3862,3197898.7327,650.6235
2026-05-28T15:41:40,3380258.9344,1367516.9189,3166675.4522,18447.6235
2026-05-28T18:03:04,3418262.0726,1361674.7342,3127660.4673,17793.6235
2026-05-28T19:27:58,3449796.531,1359292.6022,3099049.7908,230.6235
2026-05-29T00:15:12,3291045.7787,1339044.9848,2967930.1162,230.6235
2026-05-29T04:48:46,3275192.871,1331094.9673,2972974.4796,230.6235
2026-05-29T08:23:23,3660941.685,1535771.235,2983383.8517,1412.8835
2026-05-29T12:50:36,3461671.9052,1536592.3296,3360186.0535,1412.8835
2026-05-29T15:37:42,3436398.4281,1392255.3978,3303565.1262,1412.8835
2026-05-29T17:58:58,3268490.6467,1458257.64,3341291.0711,1412.8835
2026-05-29T19:21:43,3177284.2159,1469600.1546,3273883.0146,1412.8835
2026-05-30T00:00:17,3159324.7187,1351942.9441,3059013.2378,1412.8835
2026-05-30T02:54:17,3077008.769,1322380.3675,2986995.2036,1412.8835
2026-05-30T05:26:30,3053951.6422,1292844.7446,2965538.7758,1412.8835
2026-05-30T07:27:58,3228341.191,1395043.964,3067984.0865,1412.866
2026-05-30T09:55:20,3553616.1959,1520171.4062,3267035.8509,1412.8835
2026-05-30T11:17:25,3481527.5509,1585867.8857,3262550.6445,13461.8835
2026-05-30T13:18:18,3550566.535,1588993.7105,3359209.6659,6302.8835
2026-05-30T15:29:07,3554962.6259,1608203.0432,3518789.7569999998,1412.8835
2026-05-30T17:08:52,3492705.6426,1576369.8569,3394310.8522,11212.8835
2026-05-30T19:06:48,3306009.6213,1545115.9573,3294696.4243,1412.8835
2026-05-31T00:26:09,3261537.3955,1435475.6803000001,3250838.0597,1412.8835
2026-05-31T04:21:20,3307256.9348,1444702.1205,3198115.4948,1412.8835
2026-05-31T07:05:59,3316701.5507,1475147.8866,3305332.0187,1412.8835
2026-05-31T10:00:51,154351613.13030002,2576689.7084,3457723.2281,1832.8835
2026-05-31T11:23:16,154315971.4732,2482079.7186,3304077.847,1832.8835
2026-05-31T13:17:46,154296758.0247,2409829.5158,3140319.1922,1602.2775
2026-05-31T15:27:46,154231572.1763,2337431.3643,2955001.7972,41188.2775
2026-05-31T17:10:09,154159592.3258,2268558.6637,2814931.6375,37852.2775
2026-05-31T19:09:10,154183284.7844,2191214.8831,2652594.4843,23105.2775
2026-06-01T00:55:46,154227049.8021,2131633.3414,2540356.894,420.0175
2026-06-01T06:29:46,154258169.6285,2102838.8030999997,2531348.2319,10737.0175
2026-06-01T12:46:07,154341301.8454,2275747.316,2642144.1967,21473.8835
2026-06-01T17:01:44,154167235.7168,2324297.291,2784231.5969000002,1832.8835
2026-06-01T19:08:17,154029866.5576,2285759.8872,2621882.8588,1832.8835
2026-06-02T00:43:56,154045850.3687,2201511.622,2431919.5345,1832.8835
2026-06-02T05:16:53,154020012.0033,2187049.7593,2371818.8794,1832.8835
2026-06-02T10:14:46,3342090.7519,1308626.191,2707165.5129,1832.8835
2026-06-02T14:41:26,3299098.9989,1241954.2471,2736279.6052,1832.8835
2026-06-02T14:48:40,3281236.7269,1233258.1258,2734632.4026,1832.8835
2026-06-02T17:56:14,3158698.7772,1167824.364,2912101.9668,1832.8835
2026-06-02T19:54:26,3360960.5104,1127796.079,2724921.4459,19855.8835
2026-06-03T00:52:54,3248442.6066,1110727.8001,2502260.7919,18512.2775
2026-06-03T06:01:33,3192975.1383,1102434.4946,2436755.2945,17722.2775
2026-06-03T10:51:39,3925934.3398,1229239.9519,2781073.5528,13665.8835
2026-06-03T14:53:27,3847957.2422,1242169.8176,2630800.0361,3854.2775
2026-06-03T17:57:03,3809565.4686,1384501.0168,2411746.1309,13502.6235
2026-06-03T19:52:06,3804279.8884,1354399.3587,2294966.3697,11095.6235
2026-06-04T00:47:18,3535611.161,1200649.4014,2366845.2858,650.6235
2026-06-04T04:57:11,3501662.3228,1204014.6751,2331629.9968,650.6235
2026-06-04T08:10:15,3390057.5329,1252129.7384,2317352.4761,650.6235
2026-06-04T12:27:39,3101515.1252,1091711.0833,1903071.5847,650.6235
2026-06-04T15:28:07,2850007.4097,949966.4256,1685469.3091,650.6235
2026-06-04T17:49:22,2752048.3788,977876.5956,1568649.6997,650.6235
2026-06-04T19:16:33,2646303.6557,954897.4997,1568477.6537,650.6235
2026-06-05T00:21:24,2697497.3228,877752.0792,1456570.8729,650.6235
2026-06-05T04:49:45,2654173.5305,870152.5057,1421867.4251,650.6235
2026-06-05T08:16:11,2646031.9084,913006.6783,1344581.493,650.6235
2026-06-05T12:06:40,2735377.9735,1024958.4424,1333609.5992,650.6235
2026-06-05T15:02:35,2614379.6001,990697.7639,1318059.0971,650.6235
2026-06-05T16:54:04,2575140.5152,930384.2984,1347177.4812,650.6235
2026-06-05T18:22:14,2633623.3354,873267.0817,1399222.3789,650.6235
2026-06-05T20:16:35,2582645.5329,826370.3028,1411191.4931,650.6235
2026-06-06T01:00:38,2483842.7234,815717.9202,1368891.6096,650.6235
2026-06-06T03:52:04,2472266.4831,808244.0160000001,1340970.0423,650.6235
2026-06-06T06:13:53,2458754.1894,799217.8969,1313757.172,650.6235
2026-06-06T08:12:17,2476623.1138,891123.8256,1287921.0713,650.6235
2026-06-06T10:49:53,2513743.1817,1117212.2573,1288895.5115,650.6235
2026-06-06T12:14:12,2572214.2038,1314243.5964,1456222.236,650.6235
2026-06-06T14:14:33,2623439.8552,1387462.2268,1466830.9007,650.6235
2026-06-06T16:16:44,2585142.0441,1326314.8204,1510651.1289,650.6235
2026-06-06T18:11:08,2588820.8115,1206030.6212,1472174.6071,650.6235
2026-06-06T20:12:53,2658244.004,1124419.9426,1435737.0207,420.0175
2026-06-07T01:30:28,2599312.4703,1174453.2469,1332745.3401,420.0175
2026-06-07T05:27:45,2533896.7234,1150095.1516,1290379.7754,420.0175
2026-06-07T07:55:27,2488364.9548,1112158.9478,1264148.8975,420.0175
2026-06-07T10:09:40,2390555.7284,1112241.4988,1232983.9479,420.0175
2026-06-07T12:24:32,2292864.2645,1013506.4732,1144585.7818,420.0175
2026-06-07T14:12:10,2254932.1083,956041.0105,1078119.1118,420.0175
2026-06-07T16:20:25,2213027.3572,923180.9924,1035596.1359,420.0175
2026-06-07T18:12:50,2173077.4006,886129.0075000001,992460.9276,420.0175
2026-06-07T20:18:26,2222963.2968,855879.906,946040.3859,420.0175
2026-06-08T01:59:22,2195893.3057,888347.2761,899452.5479,420.0175
2026-06-08T07:11:08,2194436.4369,882039.6001,876842.2924,420.0175
2026-06-08T12:11:01,2377217.2027,1166490.8496,940150.4464,420.0175
2026-06-08T15:27:36,2415154.1066,1153182.8157,967214.3542,
2026-06-08T17:57:36,2561766.9101,1075428.8343,1051491.2279,
2026-06-08T19:18:19,2580665.0361,1035300.1531,1060287.3977,
2026-06-09T00:07:11,2513103.2604,997633.6348,1063177.2355,
2026-06-09T04:36:36,2472639.383,986222.9247,1038724.9164,
2026-06-09T08:11:34,2477453.3811,1067134.0493,1062797.7035,
2026-06-09T12:10:40,2536508.9242,1126109.3349,1156122.9816,
2026-06-09T15:23:22,2608587.8815,1064752.7839,1286116.1333,
2026-06-09T17:54:21,2489702.9249,1080873.7399,1343829.5696,0.0175
2026-06-09T19:23:40,2430915.082,1052099.0372,1296683.4468,
2026-06-10T00:18:52,2498140.1892,1057091.1466,1275254.2744,
2026-06-10T04:56:42,2436842.41,1040373.5625,1244964.4388,
2026-06-10T08:31:19,2486707.9115999998,1149156.1533,1216205.2221,
2026-06-10T12:45:07,2528567.4061,1448572.4243,1306747.1321,
2026-06-10T15:41:37,2479902.7835,1301405.7466,1414304.9539,
2026-06-10T18:11:46,2371970.8208,1261058.1300000001,1375494.7989,
2026-06-10T20:24:21,2383267.9062,1250649.5706,1315338.7517000001,
2026-06-11T01:58:18,2258406.7129,1258601.2474,1352108.8535,
2026-06-11T06:50:49,2191452.6387,1183237.7031,1322611.4666,
2026-06-11T10:46:39,2178557.1637,1288687.0804,1302934.7219,
2026-06-11T14:23:44,2309595.7584,1209983.7698000001,1341032.2634,
2026-06-11T17:28:04,2340090.2189,1151049.6172,1387298.7757,11523.5835
2026-06-12T00:44:26,2238565.6282,1038428.8711,1379544.2375999999,5408.3235
2026-06-12T05:06:23,2204287.2607,1028321.6557,1355679.7863,5408.3235
2026-06-12T09:33:02,2155693.2018,1109328.2497999999,1310461.1899,5408.3235
2026-06-12T12:50:32,1904886.3817,990581.5747,1248569.2091,12174.207
2026-06-12T15:14:03,1999230.1968,967108.7041,1330216.0356,12174.1895
2026-06-12T17:57:11,2142267.814,977282.8178,1345155.6315,11754.1895
2026-06-12T19:25:38,2079474.7458,953629.2325,1306508.8181,11754.1895
2026-06-13T00:22:34,1984538.4922,907373.2878,1278302.6851,11754.207
2026-06-13T04:28:49,1968298.7394,891594.7747,1208827.4306,11754.207
2026-06-13T07:22:43,2029172.7681,913507.9776,1158556.1208,11754.207
2026-06-13T10:15:16,2309545.9976,1216108.5794,1220296.6528,11754.1895
2026-06-13T12:22:04,2341300.2325999998,1221284.376,1406536.0196,11754.1895
2026-06-13T14:16:50,2370695.3991,1172979.2035,1355658.1129,10571.9295
2026-06-13T16:23:08,2229138.7368,1095964.2475,1415752.4146,10571.9295
2026-06-13T18:12:49,2119621.8644,990121.6928,1399891.6554,10571.9295
2026-06-13T20:16:29,2034295.2133,875465.3264,1417357.8493000001,10571.9295
2026-06-14T01:58:18,2032913.4073,856827.0655,1412602.3552,10571.9295
2026-06-14T05:48:49,2018037.443,823872.4098,1372807.1353,10571.9295
2026-06-14T08:05:14,1963042.6919,826077.1284,1358937.2481,10571.9295
2026-06-14T10:26:47,1895138.0287,763054.432,1288712.2481,10571.9295
2026-06-14T12:29:51,1804813.8379,720393.7754,1219088.379,10571.9295
2026-06-14T14:19:59,1811840.6979,700281.6682,1187498.177,10571.9295
2026-06-14T16:24:49,1749873.8046,690119.536,1212715.5382,10571.9295
2026-06-14T18:19:58,1704626.8352,676142.8703,1154223.3031000001,10571.9295
2026-06-14T20:20:56,1662306.5256,657604.2193,1099039.3068,10571.9295
2026-06-15T02:34:00,1632716.2002,653842.1022,1030507.6666,10571.9295
2026-06-15T09:23:56,1691261.8159,733291.5066,931575.3669,10571.9295
2026-06-15T14:46:30,1682715.635,766777.8825000001,1114380.688,10571.9295
2026-06-15T17:49:07,1648423.0268,972341.2034,1031166.2912,11754.1895
2026-06-15T19:53:01,1602133.7015,903820.8149,1131122.644,11754.1895
2026-06-16T01:08:40,1528509.0045,869800.9414,1164273.0019,6590.583500000001
2026-06-16T07:25:31,1497206.3902,857482.1224,1099815.9381,6590.583500000001
2026-06-16T13:09:11,1623641.1452,936308.1707,1061938.8658,6590.583500000001
2026-06-16T15:11:46,1616657.1767,835727.4046,969932.9076,6590.583500000001
2026-06-16T17:13:14,1585053.1606,895945.6197,925194.4382,6590.583500000001
2026-06-16T19:29:29,1544199.6235,938679.8544,839875.9746,6590.583500000001
2026-06-17T00:50:09,1636114.1642,900278.4514,766354.6112,6590.583500000001
2026-06-17T05:59:55,1558555.5343,892421.8495,741820.137,6590.583500000001
2026-06-17T09:48:32,1823082.6042,1060939.0412,679766.6465,6590.583500000001
2026-06-17T13:00:18,1834352.965,995336.5221,632083.0974,5408.341
2026-06-17T15:30:10,1706931.9597,894125.3969,598613.1631,5408.341
2026-06-17T18:08:13,1641453.8090000001,1009138.7286,660797.0122,5638.9295
2026-06-17T20:21:53,1542435.1636,963997.5622,713102.0789,5638.9295
2026-06-18T02:02:23,1341397.8618,902418.4303,685279.4796,5638.9295
2026-06-18T06:45:28,1303876.0726,853777.9585,675981.6793,5638.9295
2026-06-18T14:11:39,947690.6978,582139.0691,313341.1259,
2026-06-18T17:26:19,1381765.8474,973261.3559,691677.7568,5638.9295
2026-06-18T19:51:47,1303787.4184,942386.7616,713486.2679,5638.9295
2026-06-19T02:32:41,1315066.5084,861114.3224,777154.213,5638.9295
2026-06-19T07:44:06,1319219.5515,871887.3004,737331.4353,5638.9295
2026-06-19T11:43:56,1385876.7317000001,882285.2896,824943.8407,5638.9295
2026-06-19T14:08:51,1334469.6138,877085.3981999999,783403.8355,5638.9295
2026-06-19T16:07:55,576586.2404,741005.4274,768801.8463,
2026-06-19T17:24:25,962354.0729,764404.6987,741775.5279,
2026-06-19T19:16:11,705395.9062,738497.7811,1122521.0409,
2026-06-19T20:22:44,480595.1907,686658.3851,1088546.279,
2026-06-20T01:45:42,140377.565,180798.6482,1004014.8862,
2026-06-20T05:40:39,77760.3703,127534.2176,824296.6584,
2026-06-20T08:10:30,432459.7679,450457.837,892919.5424,
2026-06-20T10:31:52,661456.8306,704218.5367,838494.7851,
2026-06-20T12:51:58,855473.4149,759242.4702,790459.9012,
2026-06-20T14:47:41,679969.3656,829607.729,752280.359,
2026-06-20T16:43:39,579792.2946,773089.6238,887596.0862,
2026-06-20T18:36:50,465364.6374,726118.5809,1080584.9361,
2026-06-20T20:23:41,433118.1192,640707.0272,1218641.9478,
2026-06-21T02:20:53,38546.826199999996,62273.9784,1203931.6613,
2026-06-21T06:48:08,111351.9341,198791.1411,1067975.7862,
2026-06-21T09:20:13,274135.2027,290316.4385,1129504.9543,
2026-06-21T12:12:56,172091.1967,254487.09530000002,1006202.7442,
2026-06-21T13:53:51,134592.8751,259329.2528,921296.8686,
2026-06-21T16:04:53,155947.0179,178566.3456,754914.5006,
2026-06-21T17:44:15,144164.4938,168859.0786,798186.1106,
2026-06-21T19:46:26,113643.6592,160116.0363,765630.74,
2026-06-22T01:31:59,83019.1735,63151.534,570811.1069,
2026-06-22T08:29:02,99646.1715,173795.6959,267136.2913,
2026-06-22T10:43:46,207853.5835,339426.09369999997,304142.1885,
2026-06-22T12:27:50,422320.6828,557598.5527,514582.7003,
2026-06-22T16:17:48,245090.5106,337765.8178,446952.7914,
2026-06-23T00:22:10,77594.853,238546.7865,978231.0921,
2026-06-23T04:40:09,17984.439700000003,103091.9616,499869.1163,
2026-06-23T08:43:41,177872.8145,338881.8955,529261.3361,
2026-06-23T11:42:23,180514.1607,498769.01749999996,852830.391,
2026-06-23T15:36:46,242506.5006,245476.3832,491568.7541,
2026-06-23T16:25:22,433212.8316,355053.6742,614331.0315,
2026-06-23T18:40:27,401922.6668,394379.9776,795498.8244,
2026-06-23T20:13:31,605348.3127,523876.3194,1208616.395,
2026-06-24T00:37:54,345414.0917,118006.3844,1045845.6249,
2026-06-24T04:36:42,153688.5057,47556.6083,707442.0157,
2026-06-24T08:03:43,328286.769,306565.5818,953209.9786,
2026-06-24T11:09:32,491963.5211,162689.7941,445378.9734,
2026-06-24T13:20:47,572686.7736,304098.5043,685777.3505,
2026-06-24T15:04:22,792354.4308,781499.1318,975475.0413,
2026-06-24T16:58:39,279664.2738,371825.2027,557182.6091,
2026-06-24T18:43:17,703022.2098,803826.2331,1099943.886,
2026-06-24T20:24:39,110217.58559999999,149401.9377,182849.6536,
2026-06-25T01:18:44,116479.5125,191466.1288,1092503.0045,
2026-06-25T04:35:02,47272.216100000005,127409.9015,684819.0119,
2026-06-25T07:53:00,219213.9308,296999.743,922905.3323,
2026-06-25T11:15:06,468201.5869,363027.2835,1237194.3839,
2026-06-25T13:26:03,389860.3121,384836.64040000003,1356121.0221,
2026-06-25T16:25:37,651536.5637,416463.7604,1538818.222,
2026-06-25T18:48:20,280500.7301,295447.7984,932190.818,
2026-06-25T21:32:12,306502.0038,316258.1408,1154633.519,
2026-06-26T02:23:11,103370.0635,84585.4477,825692.3751000001,
2026-06-26T06:30:34,87384.4868,110369.6318,811927.9854,
2026-06-26T09:22:37,203002.4268,127436.5598,680123.5161,
2026-06-26T12:31:12,293921.478,114077.0961,786915.4203,
2026-06-26T15:05:52,450950.5241,294923.3374,1335260.6418,
2026-06-26T16:58:02,306019.7058,212336.0762,644872.1162,
2026-06-26T18:38:23,196585.0232,237355.7834,748270.1688999999,
2026-06-26T20:23:12,373749.8882,225102.648,1001879.0975,
2026-06-27T01:07:30,197759.4494,114249.3878,1227388.1671,
2026-06-27T04:10:05,122050.87610000001,94644.6271,839953.6895,
2026-06-27T06:25:17,198665.0521,263137.5427,1007302.2864,
2026-06-27T08:21:07,484772.0684,233588.2879,742426.1025,
2026-06-27T10:58:06,877441.7065,420318.01,1457896.7046,
2026-06-27T12:21:51,961755.1296,574768.4073,1601861.0531,
2026-06-27T14:21:17,804179.2554,516406.0182,1747209.6293,
2026-06-27T16:22:26,891150.2848,495979.6853,1873494.0273,
2026-06-27T18:18:50,758580.5351,506500.5403,1886612.1294,
2026-06-27T19:20:43,634453.5409,464475.15510000003,1852958.3767,
2026-06-28T00:52:00,135486.2557,152555.2016,1422052.558,
2026-06-28T04:31:47,53346.3151,90736.9077,1067981.1514,
2026-06-28T07:19:31,202066.2033,247811.6585,1245986.3926,
2026-06-28T08:47:21,345784.6779,309298.4463,1257737.9981,
2026-06-28T10:59:44,300698.096,239042.4899,1105297.6207,
2026-06-28T12:39:39,245106.682,184552.0472,1051342.3489,
2026-06-28T14:20:41,251967.358,166657.4838,1035776.0453,
2026-06-28T15:51:24,322658.2255,175624.6741,954735.4785,
2026-06-28T17:21:41,294826.8641,136901.8843,910577.5126,
2026-06-28T19:21:11,422161.9458,158265.9522,851543.2397,
2026-06-29T01:02:21,108313.8278,32444.4127,532442.5806,
2026-06-29T06:01:15,43198.3126,30025.2081,579590.5435,
2026-06-29T10:21:26,551831.6454,325832.3272,705722.7341,
2026-06-29T13:50:17,538461.613,365768.4283,1084567.1762,
2026-06-29T16:18:04,839444.6169,476376.9622,1291732.8029,
2026-06-29T17:47:39,884001.552,539705.0114,1432768.9955,
2026-06-29T19:18:52,996637.2639,519616.562,1373166.0693,
2026-06-29T20:23:30,996543.4247,494887.8897,1373430.6182,
2026-06-30T01:20:28,241601.5216,133271.721,1008210.145,
2026-06-30T06:03:04,134145.2318,132803.807,761424.5081,
2026-06-30T08:27:19,530718.7304,372661.5378,922647.2602,
2026-06-30T11:44:20,714228.0599,394086.0129,1137555.588,
2026-06-30T14:16:54,748312.571,287818.7885,886146.4695,
2026-06-30T16:21:09,885053.7661,601823.2687,1468797.643,
2026-06-30T18:42:47,874026.9485,579880.6467,1552755.8752,
2026-06-30T20:24:05,634438.3167,556831.4133,1439177.3726000001,
2026-07-01T01:56:26,220619.30240000002,239767.179,844091.7561,
2026-07-01T06:15:32,111690.08,158602.8637,760436.9524,
2026-07-01T08:50:11,568538.4663,375550.4182,1133783.8278,
2026-07-01T11:53:52,862166.005,349208.3399,1080288.6756,
2026-07-01T14:19:40,651301.8479,278438.9493,1250681.4635,
2026-07-01T16:18:45,820429.6697,381819.1651,1244231.136,
2026-07-01T17:52:53,697555.655,402608.0887,1120976.4582,
2026-07-01T19:45:33,709696.7958,460661.2463,1093221.0441,
2026-07-02T00:23:38,287517.4561,169479.3137,811918.1092000001,
2026-07-02T04:27:40,145513.1067,139710.4321,608956.0399,
2026-07-02T07:46:36,402202.6747,353772.9226,893822.5986,
2026-07-02T10:31:10,914958.5386,395737.4977,1097176.5094,
2026-07-02T13:03:48,825533.2575,433349.676,1210348.7536,
2026-07-02T14:50:19,794537.6059,407465.748,1276013.6932,
2026-07-02T16:40:06,838870.0448,509861.9036,1127992.9616,
2026-07-02T18:21:08,647424.893,514246.15270000004,1066949.2215,
2026-07-02T20:21:43,624347.9283,544838.6894,1158643.6992,
2026-07-03T00:59:17,188895.308,129951.1277,925173.4164,
2026-07-03T04:29:29,150415.0015,112859.2313,668907.7772,
2026-07-03T07:45:05,273365.7353,331920.365,904585.5501,
2026-07-03T10:34:02,795022.05,396254.8935,1344952.1165,
2026-07-03T12:47:04,720065.8118,495988.706,1276994.6091,
2026-07-03T14:41:44,715745.7296,402177.9425,1231615.5251,
2026-07-03T16:35:44,707228.1,540430.159,1213564.9855,
2026-07-03T18:18:54,829154.1793,591632.8948,1294528.1859,
2026-07-03T19:21:50,830736.7767,648389.3632,1265979.8029,
2026-07-04T00:03:21,435328.1352,248936.3662,981180.1083,
2026-07-04T03:15:54,167941.5695,148493.70130000002,638275.9176,
2026-07-04T05:33:25,140331.171,165580.3798,655486.1529,
2026-07-04T07:48:34,502614.1781,388224.9335,1022224.2958,
2026-07-04T09:59:44,1129723.1289,434673.0206,1247652.9235,
2026-07-04T11:23:55,1212314.3041,468670.625,1432888.6749,
2026-07-04T13:21:07,1062322.5432,454311.0403,1386152.0733999999,
2026-07-04T15:39:13,774179.6675,510707.1652,1478074.6489,
2026-07-04T17:16:26,622068.835,507942.8405,1233304.9053,
2026-07-04T18:13:51,536815.8576,463224.3359,1208505.813,
2026-07-04T19:15:59,657998.7064,418112.3724,1203887.714,
2026-07-04T20:14:58,627380.8164,373171.0626,1147518.6888,
2026-07-05T00:22:00,448749.5502,171353.6496,838822.782,
2026-07-05T04:18:09,124328.4856,145295.4003,503646.9825,
2026-07-05T06:31:17,226130.942,205550.8966,683422.0002,
2026-07-05T08:44:04,271770.4279,247640.1233,823647.2912,
2026-07-05T10:55:28,277177.2245,213004.7787,704976.3842,
2026-07-05T12:20:44,225359.5077,189647.4728,587039.8138,
2026-07-05T14:17:33,141706.8234,162373.623,482049.45889999997,
2026-07-05T15:45:07,140995.3509,170019.10570000001,464333.6799,
2026-07-05T17:22:06,120858.4461,142606.6905,387769.52880000003,
2026-07-05T19:19:53,183127.16389999999,133421.4348,379438.1693,
2026-07-05T20:20:54,163479.0431,116530.6281,358540.93690000003,
2026-07-06T01:39:01,211260.7629,29647.200100000002,393588.5817,
2026-07-06T07:04:27,199417.3785,164753.3404,569733.9169000001,
2026-07-06T10:39:47,605196.1286,216290.9726,761635.4308,
2026-07-06T13:52:11,600880.9167,399951.4106,746074.9068,
2026-07-06T16:17:09,748360.664,404068.0045,834574.2397,
2026-07-06T17:50:19,1192555.2242,556472.0145,1356596.7395,
2026-07-06T19:34:16,839259.3009,527670.8838,1331193.2724,
2026-07-07T00:18:37,319706.2087,201822.8431,950876.2849,
2026-07-07T03:56:15,94980.70850000001,83723.3618,531540.2539,
2026-07-07T07:22:00,334141.1914,259448.5477,733316.8439,
2026-07-07T11:16:25,842226.3935,352656.849,967979.3089,
2026-07-07T13:28:23,828687.3323,501540.4585,943048.4576,
2026-07-07T16:16:40,830389.8906,546948.9708,1071544.0035,
2026-07-07T17:43:34,948788.4783,575767.2867,1240932.5862,
2026-07-07T19:16:26,866499.0859,599300.7902,1163030.4409999999,
2026-07-07T20:14:38,751233.0522,602937.8726,1089651.6551,
2026-07-07T23:45:32,393710.0167,182662.7427,858381.308,
2026-07-08T02:41:16,170869.8143,86840.806,635178.3284,
2026-07-08T05:38:29,114476.7721,83564.1241,536881.3589999999,
2026-07-08T08:00:13,320469.0677,308289.1368,833299.3662,
2026-07-08T10:42:50,831459.893,412166.4535,1035198.0365,
2026-07-08T12:51:25,953252.2017,544173.9772,1236536.8061,
2026-07-08T14:46:22,816312.6124,520364.9102,1122141.3407,20000.0
2026-07-08T16:40:39,903320.7091,653203.1313,1190893.5722,
2026-07-08T18:19:28,950002.2993,701483.346,1179989.6234,
2026-07-08T19:33:57,743809.6211,605180.2111,1065403.3732,
2026-07-09T00:15:06,355224.2527,156769.3909,544752.0922,
2026-07-09T03:55:12,128158.9037,63685.6234,314398.4704,
2026-07-09T10:18:26,595178.4456,359428.6049,856324.1317,
2026-07-09T11:35:52,791952.5295,385392.6379,1070232.1655,
2026-07-09T14:10:50,705948.1939,410394.3486,1111189.8565,
2026-07-09T16:07:04,776534.0907000001,463868.1706,1334439.123,
2026-07-09T17:45:52,1024126.3955,531083.2809,1534868.8856,
2026-07-09T19:39:23,842856.8339,519323.13779999997,1363501.6083,
2026-07-10T00:16:07,366835.4984,173992.3578,930342.4249,
2026-07-10T03:54:16,176043.4187,82985.698,673801.5807,
2026-07-10T07:21:37,234180.5025,258165.9698,945639.406,
2026-07-10T10:53:18,991915.4336,258692.4683,1355144.2046,
2026-07-10T13:10:16,980059.7633,373224.6095,1457233.7054,
2026-07-10T14:47:19,715372.9018,450854.5541,1445207.6597,
2026-07-10T16:44:52,668190.6037,446219.6808,1367528.0429,
2026-07-10T18:18:19,744936.3276,631203.739,1546500.8,
2026-07-10T19:16:16,750442.02,613004.9214,1425885.6673,
2026-07-10T20:11:48,603862.3007,590039.3614,1351826.14,
2026-07-10T23:43:52,484686.7232,150828.5521,1048299.7224,
2026-07-11T02:28:54,162525.95309999998,40646.791300000004,736366.9194,
2026-07-11T05:02:17,87365.3441,36516.9915,687636.5991999999,
2026-07-11T06:36:42,195636.9598,191201.9231,838014.2715,
2026-07-11T08:07:11,442794.5906,288981.5722,1124102.3427,
2026-07-11T09:55:22,840614.4664,399553.0455,1361637.7937,
2026-07-11T11:17:31,884564.3786,454722.8343,1487695.9242,
2026-07-11T12:13:57,1086024.2325,535568.6166,1520885.2779,
2026-07-11T13:18:01,933988.0435,591938.953,1677515.1287,
2026-07-11T14:10:09,799138.1152,636394.5979,1691240.4853,
2026-07-11T15:34:05,940071.3863,623675.1148,1822386.9973,
2026-07-11T17:06:57,819074.1264,675407.8934,1900665.0909,
2026-07-11T18:09:19,708060.9504,630005.1405,1876056.3865,
2026-07-13T00:00:40,52164.0026,14757.557999999999,328462.2205,
2026-07-13T03:39:20,23956.554799999998,9936.220000000001,186394.4022,
2026-07-13T07:31:20,142697.0541,178001.0037,501632.078,
2026-07-13T11:14:10,748321.9737,302891.918,885993.3847,
2026-07-13T13:25:04,725419.9225,363994.1605,1200467.653,
2026-07-13T15:50:16,878311.884,379024.408,1444089.1347,
2026-07-13T17:15:35,1158026.2328,415529.8832,1854594.9008,
2026-07-13T18:12:23,1199960.7174,465716.7633,1749993.4043,
2026-07-13T19:15:11,1121525.1451,541419.3749,1560243.896,
2026-07-13T20:09:22,942892.5886,510698.9753,1506341.9857,
2026-07-13T23:34:23,492418.3419,211811.2614,1034426.3832,
2026-07-14T02:26:42,175039.0072,77477.2476,677834.553,
2026-07-14T05:19:36,92225.5619,65347.164000000004,535252.6094,
2026-07-14T06:59:50,419643.9164,244239.252,843814.9113,
2026-07-14T08:42:38,604200.9005,266478.1752,855754.9504,
2026-07-14T11:05:26,1039561.7326999999,319637.1027,1288706.5339,
2026-07-14T12:40:40,1125826.49,421649.464,1630454.8341,
2026-07-14T14:19:44,961851.0612,380364.8586,1760961.7093,
2026-07-14T15:48:12,1024421.6323,458854.6663,2071396.6269,
2026-07-14T17:17:21,892209.5176,495998.703,2190438.05,
2026-07-14T18:15:32,933047.2409,524123.2893,2199877.5474,
2026-07-14T19:13:49,915497.4936,547702.4342,2073275.3879,
2026-07-14T20:07:01,653480.6731,521183.0529,1908736.3184,
2026-07-14T23:35:44,346487.5128,173356.5982,1517169.8525,
2026-07-15T02:29:58,140188.7205,64550.3282,1064292.2407,
2026-07-15T05:23:45,64285.7645,63033.369,867677.009,
2026-07-15T07:50:10,371133.1989,256468.2492,1086133.3037,
2026-07-15T10:10:42,867364.6444,328569.5702,1411958.159,
2026-07-15T11:51:10,927981.3979,414450.3097,1834328.8165,
2026-07-15T13:40:07,900012.3889,476158.8723,1913598.4922,
2026-07-15T15:39:00,864721.6017,525154.0186,2051654.429,
2026-07-15T17:17:43,1081042.7419,600871.5953,2208943.5636,
2026-07-15T18:16:32,1119967.6392,650627.2868,2266901.3577,
2026-07-15T19:15:16,1083138.1806,627878.1045,2351875.1448,
2026-07-15T20:11:48,864228.3959,539443.782,2186406.3654,
2026-07-15T23:38:03,480536.46369999996,132834.1376,1796433.6788,
2026-07-16T02:32:30,164681.2601,50184.2759,1218854.7984,
2026-07-16T05:30:06,80535.7548,45081.0884,1062702.9921,
2026-07-16T07:56:53,464679.14519999997,310863.5793,1471463.5828,
2026-07-16T10:24:03,918059.3108,319350.7516,1509254.9276,
2026-07-16T12:43:22,1165620.2986,506332.7987,1715978.1886,
2026-07-16T14:22:17,967786.3879,478041.4201,1803015.3107,
2026-07-16T16:13:05,931190.7376,511921.1246,1850960.2568,
2026-07-16T17:17:09,887730.3402,500679.2928,1968504.3212,
2026-07-16T18:18:15,783823.8401,497478.0513,2044001.6728,
2026-07-16T19:14:46,665096.6357,480243.8651,1815942.1938,
2026-07-16T20:14:38,563578.8636,420917.491,1682460.1197,
2026-07-16T23:38:40,397083.5558,94602.3415,1289458.781,
2026-07-17T02:29:46,182462.4729,46002.7822,917492.2876,
2026-07-17T05:23:47,117599.9785,60487.496100000004,890889.5151,
2026-07-17T07:43:03,506572.5279,311565.3953,1211843.1193,
2026-07-17T10:04:28,890322.6691,318618.5995,1350098.4098,
2026-07-17T11:40:57,1010365.8225,385393.651,1576323.307,
2026-07-17T13:33:14,990929.3398,468496.6358,1770636.0433,
2026-07-17T15:34:20,947694.4629,415052.7518,2138109.7594,
2026-07-17T17:10:02,1018140.9162,418043.9989,2188875.4177,
2026-07-17T18:09:02,948099.2893,501325.9356,2254619.2039,
2026-07-17T19:10:12,876577.5407,516372.4844,2315357.6166,
2026-07-17T20:10:46,803578.9532999999,474956.1941,2057156.1625,
2026-07-17T23:32:49,492502.7627,162429.5906,1584745.9077,
2026-07-18T02:20:33,138439.3791,67848.6641,1111993.6116,
2026-07-18T04:13:36,142945.1121,25666.483500000002,900322.8805,
2026-07-18T05:47:34,82690.22290000001,36673.4157,925002.5658,
2026-07-18T07:20:42,304505.9568,255376.7012,1212339.1378,
2026-07-18T09:49:53,770952.2742,450764.0296,1547309.2047000001,
2026-07-18T11:16:42,756737.1023,448647.8635,1781025.1963,
2026-07-18T12:12:51,854387.7868,516371.9052,1969904.3715000001,
2026-07-18T13:16:28,950763.6953,525052.4282,2141887.0912,
2026-07-18T14:10:09,862473.9682,502842.7648,2106196.9414,
2026-07-18T15:32:49,907800.1546,484450.054,2097969.8494,
2026-07-18T17:07:51,829022.6041,470452.8023,2268704.7859,
2026-07-18T18:09:59,834228.2755999999,412452.4905,2257554.9489,
2026-07-18T19:12:29,765378.1079,384331.9388,2167535.553,
2026-07-18T20:11:52,794406.9899,352156.8827,2158081.2904,
2026-07-18T23:54:43,310973.2252,120596.24620000001,1764768.058,
2026-07-19T02:45:08,193103.8298,70169.6296,1393720.3598,
2026-07-19T05:19:26,139296.39549999998,60782.3683,1231712.6215,
2026-07-19T06:46:57,238970.3674,200475.0986,1498719.2618,
2026-07-19T08:09:16,447930.0878,296383.4394,1635902.6595,
2026-07-19T09:54:18,415963.372,229750.8429,1522476.3716,
2026-07-19T11:16:44,308729.01050000003,160747.263,1296108.4103,
2026-07-19T12:12:20,260950.4107,159553.281,1265104.2443,
2026-07-19T13:17:30,233088.9996,160602.4103,1235485.3564,
2026-07-19T14:10:20,205021.8055,137151.9834,1179462.6281,
2026-07-19T15:33:45,210194.8642,137659.5152,1118508.5586,
2026-07-19T17:09:36,213312.126,138233.256,1015261.7908,
2026-07-19T18:11:27,193149.303,123647.871,1002656.6587,
2026-07-19T19:13:43,182004.9952,117583.04000000001,961108.1406,
2026-07-19T20:14:00,177530.4012,101123.7931,893563.1779,
2026-07-20T00:06:24,50858.0439,11055.0597,623792.8743,
2026-07-20T03:30:35,7584.5338,5000.0,477106.3742,
2026-07-20T07:15:26,153588.3294,171305.727,808988.7545,
2026-07-20T09:19:29,374916.6699,205003.0934,1033475.3719,
2026-07-20T11:25:06,676013.0329999999,236876.442,1122459.1651,
2026-07-20T14:21:32,794496.2212,261481.7773,1176626.793,
2026-07-20T16:43:12,1109448.2989,305550.2391,1366450.9165,
2026-07-20T18:16:22,1114336.9135,317646.6178,1569188.8509,
2026-07-20T19:16:54,1035579.2513,318504.2957,1610460.1132,
2026-07-20T20:11:05,934983.9112,351276.6013,1600459.4274,
2026-07-20T23:46:27,758124.4195,333190.8522,1531590.4747,
2026-07-21T02:43:10,690383.9451,320004.2958,1498429.8332,
2026-07-21T05:41:28,663104.9945,316006.9742,1464483.2267,
2026-07-21T08:02:03,660267.7371,289670.21869999997,1371864.183,
2026-07-21T10:22:57,852223.0633,295146.5897,1498818.5265,
2026-07-21T12:43:14,1050244.2902,399311.1051,1660221.6472,
2026-07-21T14:42:31,1112332.4414,371960.6884,1745250.7293,
2026-07-21T16:38:37,1127950.4275,424270.5854,1871566.5256,
2026-07-21T18:14:02,1107171.0703,451407.3881,2000117.9885,
2026-07-21T19:13:54,1100935.8821,451935.8506,1909643.5685,
2026-07-21T20:07:59,1003166.9414,438600.0807,1924856.6358,
2026-07-21T23:46:58,851982.2801,394337.4728,1888604.247,
2026-07-22T02:44:44,791396.7908,385009.2536,1858855.465,
2026-07-22T05:41:00,764778.0824,377392.9863,1818638.223,
2026-07-22T08:06:19,855566.7509,393038.9698,1661372.956,
2026-07-22T10:23:02,967273.048,404000.5393,1987173.4323,
2026-07-22T12:46:44,1186971.9815,527553.981,2097311.8139,
2026-07-22T14:25:40,970215.213,482709.5588,1943995.0875,
2026-07-22T16:22:42,931986.3776,530933.9338,1920584.5488,
2026-07-22T18:18:56,917016.4408,491446.2296,1910318.9509,
2026-07-22T19:19:15,837275.6807,461484.8636,1829581.4807,
2026-07-22T20:18:12,768836.257,446892.7895,1787072.2777,
2026-07-22T23:46:42,752687.6101,424523.3789,1835741.3048,
2026-07-23T02:42:27,733564.6911,414912.7807,1802221.8973,
2026-07-23T05:37:41,724669.3304,413084.2087,1776500.7359,
2026-07-23T08:05:03,782884.0492,415471.1202,1699966.6667,
2026-07-23T10:33:04,858329.4749,471894.4858,1862911.8497,
2026-07-23T12:47:47,849829.8644,448451.3702,1895945.1415,
2026-07-23T14:39:51,820551.9514,474216.6401,1874974.6305,
2026-07-23T16:22:28,917823.5926,504653.37200000003,1906380.1776,
2026-07-23T18:17:35,981860.0827,457836.3262,1871220.5701,
2026-07-23T19:13:34,996087.8439,462285.2474,1825125.8437,
2026-07-23T20:12:37,1005158.7786,445884.1636,1715802.1978,
2026-07-23T23:45:02,938136.0997,407425.101,1534352.0175,
2026-07-24T02:41:01,825564.0964,405524.3386,1563491.2428,
2026-07-24T05:36:06,721901.5485,404920.8986,1536930.6099,
2026-07-24T07:57:31,769345.6069,396144.9619,1462373.8495,
2026-07-24T10:13:28,850493.2106,436903.93,1780572.726,
2026-07-24T11:46:10,951813.7262,473264.9151,2026593.1915,
2026-07-24T13:53:40,881947.1576,472662.2344,2143908.3367,
2026-07-24T15:47:25,932151.0304,532809.399,2145290.8406,
2026-07-24T17:22:45,986488.5282000001,542502.2011,2063283.4573,
2026-07-24T19:18:33,995819.1115,541834.4818,1850662.4277,
2026-07-24T20:17:39,1050168.6509,523702.2611,1766837.1379,
2026-07-24T23:40:24,1000271.3445,526548.6286,1751565.8315,
2026-07-25T02:30:49,1073263.7297,567375.8536,1702943.8717,
2026-07-25T05:13:54,1024166.8678,564305.6058,1678505.9206,
2026-07-25T06:46:49,1001130.4751,562545.2403,1652798.1143,
2026-07-25T08:11:43,996011.0649,585593.9974999999,1580247.3536,
2026-07-25T10:04:19,1354839.3658,647850.3794,1628133.0487,
2026-07-25T11:21:16,1373053.5464,673650.8922,1891469.8191,
2026-07-25T13:16:31,1387808.0473,799238.1552,2178421.8702000002,
2026-07-25T14:10:24,1312746.4962,768048.264,2106533.7225,
2026-07-25T15:36:34,1223181.5839,798882.0715,2250399.2523,
2026-07-25T17:10:24,1140398.8886,814263.9329,2284090.98,
2026-07-25T18:11:48,1155454.0091,783787.2871,2167607.8015,
2026-07-25T19:14:06,1192931.6495,779043.7032,2129113.0951,
2026-07-25T20:15:23,1128815.325,746632.5436,2068538.5472,
2026-07-25T23:56:11,1144542.3902,705271.143,2026208.9144,
2026-07-26T02:51:16,1101961.2894,692034.1321,1980651.0078,
2026-07-26T05:25:43,1074760.8095,683256.585,1955580.276,
2026-07-26T07:39:07,1063400.3867,684867.4318,1888342.6552,
2026-07-26T09:57:09,989227.0866,601147.1368,1840147.0933,
2026-07-26T11:22:10,994357.7023,557763.7686,1739707.5023,
2026-07-26T13:16:40,959466.4707,518930.6356,1612393.9681,
2026-07-26T14:14:13,935028.3827,499606.0859,1560657.4131,
2026-07-26T15:35:41,919148.4482,477352.2455,1504533.3024,
2026-07-26T17:13:40,895753.9001,447446.0529,1508108.5426,
2026-07-26T18:14:36,882740.1781,437470.0322,1457696.251,
2026-07-26T19:13:52,875837.5034,427224.8422,1491025.6961,
2026-07-26T20:14:00,886539.5062,418231.3766,1448513.9165,
2026-07-27T00:03:36,848799.6117,411694.99330000003,1374653.8148,
2026-07-27T03:51:57,843717.0144,411189.6657,1357762.3090000001,
2026-07-27T07:39:21,857250.1114,403547.249,1311055.7863,
2026-07-27T11:14:28,1006673.558,401213.4819,1475312.5392,
2026-07-27T13:09:57,996076.0687,458435.5266,1569951.5752,
2026-07-27T14:50:29,1087693.2855,495223.26410000003,1609743.7562,
2026-07-27T16:45:45,1068774.4225,540122.019,1561045.6678,
2026-07-27T18:19:36,1071648.1099,529686.6482,1542906.8408000001,
2026-07-27T19:31:06,1065619.3975,543824.845,1508633.1514,
2026-07-27T23:36:17,1066131.0239,503440.08509999997,1508635.7268,
2026-07-28T02:42:08,958247.2104,514413.3039,1469545.1761999999,24000.0
2026-07-28T05:50:08,920133.2781,506397.3367,1441065.6543,
2026-07-28T08:14:33,962417.3537,482247.7384,1441728.7735,
2026-07-28T10:38:32,1046561.2923,510277.1998,1627636.6603,
2026-07-28T12:52:36,1073807.3333,605390.6191,1795711.9767,
2026-07-28T14:47:19,1105731.7562,643836.7704,1803339.8583,
2026-07-28T16:36:56,1022686.4559,679469.0234,1740860.7114,24000.0
2026-07-28T18:19:52,1010295.1875,666910.0898,1739347.5885,24000.0
2026-07-28T19:19:43,1047627.2401,649631.5559,1698039.6664,
2026-07-28T20:13:43,998622.1657,635120.0733,1638650.4886,
2026-07-28T23:39:47,983650.1415,580556.8642000001,1529518.5162,
2026-07-29T02:47:14,942649.8295,565142.6015,1578145.6037,
2026-07-29T05:52:00,925798.885,562752.1977,1547210.8399,
2026-07-29T08:21:50,998073.9839999999,542479.7736,1596147.044,
2026-07-29T11:22:05,1076880.4738999999,625339.2014,1777485.2486999999,
2026-07-29T13:39:55,958790.9032,612018.9227,1787934.7756,
2026-07-29T15:44:36,1058665.5381,632821.0192,1863625.6618000001,24000.0
2026-07-29T17:16:08,1133974.6754,545445.6634,1487240.3555,24000.0
2026-07-29T18:14:49,1126638.0221,610105.1403,1865734.5346,
2026-07-29T19:16:09,1168286.1872,586443.1869,1871748.1369,
2026-07-29T20:13:00,1120185.2819,573601.9198,1873281.316,
2026-07-29T23:29:20,1113201.1386,550138.995,1805096.0004,
2026-07-30T02:42:50,1027853.4647,540833.6989,1785209.8507,
2026-07-30T05:43:44,1025405.4858,534380.8152,1752157.2187,
2026-07-30T08:07:36,1037032.1741,512985.1543,1676409.7295,
2026-07-30T10:32:23,1231567.835,548610.2987,1880491.275,
2026-07-30T12:50:27,1165259.3275,574368.2596,1779514.0691,
2026-07-30T14:47:09,1054981.9123,561652.0219,1653391.82,
2026-07-30T16:37:27,1093787.7582,660745.0706,1600021.8988,
2026-07-30T18:20:20,1174662.7811,778710.6571,1549336.766,
2026-07-30T20:17:10,1083408.8243,803394.5388,1469132.5238,
2026-07-30T23:53:23,1031249.1333,720881.2976,1407600.3039,24000.0
2026-07-31T03:16:20,988889.4137,705670.2851,1377889.1835,
2026-07-31T05:54:54,956753.3999,695749.4466,1364307.4507,
2026-07-31T08:18:12,1022024.336,708885.1324,1351809.4221,
2026-07-31T10:38:30,1136044.5556,731340.4838,1495404.2355,
2026-07-31T12:59:16,1069566.8138000001,743728.9465,1482532.7926,
2026-07-31T14:48:42,1098777.4321,781192.4565,1538969.4265,
2026-07-31T16:39:40,1051465.0614,674110.0052,1598279.9297,
2026-07-31T18:18:05,1127999.063,696070.3517,1582116.5942,
2026-07-31T19:19:12,1122727.6649,679209.8994999999,1623050.8462,
2026-07-31T20:14:48,1077507.0174,672338.8009,1572485.7560999999,
2026-07-31T23:51:20,1162068.7272,643274.4547,1587687.6151,24000.0
2026-08-01T02:43:29,1134042.5016,630849.4478,1567576.6040999999,
2026-08-01T05:23:03,1104861.5683,629663.5253,1544840.1706,
2026-08-01T07:37:05,1169410.665,625105.5885,1507694.1678,
2026-08-01T09:55:16,1197138.1769,614937.4781000001,1478795.8466,
2026-08-01T11:20:36,1198718.0937,650384.0091,1505807.1477,30000.0
2026-08-01T12:17:58,1162015.9858,647564.9132,1580698.1568,30000.0
2026-08-01T13:18:08,1172143.3784,680542.0176,1599342.6061,
2026-08-01T14:14:29,1216036.8978,672150.7387,1710473.9565,
2026-08-01T15:34:42,1181907.4872,700177.0932,1641273.3858999999,
2026-08-01T17:11:26,1113901.5147,704875.7632,1635244.3493,
2026-08-01T18:12:55,1129797.0898,678837.223,1599596.7313,
2026-08-01T19:12:46,1299924.2644,696556.753,1533017.3681,
2026-08-01T20:14:16,1280828.3079,679072.1191,1481081.78,
2026-08-01T23:55:21,1412000.2026,720296.8136,1591848.4716,
2026-08-02T02:49:48,1259249.6753,705216.6674,1529302.3505,24000.0
2026-08-02T05:22:57,1181265.9145,695646.7807,1504798.2114,
2026-08-02T07:37:03,1180088.8825,691670.74,1432958.1633,
2026-08-02T09:55:48,1083741.0088,635583.3583,1271136.6033,
2026-08-02T11:21:38,1035073.4854,597134.1955,1168181.879,
2026-08-02T13:16:17,1001202.4776,561975.5271,1088632.5019,
2026-08-02T14:14:08,1004296.0787,549506.7088,1083601.8864,
2026-08-02T15:35:45,1007623.7492,521668.23099999997,1032082.4017,
2026-08-02T17:12:43,988002.325,503821.932,969901.5662,
2026-08-02T18:12:01,985983.8663999999,493900.3422,939870.4058,
2026-08-02T19:12:22,983177.617,483808.8531,911551.4918,
2026-08-02T20:14:06,980466.1072,475371.9962,990032.9617,
2026-08-02T23:55:29,964622.4477,463065.9709,970795.6663,
2026-08-03T03:47:33,962408.5267,461290.2583,962740.5473,
2026-08-03T07:45:53,972603.3413,453290.52,948382.6446,
2026-08-03T11:17:03,1043772.4398,497316.7605,1175441.9731,
2026-08-03T13:21:52,1294048.2979000001,550628.2771,1212659.4451,
2026-08-03T15:59:08,1295208.8556,551926.0649,1347875.6246,
2026-08-03T17:23:09,1271059.4578,577879.2940999999,1321346.9797,
2026-08-03T19:21:29,1188475.8719,595900.4511,1209023.4523,30000.0
2026-08-03T23:37:52,1076195.7684,568558.6935,1086626.302,24000.0
2026-08-04T02:42:06,1085815.2687,563673.1674,1060069.6865,
2026-08-04T05:52:35,1115195.5706,560032.342,1041055.8929,
2026-08-04T08:20:30,1242360.4787,544699.2497,986078.1124,
2026-08-04T10:44:27,1378846.5847,605863.9239,1006576.2664,30000.0
2026-08-04T13:13:20,1235871.7518,626648.4069000001,1082760.0091,
2026-08-04T14:53:38,1207777.3212,684032.1521,1144706.526,
2026-08-04T16:44:26,1197720.3134,653522.7019,1055003.7503,24000.0
2026-08-04T18:24:09,1164609.5372,672538.5357,1013690.3747,24000.0
2026-08-04T20:18:57,1226205.6955,632897.6095,991582.651,
2026-08-04T23:35:13,1176040.099,590156.4964,1052328.3831,
2026-08-05T02:43:22,1169594.8175,573018.6552,1057060.5157,
2026-08-05T05:50:42,1199274.5935,575476.3114,1060757.9575,
2026-08-05T08:17:40,1296075.6023,542647.7994,1109200.9118000001,
2026-08-05T10:36:45,1376341.4093,537596.9458,1336473.3704000001,24000.0
2026-08-05T12:54:52,1366006.1644000001,624611.1603,1392207.1193,54000.0
2026-08-05T14:51:20,1211078.8997,646955.946,1400856.1061,30000.0
2026-08-05T16:41:56,1417341.4857,710452.1405,1387502.6314,24000.0
2026-08-05T18:23:27,1426851.9374,713690.5007,1283543.9273,24000.0
2026-08-05T20:14:27,1392513.8795999999,732990.5071,1191259.2989,
2026-08-05T23:37:24,1293504.6193,675876.7903,1047449.0597,
2026-08-06T02:47:14,1312670.8969999999,680121.1238,1023411.1383999999,
2026-08-06T05:53:28,1354354.3114,675592.6037,1066334.8255,
2026-08-06T08:20:05,1385997.5658,602878.3271,1166706.4439,
2026-08-06T10:39:39,1396942.5889,609205.932,1099202.2082,
2026-08-06T20:47:29,1050298.8362,487306.9665,1031838.2734000001,
2026-08-07T00:07:08,1036748.49,506393.0899,1135758.2975,
2026-08-07T01:52:11,1035372.95,505437.2923,1106437.6075,
2026-08-07T03:43:16,1035270.91,504145.946,1092972.7633,
2026-08-07T05:17:46,1032735.7527,503691.3757,1080677.7181,
2026-08-07T06:13:57,1100011.3123,502984.4268,1115330.5986,
2026-08-07T07:09:47,1138764.136,499530.146,1123992.737,
2026-08-07T07:58:59,1137740.9861,507385.9519,1147387.1261,
2026-08-07T09:40:19,1133095.2925,491621.4496,1160016.6847,
2026-08-07T11:11:27,1108356.3349,519450.7264,1233892.7842,
2026-08-07T12:11:22,1150516.6548,532375.4963,1261682.5755,
2026-08-07T13:08:55,1232672.3077,541741.5551,1233298.2333,
2026-08-07T14:03:23,1214230.1786,558283.9193,1173010.841,
2026-08-07T15:16:49,1173770.567,554932.8327,1149892.4224,
2026-08-07T16:01:43,1157855.163,632651.9310999999,1152759.5606,
2026-08-07T17:00:19,1113475.2137,598676.8355,1075519.7941,
2026-08-07T17:57:25,1105894.5018,571303.7866,1040076.1498,
2026-08-07T18:57:48,1102997.3419,542186.0068,1019444.791,
2026-08-07T19:49:52,1088791.3452,519711.7181,1043365.892,
2026-08-07T22:22:31,1038800.4448,490588.0543,987564.261,
2026-08-08T00:23:05,1058147.0738000001,496880.654,967566.1538,
2026-08-08T01:59:33,1073241.4838,492848.4303,966961.6048,
2026-08-08T03:16:08,1073210.8738,491764.1243,974641.1611,
2026-08-08T04:01:51,1073210.8738,490900.0485,973280.3103,
2026-08-08T05:01:49,1072125.1596000001,489640.5213,970431.1931,
2026-08-08T05:56:28,1071553.7229,488495.7492,966534.5815,
2026-08-08T06:52:52,1075351.6949,484322.9395,957411.5545,
2026-08-08T07:43:51,1130023.3323000001,489815.2362,963184.4378,
2026-08-08T09:14:01,1183162.7038,518068.6213,983972.9699,
2026-08-08T09:58:27,1208525.2911,519459.79349999997,1026588.3067,24000.0
2026-08-08T10:52:12,1288872.956,547188.0346,1113678.1968,24000.0
2026-08-08T11:47:28,1274164.0151,558141.2272,1210218.0717,24000.0
2026-08-08T12:53:02,1263275.5817,560463.9815,1292346.8278,54000.0
2026-08-08T13:48:08,1298317.694,594181.8650999999,1292214.1251,30000.0
2026-08-08T15:00:22,1259013.1089,607757.5189,1341222.679,
2026-08-08T15:46:03,1329407.0882,680760.0906,1330918.5957,
2026-08-08T16:50:00,1376236.2237,707178.6724,1370757.4027,
2026-08-08T17:47:32,1262639.609,682884.9685,1387594.5939,
2026-08-08T18:48:15,1223325.686,668650.2723,1351628.5817,
2026-08-08T19:47:00,1167623.5883,631085.7612,1404439.9636,
2026-08-08T22:30:19,1229003.6065,572995.2599,1493928.8608000001,
2026-08-09T00:38:39,1210964.9447,549654.7391,1482348.0585,
2026-08-09T01:59:59,1202624.464,542192.1365,1466150.5019,
2026-08-09T03:17:39,1198102.1307,537331.2673,1455795.3506,
2026-08-09T04:04:35,1197313.7912,534435.3111,1451884.9387,
2026-08-09T05:03:35,1195978.7246,530733.8704,1441895.3242,
2026-08-09T05:57:41,1209683.5028,526025.778,1428205.0426,
2026-08-09T06:54:53,1167199.4353,508568.5103,1408496.3181,
2026-08-09T07:46:41,1218033.0757,496284.5655,1394204.5099,
2026-08-09T09:17:45,1129269.8471,472910.8734,1342837.8672,
2026-08-09T10:00:50,1091022.0302,460939.4211,1338138.8871,
2026-08-09T10:54:30,1063007.5381,447445.5482,1252743.4672,
2026-08-09T11:48:37,1051363.5423,434860.36579999997,1201167.7264,
2026-08-09T12:55:43,1050460.9102,422443.3225,1141023.1717,
2026-08-09T13:48:58,1039592.5158,414853.6923,1107069.2194,
2026-08-09T15:02:30,1029124.001,405681.161,1082754.0139,
2026-08-09T15:50:20,1035381.3911,400978.5544,1089522.7834,
2026-08-09T16:53:57,1027535.6995,395582.0811,1073441.989,
2026-08-09T17:49:18,1031387.869,391675.8643,1035250.0703,
2026-08-09T18:51:56,1027591.0998,385675.2329,988820.9629,
2026-08-09T19:47:46,1024561.4664,382081.6614,961763.3069,
2026-08-09T22:35:29,1002325.4234,374828.2426,915423.0787,
